id,name,has_exact_match,Coles_ID,Woolies_ID
1,1000hour Eyelashes & Brow Dye Kit Dark Brown Each,TRUE,2015370,741293
2,1000hour Instant Brows Brush On Clear,TRUE,6611448,104744
3,18 Degrees Artisan Crackers Pepita & Linseed,TRUE,6163642,270671
4,18 Degrees Cranberry & Oat Crackers With Maple & Apricot,TRUE,6163664,229770
5,18 Degrees Oat Crackers Hazelnut,TRUE,2791621,289908
6,18 Degrees Oat Crackers Walnut,TRUE,2791574,289839
7,18 Degrees Parmesan & Oat Crackers,TRUE,6163675,229771
8,18 Degrees Parmesan Oat Crackers,TRUE,3737031,61410
9,18 Degrees Walnut & Oat Crackers,TRUE,6163620,231187
10,25 Degree South Baby Spinach & Fetta Ravioli Pasta 325g,TRUE,5152833,214829
11,25 Degree South Native Pumpkin Ricotta Ravioli Pasta 325g,TRUE,4274733,214783
12,25 Degree South Prosciutto & Ricotta Ravioli 325g,TRUE,6399591,852147
13,25 Degree South Victorian Three Cheese Ravioli Pasta 325g,TRUE,4274744,213120
14,3m Claw Dry Wall Hanger 11kg,TRUE,4868590,226005
15,3m Claw Dry Wall Hanger 7kg,TRUE,4868589,226004
16,3m Command Picture Hanging Strips Large Black Each,TRUE,9894280,783521
17,3m Command Picture Hanging Strips Medium Value Pack 8 Pairs,TRUE,4868647,759850
18,3m Particulate Respirator Mask,TRUE,4722460,179757
19,4 Pines Ultra Low Alcohol 0.5% Beer Cans Multipack 375ml X 4 Pack,TRUE,5487332,216877
20,5gum Blueberry Sugar Free Gum 12pc 32g,TRUE,3696717,75763
21,5gum Watermelon Burst Sugar Free Gum 12pc 32g,TRUE,3696706,75764
22,5gum Watermelon Burst Sugar Free Gum 3pk 96g,TRUE,3731975,142977
23,A2 Milk Full Cream 3l,TRUE,3186175,797407
24,A2 Milk Full Cream Uht Milk 1l,TRUE,4873250,207328
25,Abbott's Bakery Dark Rye Sandwich Slice Bread Loaf 700g,TRUE,3580155,51639
26,Abbott's Bakery Gluten Free Sourdough Grains & Seeds Bread Slice Loaf 500g,TRUE,4406109,164819
27,Abbott's Bakery Harvest Seeds & Grains Sandwich Slice Bread Loaf 750g,TRUE,7534885,341277
28,Abbott's Bakery Light Rye Sandwich Slice Bread Loaf 680g,TRUE,7226023,331602
29,Abbott's Bakery Rustic White Sandwich Slice Bread Loaf 700g,TRUE,3237185,690672
30,Abbott's Bakery Sourdough White 760g,TRUE,6420585,289456
31,Abc Kecap Manis Sweet Soy Sauce 275ml,TRUE,9756108,720977
32,Abe's Bagels Blueberry Bagels 4 Pack,TRUE,7111928,682573
33,Abe's Bagels Brioche Bagels 4 Pack,TRUE,6415213,298548
34,Abe's Bagels Natural Bagels 360g X 4 Pack,TRUE,2901978,270580
35,Abe's Bagels Sesame Seed Bagels 360g X 4 Pack,TRUE,2901989,270583
36,Abe's Low Carb Bagels 360g,TRUE,4984648,201815
37,Actizyme Drain Cleaner Safe Pellet Natural 450g,TRUE,5673472,48130
38,Advil Tablets 200mg Ibuprofen Pain & Fever Relief 24 Pack,TRUE,4515126,225788
39,Aerogard Home Crawling-insect Spray 300ml,TRUE,7129887,385982
40,Aerogard Insect Repellent 40% Deet 300g,TRUE,2470231,900323
41,Aerogard Odourless Insect Repellent Spray 300g,TRUE,7023230,330391
42,Aerogard Tropical Strength Insect Repellent Roll On 50ml,TRUE,3849137,22207
43,Aerogard Tropical Strength Insect Repellent Spray 150g,TRUE,61253,10703
44,Aerogard Tropical Strength Insect Repellent Spray 300g,TRUE,7023183,330394
45,Aeroplane Creamy Mousse Mix Chocolate Flavour 65g,TRUE,3730178,661997
46,Aeroplane Jelly Lite Grape Flavour Low Calorie Jelly Crystals 2x9g,TRUE,6353138,240383
47,Aeroplane Jelly Lite Lime Flavour Low Calorie Jelly Crystals 2x9g,TRUE,5519020,5669
48,Aeroplane Jelly Lite Mango Passionfruit Low Calorie Jelly Crystals 2x9g,TRUE,7685097,348802
49,Aeroplane Jelly Lite Orange Mango 2x9g,TRUE,5519009,5678
50,Aeroplane Jelly Lite Raspberry Flavour Low Calorie Jelly Crystals 2x9g,TRUE,5743590,36721
51,Aeroplane Jelly Lite Strawberry Flavour Low Calorie Jelly Crystals 2x9g,TRUE,5519010,5665
52,Aeroplane Jelly Lite Vanilla Berry Low Calorie Jelly Crystals 2x9g,TRUE,8564940,380903
53,Aeroplane Jelly Lite Watermelon Flavour Low Calorie Jelly Crystals 2x9g,TRUE,6353116,240465
54,Aeroplane Original Berry Blue Flavoured Jelly 85g,TRUE,5521500,6086
55,Aeroplane Original Green Apple Flavoured Jelly 85g,TRUE,6353091,178200
56,Aeroplane Original Lemon Flavoured Jelly 85g,TRUE,5340152,310378
57,Aeroplane Original Lime Flavoured Jelly 85g,TRUE,5340130,6092
58,Aeroplane Original Mango Flavoured Jelly 85g,TRUE,5519596,59407
59,Aeroplane Original Orange Flavoured Jelly 85g,TRUE,5340141,6081
60,Aeroplane Original Port Wine Flavoured Jelly 85g,TRUE,5340120,6082
61,Aeroplane Original Purple Grape Flavoured Jelly 85g,TRUE,7411615,327942
62,Aeroplane Original Raspberry Flavoured Jelly 85g,TRUE,5340108,6094
63,Aeroplane Original Watermelon Flavoured Jelly 85g,TRUE,6353080,178328
64,Aeroplane Ready To Eat Jelly Cup Snack Blackcurrant Flavour 120g,TRUE,1389375,518053
65,Aeroplane Ready To Eat Jelly Cup Snack Pineapple Flavour 120g,TRUE,2738108,518052
66,Aeroplane Ready To Eat Jelly Cup Snack Raspberry Flavour 120g,TRUE,1389364,754521
67,Aeroplane Ready To Eat Jelly Cup Snack Strawberry Flavour 120g,TRUE,1389353,754498
68,Ainsley Harriott Couscous Moroccan Medley 100g,TRUE,7448604,342669
69,Air Wick Botanica Cypress & Guava Air Freshener Room Spray 236ml,TRUE,6133186,271874
70,Air Wick Botanica Frangrance Refills Jasmine & Cinnamon 2 Pack,TRUE,6133142,545903
71,Air Wick Botanica French Lavender Air Freshener Room Spray 236ml,TRUE,3721279,84604
72,Air Wick Botanica Vanilla & Magnolia Automatic Air Freshener 224ml,TRUE,6133233,264159
73,Air Wick Country Vanilla Carpet Deodoriser & Freshener 500g,TRUE,6120231,59297
74,Air Wick Eucalyptus & Freesia Air Freshener Room Spray 236ml,TRUE,3963915,141257
75,Air Wick Frangipani & Mango Air Freshener Spray 237g,TRUE,1182876,706222
76,Air Wick Fresh Dew & Jasmine Air Freshener Room Spray 236ml,TRUE,3963890,139074
77,Air Wick Lavender Air Freshener Spray 237g,TRUE,1182956,706072
78,Air Wick Pure Cherry Blossom Plug-in Diffuser 19ml,TRUE,3411056,816968
79,Air Wick Raspberry & Lime Air Freshener Room Spray 236ml,TRUE,4883458,191783
80,Air Wick Vanilla Air Freshener Spray 237g,TRUE,3963799,706047
81,Air Wick Vipoo Fruity Pin Up Toilet Spray 55ml,TRUE,3041300,552526
82,Ajax Bathroom Cleaner Disinfectant Trigger 500ml,TRUE,4939858,247136
83,Ajax Disinfectant Multipurpose Lemon Trigger 500ml,TRUE,5003174,215114
84,Ajax Eco Antibacterial Disinfectant Cleaning Wipes Lemon,TRUE,3741800,852031
85,Ajax Eco Antibacterial Disinfectant Cleaning Wipes Vanilla,TRUE,3741844,852032
86,Ajax Floor Cleaner Baking Soda 750ml,TRUE,455452,211798
87,Ajax Floor Cleaner Diving Blends 750ml,TRUE,2747299,557986
88,Ajax Luxury Home Cleaning Wipes Exotic Bergamot & Vanilla Bean 110 Pack,TRUE,7990986,308718
89,Ajax Professional Kitchen Cleaner Trigger 500ml,TRUE,1974036,778259
90,Ajax Spray & Wipe Bathroom Cleaner Trigger 500ml,TRUE,2478313,339362
91,Ajax Spray & Wipe Glass Cleaner Trigger Spray 500ml,TRUE,4410751,224641
92,Ajax Spray & Wipe Lemon Citrus Refill 750ml,TRUE,5012437,48166
93,Ajax Spray & Wipe Multipurpose Baking Soda 500ml,TRUE,9891566,204831
94,Ajax Spray & Wipe Multipurpose Lavendar Citrus Trigger 500ml,TRUE,4397165,224643
95,Ajax Spray & Wipe Multipurpose Lemon Citrus Trigger 500ml,TRUE,7432411,339361
96,Ajax Spray N Wipe Divine Blends Cleaner Trigger 475ml,TRUE,3059848,654495
97,Alka Power Alkaline Water 1.5l Bottle,TRUE,3528712,507997
98,All Day Socks Mens Black Size 7-10 2 Pack,TRUE,2208374,748817
99,All Natural Bakery Bars Oat Slice Yog Almond & Apricot 100g,TRUE,7398379,380715
100,All Natural Bakery Bars Slice Oat Fruit & Nut 100g,TRUE,7398426,192179
101,All Natural Bakery Oat Slice 100g,TRUE,3582966,802971
102,Allendale Pantyhose Statique Spray 150ml,TRUE,301754,42687
103,Allen's Black Cats Lollies 170g,TRUE,3850282,85282
104,Allen's Butter-menthol Throat Lozenge 3 Pack,TRUE,5096459,2867
105,Allen's Cheekies Lollies 190g,TRUE,3990736,307678
106,Allen's Freckles Family Bag Lollies 340g,TRUE,1895381,362490
107,Allen's Frogs Alive Lollies Bag 190g,TRUE,5196806,307692
108,Allen's Jelly Beans Lollies Bag 190g,TRUE,5196840,307685
109,Allen's Killer Python Jelly Lolly Bag 192g,TRUE,2090900,797937
110,Allen's Mad About Teeth Lollies,TRUE,3981000,206198
111,Allen's Minties Mint Chew Lollies Bag 150g,TRUE,1385115,213965
112,Allen's Party Mix Lollies Bag Variety 190g,TRUE,5196850,307681
113,Allen's Pineapples Jelly Lollies Bag,TRUE,2211186,409334
114,Allen's Ripe Raspberries Lollies Bag 190g,TRUE,3179497,307975
115,Allen's Sourz Party Animals Lollies,TRUE,5466332,231537
116,Allen's Strawberry & Cream Lollies Bag 190g,TRUE,5196839,307689
117,Alpecin Caffeine Shampoo 250ml,TRUE,3053422,927489
118,"Always Discreet 3 In 1 Dryness, Comfort, Odour Control Long Pads 20 Pack",TRUE,5083050,230384
119,Always Discreet Incontinence Liners Long Plus 20 Pack,TRUE,3757108,97280
120,Always Discreet Incontinence Pads Long 10 Pack,TRUE,3757196,99287
121,Always Discreet Incontinence Pads Normal 12 Pack,TRUE,3757174,99043
122,Always Discreet Incontinence Underwear Super Night Pant L 8 Pack,TRUE,4227573,164580
123,Always Discreet Incontinence Underwear Super Night Pant M 9 Pack,TRUE,4228099,164663
124,Always Fresh Artichoke Hearts 400g,TRUE,132475,732197
125,Always Fresh Asparagus In Springwater 340g,TRUE,4692314,192826
126,Always Fresh Black Olives Pitted 220g,TRUE,2013138,484311
127,Always Fresh Capers Vinegar 230g,TRUE,6738835,464822
128,Always Fresh Capsicum Wood Roasted Piquillo Peppers 285g,TRUE,5914444,261309
129,Always Fresh Crustini Olive & Sea Salt 120g,TRUE,5839994,260123
130,Always Fresh Cucumbers Baby 350g,TRUE,8514952,114462
131,Always Fresh Cucumbers Bread & Butter 700g,TRUE,2236187,298956
132,Always Fresh Green Peppercorns 100g,TRUE,3797587,58576
133,Always Fresh Grissini Breadsticks Caramelised Onion,TRUE,5484254,208449
134,Always Fresh Grissini Rosemary & Sea Salt 125g,TRUE,5085827,248355
135,Always Fresh Grissini Sesame & Sea Salt 125g,TRUE,5085805,248353
136,Always Fresh Grissini Three Seed & Sea Salt 125g,TRUE,6977600,308288
137,Always Fresh Lentil Crackers Tomato & Basil,TRUE,7658040,255123
138,Always Fresh Medi Anchovy Fillets 100g,TRUE,2511226,929634
139,Always Fresh Mini Toasts 90g,TRUE,2469695,661396
140,Always Fresh Sicilian Olives Pitted 230g,TRUE,2748054,465039
141,Always Fresh Sundried Tomato Strips 480g,TRUE,6740032,465068
142,Always Fresh Sundried Tomatoes Strips 220g,TRUE,2747765,465070
143,Always Fresh Traditional Sauerkraut 460g,TRUE,6739102,465135
144,Ambi Pur Air Effects Aerosol Air Freshener Lavender & Vanilla 275g,TRUE,8161900,377681
145,Ambi Pur Air Effects Thai Dragon Fruit Aerosol Air Freshener 275g,TRUE,8689093,706237
146,Ambi Pur Car Air Freshener Mini Clip Thai Dragon Fruit 2ml,TRUE,2709857,576168
147,Ambi Pur Car Air Freshener Premium Clip Aqua 7.5ml,TRUE,2709868,503678
148,Ambi Pur Mini Clip Car Mould Fighter Aqua & Violet Jasmine Each,TRUE,3964703,106195
149,Amoy Sauce Light Soy 500ml,TRUE,3739048,744053
150,Anchor Margaret River Verjuice 375ml,TRUE,5216700,272761
151,Angas Park Fruit Mix Medley 375g,TRUE,7881131,55432
152,Angas Park Peaches Dried 200g,TRUE,298081,38181
153,Angas Park Pitted Prunes Pitted 1kg,TRUE,9938604,369717
154,Angas Park Prunes Pitted 250g,TRUE,166080,39122
155,Angas Park Prunes Pitted Resealable 500g,TRUE,7050324,97011
156,Anihana Bath Bomb Lavender Love 180g,TRUE,6372697,222933
157,Anihana Bath Bomb Raspberry Marshmellow 180g,TRUE,5266592,222418
158,Anihana Shower Steamer Lavender Love With Lavender Essential Oil 50g,TRUE,5266628,222617
159,Anihana Shower Steamer Lemonade 50g,TRUE,5856406,288430
160,Anihana Shower Steamer Mint Refresher With Peppermint & Eucalyptus 50g,TRUE,5266617,222694
161,Annabel Karmel Bolognese Pasta Bake Frozen Meal 200g,TRUE,2313244,544364
162,Annabel Karmel Butter Chicken & Rice Frozen Meal 200g,TRUE,2821915,544693
163,Annabel Karmel Cottage Pie 200g,TRUE,2313346,544365
164,Annabel Karmel Little Meals Chicken Meatballs & Risoni Pasta 200g,TRUE,7035160,304475
165,Annabel Karmel Mac & Cheese Pasta Frozen Meal 200g,TRUE,2821960,544366
166,Annabel Karmel Spaghetti & Meatballs 200g,TRUE,2313335,544369
167,Annabel Karmel Veggie Pasta Bake Frozen Meal 200g,TRUE,2313357,544368
168,Annalisa Beans Borlotti 400g,TRUE,141352,47893
169,Annalisa Butter Beans 400g,TRUE,491489,106193
170,Annalisa Chickpeas 400g,TRUE,491467,178262
171,Annalisa Lentils 400g,TRUE,491434,195100
172,Annalisa Tomatoes Diced 400g,TRUE,5999775,38153
173,Annalisa Tomatoes Peeled 400g,TRUE,141363,37810
174,Ansell General Purpose Nitrile Disposable Gloves Medium/large 50 Pack,TRUE,7845783,366305
175,Antex Insect Control Granules 500g,TRUE,234624,23397
176,Anticol Throat Lozenge 3 Pack,TRUE,5096448,2955
177,Antoniou Fillo Pastry 375g,TRUE,297384,90922
178,Anusol Haemorrhoidal Ointment 50g,TRUE,5765504,77551
179,Anusol Haemorrhoidal Suppositories 12 Pack,TRUE,5765923,77556
180,Apple Royal Gala Each,TRUE,5226000,155003
181,Ardmona Ardmona Apricot Nectar Fruit Drink 405ml,TRUE,4742015,232164
182,Ardmona Crushed Vine Ripened Tomatoes 400g,TRUE,4687074,230392
183,Ardmona Diced Vine Ripened Tomatoes 400g,TRUE,4558967,226849
184,Ardmona Pie Fruit Apples Sliced 400g,TRUE,5925087,32993
185,Ardmona Pie Fruit Apples Sliced 800g,TRUE,267973,44973
186,Ardmona Rich & Thick Diced Tomatoes With Paste Basil & Garlic 410g,TRUE,4515738,226836
187,Ardmona Rich & Thick Diced Tomatoes With Paste Classic 410g,TRUE,4515749,230649
188,Ardmona Rich & Thick Diced Tomatos With Paste Mixed Herbs 410g,TRUE,5324462,732354
189,Arizona Iced Tea Peach 1.5l,TRUE,3806350,69391
190,Arkadia Chai Plant Based Tea 240g,TRUE,3736414,109485
191,Arkadia Chai Tea Low Sugar 240g,TRUE,3703754,94606
192,Arkadia Chai Tea Spice 240g,TRUE,7490189,320238
193,Arkadia Chai Tea Vanilla 240g,TRUE,7490178,320237
194,Armor All Car Care Large Sponge,TRUE,9894892,292701
195,Armor All Car Care Wash & Wax,TRUE,7610371,22074
196,Armor All Gloss Finish Protectant Wipes 30 Pack,TRUE,4503502,167829
197,Armor All Protectant Matte Finish 500ml,TRUE,4871288,108258
198,Armor All Super Heavy Duty Car Wash 1l,TRUE,7039988,388439
199,Arnott's Arnott's Cream Favourites Assorted Biscuits 500g,TRUE,328874,36022
200,Arnott's Bluey Multipack Biscuits Cocoa & Oat 8 Pack,TRUE,5288507,224476
201,Arnott's Bluey Multipack Biscuits Honey & Oat 8 Pack,TRUE,5311245,231239
202,Arnott's Bluey Multipack Cracker Biscuits Cheese,TRUE,5311223,224419
203,Arnott's Bluey Multipack Cracker Biscuits Pizza 8 Pack,TRUE,5288518,222730
204,Arnott's Cheds Cheese Crackers 250g,TRUE,329888,36269
205,Arnott's Chicken Crimpy Shapes Cracker Biscuits & Cheese 32g,TRUE,6097399,259644
206,Arnott's Choc Ripple Plain Biscuits 250g,TRUE,329709,36281
207,Arnott's Chocolate Scotch Finger Biscuits 250g,TRUE,5514923,46808
208,Arnott's Clix Crackers 250g,TRUE,329833,254031
209,Arnott's Country Cheese Crackers 250g,TRUE,386393,36056
210,Arnott's Cruskits 98% Fat Free Crispbreads 125g,TRUE,9611783,197462
211,Arnott's Cruskits Original Crispbreads 125g,TRUE,358682,36059
212,Arnott's Cruskits Rye Crispbreads 125g,TRUE,9611772,197463
213,Arnott's Delta Cream Biscuits 250g,TRUE,152880,30949
214,Arnott's Flatbread Dippers Olive & Fetta Crackers,TRUE,5481620,205752
215,Arnott's Flatbread Dippers Parmesan & Basil Crackers 130g,TRUE,5481610,205523
216,Arnott's Gaiety Chocolate Wafer Biscuits 160g,TRUE,329618,36058
217,Arnott's Ginger Nut Plain Biscuits Biscuits 250g,TRUE,328921,36006
218,Arnott's Gluten Free Mint Slice Chocolate Biscuits 141g,TRUE,5207560,221147
219,Arnott's Gluten Free Teevee Snacks Original Biscuits 130g,TRUE,5207582,215331
220,Arnott's Gluten Free Tiny Teddy Choc Chip Biscuits 120g,TRUE,4472147,169353
221,Arnott's Hundreds & Thousands Biscuits 200g,TRUE,329389,35411
222,Arnott's Iced Tic Toc Biscuits,TRUE,329549,30872
223,Arnott's Iced Vo Vo Biscuits 210g,TRUE,155732,261150
224,Arnott's Jatz Cracked Pepper Crackers 225g,TRUE,8646793,384249
225,Arnott's Jatz Cracker Biscuits & Extra Tasty Cheese 33g,TRUE,5422177,222887
226,Arnott's Jatz Cracker Biscuits & Tasty Cheese 33g,TRUE,5422166,222878
227,Arnott's Jatz Original Crackers 225g,TRUE,8646782,384250
228,Arnott's Lemon Crisp Cream Biscuits 250g,TRUE,329414,36029
229,Arnott's Milk Arrowroot Plain Biscuits Biscuits 250g,TRUE,329028,36009
230,Arnott's Milk Coffee Plain Biscuits Biscuits,TRUE,329017,36010
231,Arnott's Mini Choc Chip Cookie Multipack Biscuits 7 Pack,TRUE,2992157,641534
232,Arnott's Mini Scotch Finger Multipack Biscuits 8 Pack,TRUE,2992179,641526
233,Arnott's Mint Slice Chocolate Biscuits 200g,TRUE,329571,36215
234,Arnott's Nice Plain Biscuits Biscuits 250g,TRUE,328987,36012
235,Arnott's Obsession Salted Caramel Chocolate Biscuits,TRUE,5042507,199078
236,Arnott's Orange Slice Cream Biscuits 250g,TRUE,329119,36032
237,Arnott's Raspberry Shortcake Biscuits 250g,TRUE,329775,36072
238,Arnott's Royals Milk Chocolate Biscuits 200g,TRUE,358718,69036
239,Arnott's Salada Original Crispbreads 250g,TRUE,329800,36019
240,Arnott's Salada Wholemeal Crispbreads 250g,TRUE,329844,44346
241,Arnott's Sao Crackers 250g,TRUE,329152,36047
242,Arnott's Scotch Finger Plain Biscuits 250g,TRUE,329174,36013
243,Arnott's Sesame Wheat Crackers 250g,TRUE,329185,36035
244,Arnott's Shapes Barbecue Cracker Biscuits 175g,TRUE,2734446,485436
245,Arnott's Shapes Cheddar Cracker Biscuits 175g,TRUE,8638263,384244
246,Arnott's Shapes Cheese & Bacon Cracker Biscuits 180g,TRUE,8638241,384247
247,Arnott's Shapes Chicken Crimpy Cracker Biscuits 175g,TRUE,8638285,384245
248,Arnott's Shapes Multipack Crackers Barbecue 8 Pack,TRUE,2992215,641527
249,Arnott's Shapes Multipack Crackers Mini Chicken Crimpy 8 Pack,TRUE,2992237,641535
250,Arnott's Shapes Multipack Crackers Pizza 8 Pack,TRUE,2992226,641531
251,Arnott's Shapes Multipack Crackers Variety 15 Pack,TRUE,2992180,641532
252,Arnott's Shapes Multipack Crackers Vegemite & Cheese 8 Pack,TRUE,2992248,812784
253,Arnott's Shapes Nacho Cheese Cracker Biscuits 160g,TRUE,5591888,254928
254,Arnott's Shapes Pizza Cracker Biscuits 190g,TRUE,2734457,515173
255,Arnott's Shapes Savoury Cracker Biscuits 185g,TRUE,8638300,384246
256,Arnott's Shapes Vegemite & Cheese Cracker Biscuits 165g,TRUE,3410960,812783
257,Arnott's Shortbread Cream Biscuits 250g,TRUE,329196,36033
258,Arnott's Shredded Wheatmeal Plain Biscuits 250g,TRUE,329276,36014
259,Arnott's Tee Vee Snacks Malt Sticks Chocolate Biscuits 175g,TRUE,9503543,117822
260,Arnott's Tee Vee Snacks Original Chocolate Biscuits 175g,TRUE,9503532,188562
261,Arnott's Teeny Tiny Teddy Choc Cereal,TRUE,6740586,271858
262,Arnott's Teeny Tiny Teddy Honey Cereal,TRUE,6740553,271779
263,Arnott's Tim Tam Chewy Caramel Chocolate Biscuits 175g,TRUE,8655375,117833
264,Arnott's Tim Tam Dark Chocolate Biscuits 200g,TRUE,6025536,89972
265,Arnott's Tim Tam Deluxe Dark Choc Mint Chocolate Biscuits 175g,TRUE,4964389,197245
266,Arnott's Tim Tam Deluxe Decadent Triple Choc Biscuits 175g,TRUE,4964378,197271
267,Arnott's Tim Tam Deluxe Raspberry Tart Dark Chocolate Biscuits,TRUE,4964356,197732
268,Arnott's Tim Tam Deluxe Salted Caramel Brownie Chocolate Biscuits 175g,TRUE,4964414,197288
269,Arnott's Tim Tam Double Chocolate Biscuits 200g,TRUE,7029292,32257
270,Arnott's Tim Tam Murray River Salted Caramel Chocolate Biscuits 175g,TRUE,3720152,80434
271,Arnott's Tim Tam Original Chocolate Biscuits 200g,TRUE,329607,36066
272,Arnott's Tim Tam Original Family Pack Chocolate Biscuits 365g,TRUE,6634760,84628
273,Arnott's Tim Tam White Chocolate Biscuits 165g,TRUE,7243805,332047
274,Arnott's Tina Wafer Biscuits 200g,TRUE,4285230,169288
275,Arnott's Tiny Teddy Chocolate Half Coat Biscuits 200g,TRUE,6027746,89971
276,Arnott's Tiny Teddy Chocolate Multipack Biscuits 8 Pack,TRUE,2992102,689922
277,Arnott's Tiny Teddy Hundreds & Thousands Multipack Biscuits 8 Pack,TRUE,2992099,641538
278,Arnott's Tiny Teddy Variety Multipack Biscuits 15 Pack,TRUE,2992135,641537
279,Arnott's Venetian Biscuits 200g,TRUE,329403,99600
280,Arnott's Vita Weat 9 Grain Crispbreads 250g,TRUE,7439782,97482
281,Arnott's Vita Weat 9 Grain Lunch To Go Multipack Crispbreads,TRUE,6767458,261151
282,Arnott's Vita Weat Cracker Multigrain Crackers 140g,TRUE,7449946,327443
283,Arnott's Vita Weat Original Crispbreads 250g,TRUE,117256,36089
284,Arnott's Vita Weat Pumpkin Seed & Mixed Grain Crispbreads 250g,TRUE,5481722,222456
285,Arnott's Vita Weat Sesame Crispbreads 250g,TRUE,358897,36090
286,Arnott's Wagon Wheels Original Mini Chocolate Biscuits 190g,TRUE,8707049,212875
287,Aroma Juice 99.9% Aloe Vera 1l,TRUE,5585579,91560
288,Asena Gaming Bundle Wired Keyboard & Mouse Each,TRUE,5652235,241102
289,Asena Wired Gaming Mouse Rainbow Led Each,TRUE,5652315,240008
290,Aspro Clear Extra Strength Pain Relief Soluble Tablets 16 Pack,TRUE,9219175,148949
291,Atkins Chocolate 330ml,TRUE,2899650,645868
292,Atkins Endulge Caramel Nougat 35g,TRUE,3498906,18038
293,Atkins Low Carb Protein Shake Creamy Vanilla 330ml,TRUE,2899661,645869
294,Audiplugs Soft Foam Comfort & Sleep Earplugs 8 Pack,TRUE,5656349,80371
295,Audisol Ear Cleansing Spray 50ml,TRUE,3462432,751179
296,Audisol Ear Wax Remover 20ml,TRUE,4203735,137657
297,Aunt Betty's Chocolate Steamy Puds 2x95g,TRUE,9958044,726143
298,Aunt Betty's Creamy Rice Dessert Natural Vanilla 240g,TRUE,1924322,493529
299,Aunt Betty's Gluten Free Chocolate 2x95g,TRUE,3187746,661046
300,Aunt Betty's Golden Syrup Steamy Puds 2x95g,TRUE,9958113,726089
301,Aunt Betty's Gooey Caramel Steamy Puds 2x95g,TRUE,9958146,726133
302,Aunt Betty's Saucy Centres Chocolate Puddings 2 Pack,TRUE,6340351,189746
303,Aunt Betty's Saucy Centres Salted Caramel Puddings 2 Pack,TRUE,6340395,189581
304,Aunt Betty's Sticky Date Steamy Puds 2x95g,TRUE,9958237,726124
305,Aunt Betty's Vanilla Flavoured Creamy Rice 4 Pack,TRUE,5409055,232587
306,Aussie Bodies Keto Bar Choc Hazelnut Wafer,TRUE,3796143,97542
307,Aussie Bodies Keto Bar Cookies & Cream Wafer,TRUE,3796121,94501
308,Aussie Bodies Losugar Crunch Bar Rocky Road,TRUE,5077206,208350
309,Australian Botanical Soap Goats Milk & Raspberry Each,TRUE,5283220,148183
310,Australian Botanical Soap Goats Milk 200g,TRUE,3831368,781811
311,Australian Botanical Soap Lemon Grass 200g,TRUE,3233989,325511
312,Australian Botanical Soap Sea Salt 200g,TRUE,5283092,694601
313,Australia's Own A2 Protein Full Cream Uht Milk 1l,TRUE,3179680,109483
314,Australia's Own Barista Almond 1l,TRUE,3492670,64810
315,Australia's Own Barista Macadamia Milk 1l,TRUE,3793510,106509
316,Australia's Own Barista Oat Milk 1l,TRUE,3793509,272150
317,Australia's Own Barista Soy Milk 1l,TRUE,6494617,272321
318,Australia's Own Kid's Milk Chocolate 200ml X 6 Pack,TRUE,4311363,259027
319,Australia's Own Kid's Milk Strawberry 200ml X 6 Pack,TRUE,4311385,259489
320,Australia's Own Lower Cholesterol Milk 1l,TRUE,6506589,276707
321,Australia's Own Unsweetened Almond Milk 1l,TRUE,2412370,924245
322,Australia's Own Unsweetened Coconut Milk 1l,TRUE,3019210,575869
323,Avalanche 99% Sugar Free Caramel Latte 10 Pack,TRUE,3631904,700136
324,Avalanche 99% Sugar Free Caramelised White Chocolate 10 Pack,TRUE,3732060,153042
325,Avalanche 99% Sugar Free Chai Latte 10 Pack,TRUE,4963397,159190
326,Avalanche Hot Chocolate 10 Pack,TRUE,3180521,692623
327,Avalanche Sugar Free Drinking Chocolate 200g,TRUE,2445551,738745
328,Aveeno Daily Moisturising Body Wash Light Fragrance Sensitive Skin 532ml,TRUE,3231768,633067
329,Aveeno Intense Relief Fragrance Free Hand Cream Dry Sensitive Skin 100g,TRUE,7465410,308409
330,Aveeno Skin Relief Body Wash Dry Sensitive Skin Fragrance Free 532ml,TRUE,3514445,140777
331,Aveeno Skin Relief Fragrance Free Body Lotion Dry Sensitive Skin 1l,TRUE,3883099,688220
332,Aveeno Stress Relief Moisturising Body Lotion Sensitive Skin,TRUE,7465330,342853
333,Ayam Coconut Milk 270ml,TRUE,6165003,57198
334,Ayam Gado Gado Peanut Sauce Gado Gado Peanut 250ml,TRUE,3753672,702417
335,Ayam Lemon Chicken Sauce 210ml,TRUE,2001682,863732
336,Ayam Light Soy Sauce 210ml,TRUE,6086520,627500
337,Ayam Paste Thai Massaman Curry 195g,TRUE,2001445,354384
338,Ayam Plum Sauce 210ml,TRUE,14639,35816
339,Ayam Satay Sauce 250ml,TRUE,6084499,90316
340,Ayam Teriyaki Sauce 210ml,TRUE,6082835,11062
341,Azalea Grape Seed Oil 1l,TRUE,4995371,71586
342,B.box For Kids Mini Lunchbox Assorted Each,TRUE,5420524,311082
343,B2 Ham Luncheon Meat Premium 340g,TRUE,1383153,663674
344,Babushka's Kefir Mango 750g,TRUE,5641137,938823
345,Baby Bellies Organic Pear & Vanilla Paws 12g,TRUE,5025552,176008
346,Babybel Cheese Portions 200g,TRUE,6165047,370480
347,Babybel Mini Cheese Portions 100g,TRUE,6165014,295443
348,Babybel Mini Cheese Protein 100g,TRUE,4379844,172770
349,Bakery Du Jour Vegan Croissants 3 Pack,TRUE,4147860,387428
350,Balconi Mix Max Spgnckes Cocoa,TRUE,5088122,88602
351,Bali Body 1 Hour Express Self Tan 225ml,TRUE,8409470,199773
352,Bali Body Gradual Face Tan Hydrating Cream 50ml,TRUE,8409540,199763
353,Bali Body Gradual Tan 200ml,TRUE,8409539,199491
354,Bali Body Instant Tan Cream Dark 150ml,TRUE,8409561,602063
355,Bali Body Self Tanning Mousse Ultra Dark 200ml,TRUE,8409492,199605
356,Banana Boat Kids Sunscreen Roll On 50+ 75ml,TRUE,7211445,748810
357,Banana Boat Kids Sunscreen Spf 50+ 400g,TRUE,7211503,763646
358,Banana Boat Spf 50+ Sunscreen Sensitive 200g,TRUE,5293063,763677
359,Banana Boat Spf 50+ Sunscreen Sport 200g,TRUE,4717120,748807
360,Banana Boat Spf 50+ Sunscreen Sport 400g,TRUE,7211514,793141
361,Banana Boat Spf 50+ Sunscreen Sport Spray 175g,TRUE,9873098,771907
362,Band-aid Blister Cushion Medium 5 Pack,TRUE,3628502,820674
363,Band-aid Extra Wide Plastic Strips 40 Pack,TRUE,5753039,26940
364,Band-aid Fabric Strips Fabric 50 Pack,TRUE,2865116,35233
365,Band-aid First Aid Non-irritating Paper Tape 2.5cm X 9.1m Each,TRUE,1745094,780639
366,Band-aid Plastic Strips 100 Pack,TRUE,136545,31435
367,Band-aid Plastic Strips Assorted 50 Pack,TRUE,3628488,30293
368,Band-aid Tough Strips Brand 40 Pack,TRUE,6094594,283197
369,Band-aid Tough Strips Extra Large Fabric Bandages 10 Pack,TRUE,4497057,225613
370,Band-aid Tough Strips Regular 20 Pack,TRUE,4503998,225621
371,Band-aid Waterproof Aquablock Sterile Strips 40 Pack,TRUE,2864703,594627
372,Band-aid Waterproof Tough Strips 20 Pack,TRUE,3628499,248657
373,Band-aid Waterproof Tough Strips Extra Large 10 Pack,TRUE,8152578,353656
374,Barbie Chelsea Can Be Assorted,TRUE,3759410,132799
375,Bare Essentials Borax 500g,TRUE,7879184,340015
376,Barilla Bolognese Pasta Sauce 400g,TRUE,1564351,315578
377,Barilla Pasta Gluten Free Penne Rigate 340g,TRUE,2599613,620647
378,Barilla Pasta Gluten Free Spaghetti 340g,TRUE,2599602,620646
379,Barilla Pasta Rigatoni 500g,TRUE,4370690,88382
380,Barilla Pasta Risoni 500g,TRUE,9423808,88215
381,Barilla Pasta Spaghetti 500g,TRUE,5716430,83763
382,Barilla Pasta Spaghettini 500g,TRUE,5716429,88057
383,Barilla Pasta Spaghettoni 500g,TRUE,354193,98906
384,Barilla Pesto Genovese Pasta Sauce 190g,TRUE,8397098,3466
385,Barker's Anathoth Farm Strawberry Jam 455g,TRUE,7549361,269903
386,Barker's Anathoth Farm Three Berry Jam 455g,TRUE,7682838,269871
387,Barker's Butterscotch Caramel Sauce 365g,TRUE,3842149,116671
388,Barker's Classic Chocolate Sauce 365g,TRUE,8970612,178465
389,Batchelors Mushy Peas Canned Chip Shop 300g,TRUE,5417202,303266
390,Batchelors Mushy Peas Canned Original 300g,TRUE,5417199,52183
391,Batiste Blush Dry Shampoo 200ml,TRUE,1331342,745783
392,Batiste Blush Dry Shampoo 350ml,TRUE,4253799,140903
393,Batiste Divine Dark 350ml,TRUE,6507322,186314
394,Batiste Dry Shampoo & Volume 200ml,TRUE,3535026,856988
395,Batiste Eden Bloom Dry Shampoo 350ml,TRUE,4253802,140902
396,Batiste Limited Edition Eden Dry Shampoo 200ml,TRUE,2920655,842060
397,Batiste Medium & Brunette Dry Shampoo 200ml,TRUE,3320336,760873
398,Batiste Original Dry Shampoo 350ml,TRUE,4253824,140901
399,Batiste Overnight Deep Cleanse Dry Shampoo 200ml,TRUE,6507311,387606
400,Batiste Plant Powered Dry Shampoo Coconut Milk & Hemp Seed Oil 200ml,TRUE,5355320,203572
401,Batiste Tropical Dry Shampoo 200ml,TRUE,1331353,745781
402,Bc Snacks Chocolate Brownie Espresso Energy Bar 40g,TRUE,1751392,148910
403,Bc Snacks Dark Chocolate Coconut Plant Based Protein Bar 40g,TRUE,3620486,65686
404,Bc Snacks Salted Caramel & Chocolate Crunch High Protein Bar 40g,TRUE,2289321,480248
405,Bc Snacks Salted Caramel Fudge High Protein Bar 40g,TRUE,6360370,184267
406,Be Natural Breakfast Cereal With Pink Lady Apple & Flame Raisins,TRUE,9991367,733667
407,Bean Ground & Drunk Ground Coffee Organic Fairtrade Decaff 250g,TRUE,2007099,313811
408,Beechworth 100% Australian Bee Cause Bush Honey Squeeze 400g,TRUE,2900385,438612
409,Beechworth 100% Australian Bee Cause Mountain Honey Squeeze 400g,TRUE,5489779,434626
410,Beechworth 100% Pure Australian Honey Squeeze 400g,TRUE,7009637,194384
411,Beerenberg Caramelised Onion 280g,TRUE,6874957,310572
412,"Beerenberg Mango, Lime & Chilli Dressing 300ml",TRUE,3272517,789815
413,Beerenberg Raspberry Jam 300g,TRUE,7251723,326802
414,Beerenberg Relish Tomato & Cracked Pepper 265g,TRUE,2413045,828794
415,Beerenberg Strawberry Jam 300g,TRUE,6993720,321571
416,Beerenberg Tomato Chutney 260g,TRUE,367446,3151
417,Beerenberg Tomato Sauce 300ml,TRUE,5568900,9297
418,Bega Almond Spread Crunchy 325g,TRUE,2222262,827530
419,Bega Cheese Stringers Peelable Cheese 8 Pack,TRUE,7325863,28991
420,Bega Colby Cheese Slices 250g,TRUE,1446286,223934
421,Bega Cream Cheese Spread Bold 250g,TRUE,1744841,781661
422,Bega Cream Cheese Spread Bold 500g,TRUE,1744692,795867
423,Bega Cream Cheese Spread Spread 250g,TRUE,1744852,781650
424,Bega Cream Cheese Spread Spread 500g,TRUE,1744739,781655
425,Bega Crunchy Peanut Butter 755g,TRUE,7034033,423766
426,Bega Farmers' Tasty Cheese 250g,TRUE,296712,40709
427,Bega Lactose Free Natural Cheese Slices 250g,TRUE,4385756,175485
428,Bega Light Peanut Butter Smooth 470g,TRUE,9059250,98047
429,Bega Light Peanut Spread Crunchy 470g,TRUE,9059181,98048
430,Bega Original Cream Cheese Block,TRUE,6134531,261000
431,Bega Original Cream Cheese Spreadable 225g,TRUE,6134510,263082
432,Bega Peanut Butter Crunchy 200g,TRUE,181652,46731
433,Bega Peanut Butter Crunchy 375g,TRUE,130629,33604
434,Bega Peanut Butter Crunchy 470g,TRUE,5390911,98049
435,Bega Peanut Butter No Added Sugar Or Salt Crunchy 325g,TRUE,1167169,748414
436,Bega Peanut Butter No Added Sugar Or Salt Smooth 325g,TRUE,1167158,748501
437,Bega Peanut Butter Smooth 200g,TRUE,181641,38920
438,Bega Peanut Butter Smooth 375g,TRUE,130607,33605
439,Bega Peanut Butter Smooth 470g,TRUE,5398753,98046
440,Bega Peanut Butter Super Crunchy 470g,TRUE,2786257,506995
441,Bega Simply Nuts Crunchiest Peanut Butter 325g,TRUE,3605391,60611
442,Bega Simply Nuts Crunchy 325g,TRUE,3447596,845906
443,Bega Simply Nuts Crunchy Peanut Butter 650g,TRUE,3791106,97579
444,Bega Simply Nuts Crunchy Squeeze Bottle 450g,TRUE,5185130,322669
445,Bega Simply Nuts Smooth 325g,TRUE,3447600,845897
446,Bega Simply Nuts Smooth Natural Peanut Butter 650g,TRUE,3791092,97580
447,Bega Simply Nuts Squeeze Bottle Smooth Natural Peanut Butter 450g,TRUE,5185107,322696
448,Bega Simply Nuts The Crunchiest 650g,TRUE,4464003,164442
449,Bega Stringers Lactose Free Cheese 8 Pack,TRUE,5419300,193896
450,Bega Strong & Bitey Cheese Slices 15 Pack 250g,TRUE,9759365,206426
451,Bega Strong & Bitey Vintage Cheese 500g,TRUE,5369052,48443
452,Bega Strong & Bitey Vintage Cheese Slices 500g,TRUE,4413658,769525
453,Bega Tasty Cheese 500g,TRUE,467189,40471
454,Bega Tasty Cheese Slices 500g,TRUE,6704811,769558
455,Bega Tasty Natural Cheese Slices 15 Pack 250g,TRUE,6704323,69369
456,Belvita Chocolate Breakfast Biscuits 6 Pack 300g,TRUE,1843763,786364
457,Belvita Fruit & Fibre Breakfast Biscuits 6 Pack 300g,TRUE,9109870,715942
458,Belvita Honey & Nut Breakfast Biscuits 6 Pack 300g,TRUE,1020783,738494
459,Belvita Milk & Cereals Breakfast Biscuits 6 Pack 300g,TRUE,9109880,715921
460,Belvita Strawberry Yoghurt Sandwich Breakfast Biscuits 5 Pack 253g,TRUE,2762929,510428
461,Belvoir Farm Elderflower Cordial 500ml,TRUE,3530317,678576
462,Ben & Jerry’s Ice Cream Tub Half Baked 458 Ml,TRUE,3713328,348630
463,Ben & Jerry’s Ice Cream Tub The Tonight Dough 458 Ml,TRUE,2750930,441151
464,Ben & Jerry's Ice Cream Tub Chocolate Chip Cookie Dough 458ml,TRUE,7806125,345039
465,Ben & Jerry's Ice Cream Tub Chocolate Fudge Brownie 458ml,TRUE,7806090,345040
466,Benefiber Natural Fibre Supplement,TRUE,2837507,477035
467,Benefiber Natural Fibre Supplement 155g,TRUE,6027371,283022
468,Benefiber Natural Fibre Supplement 261g,TRUE,9917218,739581
469,Bennett St Dairy Caramel & White Choc Cookie Dough 500g,TRUE,6311091,242261
470,Bennett St Dairy Original Choc Chip Cookie Dough 500g,TRUE,5559138,181120
471,"Ben's Original Brown, Red & Wild Rice Medley Microwave Rice Pouch 250g",TRUE,2236303,792456
472,Ben's Original Golden Vegetable Microwave Rice Pouch 250g,TRUE,6545977,37211
473,Ben's Original Lightly Flavour Coconut Microwave Rice Pouch 250g,TRUE,3230958,177521
474,Ben's Original Lightly Flavoured Chilli Rice 250g,TRUE,6276660,244307
475,Ben's Original Mexican Style Microwave Rice Pouch 250g,TRUE,7132928,270829
476,"Ben's Original Protein+ Lentils, Turmeric & Brown Rice 180g",TRUE,4989379,199836
477,Ben's Original Savoury Chicken Flavour Microwave Rice Pouch 250g,TRUE,5860185,261735
478,Ben's Original Special Fried Microwave Rice Pouch 250g,TRUE,6545966,270976
479,Berocca Vitamin B & C Orange Flavour Energy 45 Pack,TRUE,4643421,228515
480,Berri Quelch Fruit Combos Ice Blocks 24x70ml,TRUE,2971179,252676
481,Berri Quelch Fruit Sticks Ice Blocks 24x70ml,TRUE,2971180,49156
482,Bertocchi Authentic Leg Ham Boneless 500g - 1kg,TRUE,6105817,255174
483,Bertocchi Gold Long Rindless Bacon 400g,TRUE,1962751,476944
484,Bertocchi Gold Short Rindless Bacon 400g,TRUE,3277463,476948
485,Bertolli Olive Oil Light In Taste 750ml,TRUE,7909285,502955
486,Bertolli With Butter With A Pinch Of Sea Salt 450g,TRUE,5407399,222133
487,Best Foods Real Mayonnaise Jar 810g,TRUE,5493620,332183
488,Betadine Antiseptic First Aid Cream 20g,TRUE,4992690,477631
489,Betadine Antiseptic Ointment Cream 25g,TRUE,7813007,353200
490,Betadine Antiseptic Topical Solution Liquid 15ml,TRUE,7812810,353198
491,Betadine Sore Throat Gargle Ready To Use 120ml,TRUE,7813266,353199
492,Better Homes & Gardens Puzzle Book Each,TRUE,3300532,10908
493,Betty Crocker Apple & Cinnamon Low Fat Muffin Mix 500g,TRUE,9491207,187786
494,Betty Crocker Blueberry Low Fat Muffin Mix Muffin Mix 500g,TRUE,9491273,187781
495,Betty Crocker Chocolate Cupcake Mix Cupcake Mix 450g,TRUE,6922700,760495
496,Betty Crocker Chocolate Fudge Cake Mix Cake Mix 540g,TRUE,9491284,760440
497,Betty Crocker Chocolate Fudge Gluten Free Brownie Mix 450g,TRUE,2255487,793245
498,Betty Crocker Chocolate Gluten Free Frosting 400g,TRUE,5238462,680956
499,Betty Crocker Cinnamon Crumble Muffin Mix Muffin Mix 500g,TRUE,8622004,205497
500,Betty Crocker Devil's Food Cake Mix Cake Mix 540g,TRUE,5028448,760459
501,Betty Crocker Devils Food Gluten Free Cake Mix 550g,TRUE,2255498,793246
502,Betty Crocker Frosted Chocolate Brownie Mix Frosted Chocolate 500g,TRUE,6432019,307786
503,Betty Crocker Milk Chocolate Chunk Cookie Mix 485g,TRUE,9491138,187797
504,Betty Crocker Rainbow Chip Party Cake Mix 480g,TRUE,3765478,81684
505,Betty Crocker Rainbow Cookie Mix Cookie Mix 495g,TRUE,6923677,314544
506,Betty Crocker Salted Caramel Cookie Mix Limited Edition 400g,TRUE,3056770,661671
507,Betty Crocker Strawberry Gluten Free Frosting 400g,TRUE,3816397,680973
508,Betty Crocker Triple Chocolate Brownie Mix Brownie Mix 500g,TRUE,4525640,225676
509,Betty Crocker Triple Chocolate Muffin Mix Muffin Mix 500g,TRUE,9491251,187790
510,Betty Crocker Vanilla Cake Mix Cake Mix 540g,TRUE,4525710,760464
511,Betty Crocker Vanilla Cupcake Mix Cupcake Mix 450g,TRUE,6922109,760480
512,Betty Crocker Vanilla Gluten Free Cupcake Mix 460g,TRUE,3056737,474367
513,Betty Crocker Vanilla Gluten Free Frosting 400g,TRUE,5238473,680971
514,Bfree 4 Stone Baked Pita Bread 220g,TRUE,7668994,387327
515,Bfree 5 Wraps Sweet Potato 210g,TRUE,7669002,489783
516,Bhuja Ancient Grains Mix 140g,TRUE,2523371,969729
517,Bhuja Beer Mix 160g,TRUE,2523291,969732
518,Bhuja Nut Mix 140g,TRUE,9272940,113612
519,Bibigo Mandu Kimchi Flavoured Dumplings 280g,TRUE,8940531,288046
520,Bic 1 Sensitive Disposable Razor 10 Pack,TRUE,9832975,672783
521,Bic Atlantis Retractable Ballpoint Pens Black 4 Pack,TRUE,1868630,763331
522,Bic Flex 3 Sensitive Shaver 4 Pack,TRUE,3879229,299467
523,Bic Kids Visacolor Xl Felt Pens 12 Pack,TRUE,3879207,785279
524,Bic Razor Disposable Soleil Twilight Lavender 4 Pack,TRUE,6310565,263262
525,Bic Razor Disposable Twin Easy Sensitive 10 Pack,TRUE,5513002,196087
526,Bic Soleil Comfort Scented Razors Citrus 3 Pack,TRUE,7525590,231856
527,Bic Soleil Sensitive Advanced Disposable Razors 2 Pack,TRUE,4475542,140272
528,Bickford's Blackcurrant Fruit Juice Syrup 750ml,TRUE,5208836,691315
529,Bickford's Cherry Juice 1l,TRUE,3049618,677524
530,Bickford's Cordial Pink Grape Fruit 750ml,TRUE,2537536,574871
531,Bickford's Diet Lemon Cordial 750ml,TRUE,4420020,52148
532,Bickford's Diet Lime Cordial 750ml,TRUE,3592530,46779
533,Bickford's Iced Caramel Coffee Syrup 500ml,TRUE,5050957,659656
534,Bickford's Iced Coffee Syrup 50% Less Sugar 500ml,TRUE,5050957,309692
535,Bickford's Iced Coffee Syrup 500ml,TRUE,3935829,82871
536,Bickford's Lemon & Lime Bitters Cordial 750ml,TRUE,6875359,331819
537,Bickford's Lemon Barley Cordial 750ml,TRUE,5291308,3154
538,Bickford's Lemon Cordial 750ml,TRUE,6875280,193645
539,Bickford's Lime Cordial 750ml,TRUE,167924,36298
540,"Bickford's Orange, Lemon & Lime Cordial 750ml",TRUE,5570436,229635
541,Bickford's Peach Tea Cordial 750ml,TRUE,6007727,264715
542,Bickford's Pineapple & Lime Cordial 750ml,TRUE,6596366,309574
543,Bickford's Pineapple & Passionfruit Cordial 750ml,TRUE,6596377,227947
544,Bickford's Prune Juice 1l,TRUE,5225460,49045
545,Bickford's Raspberry Cordial 750ml,TRUE,4420370,691317
546,Bickford's Tropical Flavoured Cordial Sugar Free 750ml,TRUE,7207313,227593
547,Big M Chocolate Milk 2l,TRUE,5018070,3170
548,Binggrae Strawberry Flavoured Milk Drink 200ml X 6 Pack,TRUE,8258535,360738
549,Bio Cheese Dairy Free Cheddar Slices 200g,TRUE,3274782,954528
550,Bio Cheese Dairy Free Pizza Shred 200g,TRUE,3844520,678734
551,Biore Combo Deep Cleansing Pore Strips 14 Pack,TRUE,3731829,298114
552,Biore Deep Cleansing Charcoal Pore Strip 6 Pack,TRUE,2859168,482729
553,Biore Deep Cleansing Pore Strips 6 Pack,TRUE,3731830,1478
554,Biozet Attack Front & Top Loader Laundry Powder 2kg,TRUE,2597877,431171
555,Biozet Attack Front & Top Loader Regular Laundry Liquid 2l,TRUE,2688214,425288
556,Biozet Attack Laundry Powder With Softener 2kg,TRUE,2896583,595410
557,Biozet Attack Liquid With Softener 2l,TRUE,3196430,682037
558,Biozet Attack Plus Eliminator 2kg,TRUE,3788000,802923
559,Biozet Attack Plus Eliminator 2l,TRUE,3465157,803466
560,Biozet Attack Plus Stain Power 2l,TRUE,5095627,141377
561,Biozet Attack+ Sensitive Laundry Liquid 2l,TRUE,6272375,270638
562,Birch & Waite Balsamic Vinaigrette 250ml,TRUE,7497790,710168
563,Birch & Waite Creamy Caesar Dressing 250ml,TRUE,7482453,710194
564,Birch & Waite Greek Lemon Dressing 250ml,TRUE,7483310,710191
565,Birch & Waite Green Goddess Dressing & Sauce 250ml,TRUE,7487402,802495
566,Birch & Waite Honey Mustard Dressing Sauce 250ml,TRUE,7487526,289349
567,Birch & Waite Pad Thai Stir Fry Sauce 200g,TRUE,7073104,239543
568,Birch & Waite Parsley Dill & Tarragon Seafood Sauce,TRUE,3322309,841741
569,Birch & Waite Rich Tartare Seafood Sauce 250ml,TRUE,3322310,841749
570,Birch & Waite Salad Dressing Greek Yoghurt Feta & Dill 250ml,TRUE,7482963,883612
571,Birch & Waite Seafood Sauce Creamy Cocktail 250ml,TRUE,3322295,841751
572,Birch & Waite Sichuan Style Stir Fry Sauce 200g,TRUE,7072203,239030
573,Birds Eye Air Baked Barramundi Crumbed Fish 250g,TRUE,9038057,948000
574,Birds Eye Australian Baby Peas Snap Frozen 1kg,TRUE,9257582,767778
575,Birds Eye Australian Garden Peas Field Fresh 1kg,TRUE,222396,96216
576,Birds Eye Australian Snap Frozen Mixed Vegetables Peas & Corn 1kg,TRUE,5072790,705677
577,"Birds Eye Australian Spring Greens Mix Green Beans, Peas & Broccoli 1kg",TRUE,5864834,705695
578,Birds Eye Baby Beans 1kg,TRUE,3475092,822862
579,Birds Eye Deli Barramundi Crisp Light Batter 250g,TRUE,3303417,780289
580,Birds Eye Deli Flathead Fish Bites Crisp Light Batter 250g,TRUE,3868765,111368
581,Birds Eye Deli Hoki Fillets Lightly Battered 250g,TRUE,3303440,674914
582,Birds Eye Deli New Zealand Whiting Salt & Pepper Crumb 250g,TRUE,3303406,789429
583,Birds Eye Deli Roast Duck Fat Potatoes Fat,TRUE,5052497,8052
584,Birds Eye Deli Roast Vegetables,TRUE,4204002,802639
585,Birds Eye Deli Seasonal Catch Flathead In Light Batter 250g,TRUE,3615668,60993
586,Birds Eye Deli Seasoned Chips Golden Ale Beer Batter 600g,TRUE,3192553,682739
587,"Birds Eye Deli Seasoned Chips Parmesan, Garlic & Basil 600g",TRUE,2257777,752330
588,Birds Eye Deli Seasoned Chips Sea Salt & Rosemary 600g,TRUE,1194503,752346
589,Birds Eye Deli Seasoned Roast Potatoes Rosemary & Garlic 600g,TRUE,2256650,839429
590,Birds Eye Deli Sweet Potato Chips 600g,TRUE,5053208,822847
591,Birds Eye Deli Whiting Crisp Light Batter 250g,TRUE,3264010,691284
592,Birds Eye Fish Cakes Oven Fry 300g,TRUE,5146896,39353
593,Birds Eye Fish Cakes Salmon With Vegetables & Herbs 480g,TRUE,4344963,224053
594,Birds Eye Fish Fingers 1kg,TRUE,292937,96336
595,Birds Eye Frozen Southern Blue Whiting In Original Crumb 14 Pack,TRUE,5020515,203570
596,Birds Eye Golden Crunch Crinkle Cut Chips 900g,TRUE,5052522,180652
597,Birds Eye Golden Crunch Hash Browns 800g,TRUE,4545717,228797
598,Birds Eye Golden Crunch Straight Cut Chips 900g,TRUE,5052511,179560
599,Birds Eye Microwave Chips Crinkle 140g,TRUE,5051440,802663
600,Birds Eye Microwave Chips Shoestring 140g,TRUE,7866681,802660
601,"Birds Eye Ocean Selections Raw Prawns Frozen, Garlic And Herb Dusted 500g",TRUE,4652058,246721
602,"Birds Eye Ocean Selections Raw Prawns Frozen, Peeled & Tail Off 500g",TRUE,9730385,186658
603,Birds Eye Oven Bake Crumbed Lemon 425g,TRUE,80804,38910
604,Birds Eye Oven Bake Crumbed Wild Caught Fish Fillets 425g,TRUE,84452,45916
605,Birds Eye Plant Based Chicken Strips 200g,TRUE,4327352,180303
606,Birds Eye Plant Based Greek Lamb Strips 200g,TRUE,5143399,285345
607,Birds Eye Potato Gems 900g,TRUE,5052500,180109
608,Birds Eye Snap Frozen Baby Beans Carrot Corn & Broccoli Veg Mix 1kg,TRUE,1777159,782979
609,Birds Eye Snap Frozen Carrot Cauliflower Beans & Broccoli 500g,TRUE,1777160,682829
610,"Birds Eye Snap Frozen Carrot, Cauliflower & Broccoli 1kg",TRUE,4525844,217969
611,Birds Eye Snap Frozen Mix Carrot Beans Broccoli Cauliflower &capsicum 1kg,TRUE,5075084,249382
612,"Birds Eye Snap Frozen Mixed Vegetables Carrot, Peas & Corn 1kg",TRUE,5072778,255445
613,"Birds Eye Snap Frozen Mixed Vegetables Peas, Corn & Capsicum 500g",TRUE,105701,370801
614,Birds Eye South Atlantic Flathead 270g,TRUE,2988036,571952
615,Birds Eye Southern Blue Whiting Original Crumb 425g,TRUE,7407877,338482
616,"Birds Eye Steam Fresh Baby Potatoes With Broccoli, Carrots, Peas &herbs 400g",TRUE,2257799,839440
617,"Birds Eye Steam Fresh Broccoli, Carrots & Corn 750g",TRUE,2741011,322796
618,"Birds Eye Steam Fresh In Cheese Sauce Broccoli, Cauliflower & Carrot 400g",TRUE,1777228,782978
619,Birds Eye Steam Fresh Parsley & Citrus Sauce 380g,TRUE,3303508,780110
620,Birds Eye Steam Fresh Peas Beans Broccoli Corn Mix 750g,TRUE,2740096,782977
621,Birds Eye Steam Fresh Potato Mash With Butter 400g,TRUE,2912974,586851
622,Birds Eye Steam Fresh Thai Red Curry Sauce 380g,TRUE,3303519,780212
623,"Birds Eye Steamfresh Carrot, Cauliflower & Broccoli 750g",TRUE,2740085,180752
624,Birds Eye Stir Fry Mix Chinese 850g,TRUE,8145798,705694
625,Birds Eye Stir Fry Oriental 850g,TRUE,1333778,768622
626,Birds Eye Sweet Corn Kernels 1kg,TRUE,5179454,37621
627,Birds Eye Veggie Rice Broccoli & Cauli 500g,TRUE,3475059,62825
628,"Birds Eye Veggie Rice Carrot, Cauli & Broccoli 500g",TRUE,4204308,117518
629,Birds Eye Veggie Rice Cauliflower 500g,TRUE,3314162,802638
630,Bisto Beef Gravy Granules 170g,TRUE,9287550,362258
631,Bisto Chicken Flavour Gravy Granules 170g,TRUE,9287459,724479
632,Blackberries Punnet 170g,TRUE,3742202,80815
633,Blackberry Fresh 125g,TRUE,134040,296813
634,Blackmores Bio Zinc Skin Health Immune Support Vitamin Tablets 84 Pack,TRUE,8296705,6354
635,Blackmores Conceive Well Gold Preconception Vitamin 56 Pack,TRUE,6294527,294622
636,Blackmores Coq10 150mg Heart Health Vitamin Capsules 30 Pack,TRUE,1295588,725625
637,Blackmores Evening Primrose Oil Skin Health Vitamin Capsules 125 Pack,TRUE,1847141,200718
638,Blackmores Glucosamine Sulfate 1500mg Joint Health Vitamin Tablets 150 Pack,TRUE,3465929,188008
639,Blackmores Lutein Defence Eye Care Vitamin Tablets 60 Pack,TRUE,1812090,771942
640,Blackmores Macu Vision Eye Care Vitamin Tablets 125 Pack,TRUE,3758100,572399
641,Blackmores Nails Hair & Skin Beauty Vitamin Tablets 60 Pack,TRUE,4643487,228483
642,Blackmores Nails Hair & Skin Tablets 120 Pack,TRUE,6481580,296181
643,Blackmores Pregnancy & Breastfeeding Gold Vitamin Capsules 120 Pack,TRUE,5678410,258736
644,Blackmores Pregnancy & Breastfeeding Gold Vitamin Capsules 60 Pack,TRUE,8297184,92206
645,Blackmores Probiotics+ Daily Health Gut Health Vitamin Capsules 30 Pack,TRUE,2900545,572423
646,Blackmores Probiotics+ Immune Defence Gut Health Vitamin Capsules 30 Pack,TRUE,2900670,572424
647,Blackmores Super Strength Coq10 300mg Heart Health Vitamin Tablets 30 Pack,TRUE,3788167,59366
648,Blackmores Total Calcium Magnesium + D3 Bone Health Vitamin Tablets 125 Pack,TRUE,9688890,206378
649,Blackmores Vitamin D3 1000iu Bone Health Immunity Capsules 200 Pack,TRUE,9001782,771858
650,Blackmores Vitamin D3 1000iu Bone Health Immunity Capsules 60 Pack,TRUE,4879756,233176
651,Blackmores Vitamin E 1000iu Cholesterol Health Capsules 30 Pack,TRUE,8297231,134174
652,Blistex Intensive Repair Spf15 7g,TRUE,7220333,321393
653,Blistex Ultra Lip Balm Spf50+ 4.25g,TRUE,8903386,142893
654,Blu Gourmet Pearl Couscous 400g,TRUE,3611601,62992
655,"Blue Frog Macadamia, Almond & Manuka Honey Muesli 350g",TRUE,4310848,153261
656,"Blue Frog Raspberry, Coconut & Toasted Almond Muesli 350g",TRUE,4310859,152917
657,Blue Ribbon Classic Chocolate Reduced Fat Ice Cream Dessert Tub 2l,TRUE,2976172,636654
658,Blue Ribbon Delicious Duo Berry Passion Pavlova,TRUE,5482907,243147
659,Blue Ribbon Delicious Duo Caramel Hokey Pokey,TRUE,5482893,243485
660,Blue Ribbon Delicious Duos Choc Affair,TRUE,5482871,242080
661,Blue Ribbon Streets Light Vanilla Reduced Fat Ice Cream Dessert Tub 2l,TRUE,5171270,684
662,Bluey Figurines Assorted 2 Pack,TRUE,3768670,191140
663,Bluey Milk Chocolate 30g,TRUE,7406863,411114
664,Bodiez Protein Water Berry Optimum 500ml,TRUE,3938725,66760
665,Bolands Fig Rolls 200g,TRUE,7258278,337576
666,Bondi Sands Aero Self Tanning Foam Liquid Gold 225ml,TRUE,3818122,73906
667,Bondi Sands Aero Ultra Dark Self Tanning Foam 225ml,TRUE,3571631,73908
668,Bondi Sands Gradual Tan Face Lotion 50ml,TRUE,5443982,238612
669,Bondi Sands Gradual Tanning Lotion Skin Illuminator,TRUE,5400640,228305
670,Bondi Sands Hydra Uv Protect Spf50+ Face Lotion 50ml,TRUE,6608920,176822
671,Bondi Sands Liquid Glod Self Tanning Foam 200ml,TRUE,3571609,823179
672,Bondi Sands Self Tan Eraser Gel 200ml,TRUE,3571584,162598
673,Bondi Sands Self Tan Foam Light Medium 200ml,TRUE,2464738,795981
674,Bondi Sands Self Tanning Foam 1 Hour Express 200ml,TRUE,6609107,162597
675,Bondi Sands Self Tanning Foam Ultra Dark 200ml,TRUE,5486180,630956
676,Bondi Sands Spf50 Fragrance Free Lotion 150ml,TRUE,3597227,73923
677,Bondi Sands Spf50+ Face Lotion 75ml,TRUE,5461690,73925
678,Bondi Sands Tanning Gradual Tan 375ml,TRUE,2467317,795983
679,Bondi Sands Tanning Mitt Tanning Mitt Each,TRUE,5400651,795919
680,Bonds Bloody Cmfy Bikini Moderate 10 Period Care Reusable Underwear Each,TRUE,4494139,104397
681,Bonds Bloody Cmfy Bikini Moderate 12 Period Care Reusable Underwear Each,TRUE,4494140,104355
682,Bonds Bloody Cmfy Bikini Moderate 14 Period Care Reusable Underwear Each,TRUE,5100272,104348
683,Bonds Bloody Cmfy Bikini Moderate 8 Period Care Reusable Underwear Each,TRUE,4494117,104758
684,Bonds Bloody Comfy Brief Heavy 10 Period Care Reusable Underwear Each,TRUE,4494161,104628
685,Bonds Bloody Comfy Brief Heavy 12 Period Care Reusable Underwear Each,TRUE,4494172,102878
686,Bonds Bloody Comfy Brief Heavy 14 Period Care Reusable Underwear Each,TRUE,4494183,103785
687,Bonds Bloody Comfy Brief Heavy 16 Period Care Reusable Underwear Each,TRUE,5085496,104673
688,Bonds Bloody Comfy Brief Heavy 18 Period Care Reusable Underwear Each,TRUE,5085500,141004
689,Bonds Bloody Comfy Heavy Full Brief Period Underwear Size 20 Each,TRUE,6332138,230826
690,Bonds Damn Dry Midi Light Bladder Leaks Underwear Size 14 Each,TRUE,5086070,229551
691,Bonds Damn Dry Midi Light Bladder Leaks Underwear Size 16 Each,TRUE,5086003,230450
692,Bonds Damn Dry Midi Light Bladder Leaks Underwear Size 18 Each,TRUE,6106445,231184
693,Bonds Damn Dry Midi Period Underwear Size 12 Each,TRUE,5086069,230686
694,Bonds Fashion Skinny Leggings 150d L/xl Each,TRUE,3997509,108773
695,Bonds Hipster Bikini Size 12 2 Pack,TRUE,3629797,108349
696,Bonds Instatan Sheer Stockings Slim Tight Light Brown Small Each,TRUE,4163812,431186
697,Bonds Instatan Sheer Stockings Slim Tight Medium Brown Large Each,TRUE,4163834,431228
698,Bonds Kids Socks Lowcut Logo Size 13-3 Assorted 3 Pack,TRUE,7665500,253625
699,Bonds Men's Damn Dry Briefs Size Large Each,TRUE,6107007,309338
700,Bonds Men's Damn Dry Briefs Size Medium Each,TRUE,6106682,307550
701,Bonds Men's Damn Dry Briefs Size X Large Each,TRUE,6107164,309742
702,Bonds Mens Socks Logo 1/4 Sports Size 11-14 Assorted 3 Pack,TRUE,5604684,361096
703,Bonds Mens Underwear Hipster Brief Large Assorted 5 Pack,TRUE,4729345,257600
704,Bonds Mens Underwear Hipster Brief Medium Assorted 5 Pack,TRUE,4728660,257599
705,Bonds Mens Work Crew Socks Size 6+ 3 Pack,TRUE,5746510,881352
706,Bonds No Show Footlets Nude (3-8 & 8-11) Each,TRUE,5723435,130581
707,Bonds Seamless Full Brief Size 14 Assorted 2 Pack,TRUE,4962656,660182
708,Bonds Womens Bikini Size 14 3 Pack,TRUE,7083629,17836
709,Bonds Womens Logo Light Weight Size 3-8 Assorted 4 Pack,TRUE,2982540,660316
710,Bonds Women's Underwear Cottontails Size 12 Assorted 2 Pack,TRUE,3711107,24456
711,Bonds Womens Underwear Cottontails Size 14 Assorted 2 Pack,TRUE,6845610,24458
712,Bonds Womens Underwear Cottontails Size 16 Assorted 2 Pack,TRUE,4962587,24459
713,Bonds Womens Underwear Cottontails Size 18 Assorted 2 Pack,TRUE,6842305,24460
714,Bonne Maman Apricot Jam 370g,TRUE,5034203,63083
715,Bonne Maman Orange Marmalade 370g,TRUE,5034236,67146
716,Bonne Maman Raspberry Jam 370g,TRUE,8558164,49905
717,Bonne Maman Strawberry Conserve 370g,TRUE,5935149,63040
718,Bonne Maman Strawberry Spread 335g,TRUE,4873884,237398
719,Bonsoy Almond Milk 1l,TRUE,3740660,85169
720,Bonsoy Long Life Soy Milk 1l,TRUE,5357053,56731
721,Bonvit Psyllium Husks 500g,TRUE,9778360,138369
722,Bonvit Roasted Dandelion Tea Bags 32 Pack,TRUE,7032628,59823
723,Borg's Pastizzis Triangles Spinach & Ricotta 360g,TRUE,9319680,177218
724,Borg's Spinach & Ricotta Pastizzis 625g,TRUE,9317480,766488
725,Bosisto's Antibacterial Solution Eucalyptus & Lemon Myrtle 500ml,TRUE,4950599,206839
726,Bosisto's Aroma Sleep Mist 125ml,TRUE,3411500,661414
727,"Bosisto's Banksia, Nerolina & Lavender Moisturising Body Wash 1l",TRUE,4309791,226854
728,Bosisto's Bathroom & Shower Cleaner 500ml,TRUE,3466659,951
729,Bosisto's Body Wash Finger Lime & Coconut 1l,TRUE,5250639,299542
730,Bosisto's Eucalyptus Drops Sugar Free 50g,TRUE,7187442,755302
731,Bosisto's Eucalyptus Oil 175ml,TRUE,3280140,804262
732,Bosisto's Eucalyptus Oil 50ml,TRUE,299539,829083
733,Bosisto's Floor Cleaner 750ml,TRUE,3738952,579482
734,Bosisto's Insect Spray Dust Mites Eucalyptus 200g,TRUE,5025053,789017
735,Bosisto's Kakadu Plum & Lemon Myrtle Nourishing Body Wash 1l,TRUE,4309816,227823
736,Bosisto's Lavender Spray 125g,TRUE,3281008,604806
737,Bosisto's Multipurpose Cleaner 500ml,TRUE,3466660,1866
738,Bosisto's Sensitive Laundry Liquid 1.2l,TRUE,3455459,864345
739,Bosisto's Sensitive Laundry Powder 1kg,TRUE,3196690,702103
740,Bosistos Sleep Roll On,TRUE,6135320,138284
741,Bosisto's Tea Tree Spray 125g,TRUE,3734420,604807
742,Bostik Blu-tack Colour 75g,TRUE,3782863,283055
743,Bostik Glue Stick 35g 2 Pack,TRUE,2795270,744423
744,Boston Bay Mussel Hot Pot In White Wine,TRUE,7909048,237429
745,Botanica Candle Moroccan Mint & Pink Grapefruit 205g,TRUE,3721381,78663
746,Botanica Caribbean Vetiver & Sandalwood Air Freshener Room Spray 236ml,TRUE,3964328,136533
747,Botanica Coconut Milk & Indonesian Patchouli Plug-in Diffuser 19ml,TRUE,7535491,236771
748,Botanica Island Rose & African Geranium Air Freshener Room Spray 236ml,TRUE,3721268,78656
749,Botanica Luxe Vanilla Candle 250g,TRUE,8163687,905307
750,Botanica Pomegranate & Italian Bergamot Air Freshener Room Spray 236ml,TRUE,4883866,136622
751,Botanica Vanilla & Himalayan Magnolia Reed Diffuser 80ml,TRUE,3721326,78659
752,Bounce Cashew Caramel Energy Ball 40g,TRUE,3014001,700604
753,Bounce Keto Fat Bomb Bar Choc Hazelnut,TRUE,6360279,256574
754,Bounce Low Carb Bar Caramel Cookie Dough,TRUE,6360348,255317
755,Brasso Metal Polish Metal 250ml,TRUE,8486198,114785
756,Bravo Apple Fresh Each,TRUE,5899410,625158
757,Breaka Chupa Chups Strawberries & Cream,TRUE,6257611,262751
758,Bref Blue Active Toilet Cleaner Block Eucalyptus 1 Pack,TRUE,3032819,624144
759,Bref Blue Active Toilet Cleaner Block Flower 2 Pack,TRUE,3744671,805171
760,Bref Brilliant Gel Toilet Cleaner Block Artic Ocean 1 Pack,TRUE,4224291,150502
761,Bref Brilliant Gel Toilet Cleaner Block Spring Rain 1 Pack,TRUE,4224280,150501
762,Bref Deluxe Active Lovely Jasmine Gel Toilet Cleaner 600ml,TRUE,5150747,230867
763,Bref Deluxe Toilet Cleaner Block Jasmine 1 Pack,TRUE,3744718,92702
764,Bref Deluxe Toilet Cleaner Block Magnolia 2 Pack,TRUE,4224360,95186
765,Bref Deluxe Toilet Cleaner Block Royal Jasmine 2 Pack,TRUE,6432880,164563
766,Bref Duo Cubes Blue Action Toilet Cleaner Block In Cistern 2 Pack,TRUE,2731630,463969
767,Bref Power Active Toilet Cleaner Block Flower 1 Pack,TRUE,2731492,558261
768,Bref Power Active Toilet Cleaner Block Hawaii 1 Pack,TRUE,3223792,686983
769,Bref Power Active Toilet Cleaner Block Lemon 1 Pack,TRUE,3476040,463854
770,Bref Power Active Toilet Cleaner Block Ocean 2 Pack,TRUE,3744682,26919
771,Bref Purple Active Toilet Cleaner Block Lavender 1 Pack,TRUE,3744773,686985
772,Bref Scent Switch Toilet Cleaner Block Apple & Water Lily 2 Pack,TRUE,4224350,94249
773,Bref Spa Moments Harmony Toilet Block 50g,TRUE,6419983,277788
774,Bref Spa Moments Rim Block Toilet Cleaner Harmony 50g X 2 Pack,TRUE,6420144,320688
775,Brita Maxtra Plus Water Jug Filter 6pk,TRUE,3779632,670473
776,Brita Starter Pack Water Filter Jug White 3.5l,TRUE,5651550,238952
777,Britannia Bourbon Chocolate Biscuits 390g,TRUE,2157229,753062
778,Britannia Little Hearts 75g,TRUE,2603030,761613
779,Brite Organix Semi Permanent Hair Colour Turquoise 75ml,TRUE,5272100,443920
780,Brite Semi Permanent Hair Colour Colour Blue 75ml,TRUE,5272085,755309
781,Brite Semi Permanent Rose Hair Colour Each,TRUE,5272074,578510
782,Brite White Toner Each,TRUE,5288540,161873
783,Britex Carpet & Upholstery Wipes 20 Pack,TRUE,4232610,215704
784,Brownes Dairy Wiggles Blueberry Pouch Lactose Free,TRUE,6623356,63923
785,Brownes Dairy Wiggles Strawberry Pouch Lactose Free,TRUE,6623378,64025
786,Brunnings 1 Hr Fast Action Weed Kill 1l,TRUE,7080711,626668
787,Brunnings All Purpose Npk Fertiliser For Indoor & Outdoor Plants 500g,TRUE,8677979,234686
788,Brunnings Bug & Fungus Kill Rtu 1l,TRUE,3739194,12416
789,Brunnings Fast Action Path Weeder Rtu 1l,TRUE,7080744,12478
790,Brunnings Feed 'n Weed Hose-on 2.7l,TRUE,5318288,430500
791,Brunnings Organic Fruit & Citrus Food 2.5kg,TRUE,5445638,12482
792,Brunnings Premium Garden Hose 15m,TRUE,7484266,626669
793,Brunnings Weed Kill Concentrate 1l,TRUE,4557410,195265
794,Brunswick Original Kipper 100g,TRUE,9141260,35976
795,Brunswick Sardines In Olive Oil 106g,TRUE,5231601,246335
796,Brunswick Sardines Tomato Sauce 106g,TRUE,227469,38844
797,Brut Adventure 72h Anti Perspirant Fire 130g,TRUE,5305967,235557
798,Brut Aftershave Boxed 100ml,TRUE,5250945,43274
799,Brut Aftershave Splash On 200ml,TRUE,102849,30495
800,Brut Anti-perspirant Blood Orange & Bergamot 130g,TRUE,6474675,306945
801,Brut Anti-perspirant Sage & Sandalwood 130g,TRUE,6474686,307003
802,Brut Anti-perspirant Tangerine & Tonka 130g,TRUE,6474562,303769
803,Brut Deodorant Roll On Stick Original 75g,TRUE,5288937,41655
804,Brut Endurance 48hr Ultra Dry Antiperspirant 130g,TRUE,5305945,227361
805,Brut Original 24hr Antiperspirant 130g,TRUE,5306110,227732
806,Brut Original 72hr Antiperspirant 130g,TRUE,5358679,227360
807,Brut Original Body Spray 130g,TRUE,5306100,227733
808,Brylcreem Hair Original 150ml,TRUE,252706,176756
809,Bsc Body Science Collagen Low Carb Protein Bar Peanut Butter Chocolate 60g,TRUE,3937245,98356
810,Bsc Body Science High Protein Low Carb Bar Cookie Dough 60g,TRUE,2898818,600472
811,Bsc Body Science High Protein Low Carb Bar Multi Pack Cookies & Cream 60g X 5pk,TRUE,3926770,96092
812,Bsc Body Science High Protein Low Carb Bar Salted Caramel 60g,TRUE,3125840,706807
813,Bsc Body Science High Protein Low Carb Plant Bar Cookies & Cream 45g,TRUE,4281309,174275
814,Bsc Body Science Leanest Low Carb High Protein Bar Multipack Chocberry Ripple 30g X 7pk,TRUE,5074139,229372
815,Bubble O Bill Frozen Dessert Sticks With Bubble Gum 4 Pack,TRUE,4497771,178071
816,Bubbleme At Home Bubble Tea Kit Royal Black Tea Flavour 280g,TRUE,4969531,189197
817,Bubly Blackberry Sparkling Water No Sugar Multipack Cans 375ml X 8 Pack,TRUE,6274508,280394
818,Bubly Lime Sparkling Water No Sugar Multipack Cans 375ml X 8 Pack,TRUE,6274494,283456
819,Bubly Passionfruit Sparkling Water No Sugar Multipack Cans 375ml X 8 Pack,TRUE,6274519,282425
820,Buddee Chocolate Spread 270g,TRUE,5497267,237565
821,Buddee Smooth Nut Free Spread 270g,TRUE,5497234,238202
822,Buderim Ginger Cordial 750ml,TRUE,8586385,146307
823,Buderim Ginger Marmalade 365g,TRUE,5103441,249361
824,Buk Choy Asian Greens Each,TRUE,4565907,134801
825,Bull Dog Skincare For Men Original Face Scrub 125ml,TRUE,3365855,578732
826,Bull Dog Skincare For Men Original Face Wash 150ml,TRUE,3365833,575970
827,Bull Dog Skincare For Men Original Moisturiser 100ml,TRUE,3365844,739321
828,Bull Dog Skincare For Men Sensitive Moisturiser 100ml,TRUE,3402601,765739
829,Bull Dog Skincare Original Bamboo Razor Handle Each,TRUE,5856439,77871
830,Bulla Cooking Cream 300ml,TRUE,5823407,258746
831,Bulla Cottage Cheese Onion & Chives 200g,TRUE,393967,41404
832,Bulla Cottage Cheese Original 200g,TRUE,393989,41402
833,Bulla Creamy Classics Choc Hazelnut,TRUE,5854364,275940
834,Bulla Creamy Classics Cones Choc Honeycomb 4 Pack,TRUE,5487864,180256
835,Bulla Creamy Classics Cones Vanilla Fudge 4 Pack,TRUE,5487810,180294
836,Bulla Creamy Classics Ice Cream Cookies & Cream 2l Tub,TRUE,9486411,191046
837,Bulla Creamy Classics Ice Cream Mint Choc Chip 2l Tub,TRUE,5049084,259612
838,Bulla Creamy Classics Ice Cream Rich Choc Chip 2l Tub,TRUE,9486397,191048
839,Bulla Creamy Classics Ice Cream Sandwich Neapolitan 4 Pack,TRUE,3847980,105495
840,Bulla Creamy Classics Ice Cream Sandwich Vanilla 4 Pack,TRUE,3846140,105678
841,Bulla Creamy Classics Ice Cream Vanilla & Boysenberry 2l,TRUE,9486590,574618
842,Bulla Creamy Classics Ice Cream Vanilla 2l,TRUE,7999459,191043
843,Bulla Creamy Classics Neapolitan Cones 4 Pack,TRUE,5487842,179938
844,Bulla Creamy Classics Neapolitan Tub,TRUE,3884921,120378
845,Bulla Creme Fraiche 200ml,TRUE,8453381,374553
846,Bulla Dollop Thick Cream Cup 200ml,TRUE,6608148,312417
847,Bulla Double Cream 200ml,TRUE,3228468,547134
848,"Bulla Frozen Yoghurt Strawberry, Mango & Wildberry 8 Pack",TRUE,6749810,318641
849,Bulla Fudge Bars 8 Pack,TRUE,4457201,179916
850,Bulla Icy Pops Lemonade Raspberry & Cola 10 Pack,TRUE,9923276,730629
851,Bulla Light Sour Cream 200ml,TRUE,416701,42449
852,Bulla Light Thickened Cream 300ml,TRUE,5089012,37325
853,Bulla Mini Frozen Yoghurt Assorted Flavours 14 Pack,TRUE,6043866,279664
854,Bulla Murray St Ice Creamery Vanilla Bean Ice Cream 1l,TRUE,5363599,232149
855,Bulla Premium Sour Cream 200ml,TRUE,8242670,95502
856,Bulla Sour Cream 400ml,TRUE,3540638,547135
857,Bulla Sour Cream Light 400ml,TRUE,3540649,547136
858,Bulla Sour Cream Light Lactose Free 200g,TRUE,3540650,681525
859,Bulla Splits Ice Cream Wildberry Orange Tropical 10 Pack,TRUE,5892294,178943
860,Bulla Splits Summer Variety Sticks 10 Pack,TRUE,4455556,180227
861,Bulla Thickened Cream 300ml,TRUE,381323,42812
862,Bulla Thickened Cream 600ml,TRUE,381312,47022
863,Bundaberg Ginger Beer 375ml,TRUE,2782562,98838
864,Bundaberg Ginger Beer 375ml X4 Pack,TRUE,3270930,97471
865,Bundaberg Sarsaparilla 375ml X4 Pack,TRUE,7374520,229039
866,Bundaberg Tropical Mango Sparkling Drink 375ml X4 Pack,TRUE,3038994,652009
867,Buono Mochi Ice Chocolate 6 Pack,TRUE,3785760,187311
868,Buontempo Gluten Free Pasta Penne 600g,TRUE,5493776,193723
869,Buontempo Gluten Free Pasta Spirals 600g,TRUE,5493765,188832
870,Burgen Lower Carb High Protein Sunflower & Linseed Bread Loaf 660g,TRUE,4406131,164022
871,Burgen Rye Low Gi Sliced Bread Loaf 700g,TRUE,5249684,232832
872,Burgen Soy & Linseed Low Gi Sliced Bread Loaf 700g,TRUE,6712445,232833
873,Burgen Wholemeal & Seeds Low Gi Sliced Bread Loaf 700g,TRUE,5369358,253921
874,Burgerman Burger Man Snacks Saucee Original Snacks,TRUE,5354102,201470
875,Burt's Bees Beeswax Lip Balm 4.25g,TRUE,3988519,325463
876,Burt's Bees Moisturising Lip Balm Watermelon 4.25g,TRUE,3833851,57400
877,Burt's Bees Pomegranate Lip Balm,TRUE,3271490,325484
878,Bushells Black Tea Extra Strong 100 Pack,TRUE,8918394,148131
879,Bushells Blue Label Black Tea 100 Pack,TRUE,250154,36655
880,Bushells Coffee Essence Sweet Chicory 250ml,TRUE,116708,33839
881,Bushells Powdered Coffee Classic 200g,TRUE,8456958,478354
882,Bushells Turkish Coffee 250g,TRUE,116457,757042
883,Bushman Heavy Duty Repellent 130g,TRUE,6939892,325138
884,Bushman Plus 20% Deet Insect Repellent Pump Spray 100ml,TRUE,2770279,629378
885,Butterfingers Gluten Free Shortbread Biscuits Macadamia 175g,TRUE,5767204,319636
886,Byron Bay Cookies Milk Choc Chunk Cookie Bites 100g,TRUE,3762527,656932
887,Byron Bay Cookies Triple Choc Cookie Bites 100g,TRUE,2992656,83831
888,Byron Beef Jerky Smokey 40g,TRUE,7433119,682322
889,Byron Beef Jerky Smoking Hot,TRUE,4498468,682358
890,Byron Honey Raw And Natural 500g,TRUE,9039050,231686
891,C4 Smart Energy Drink Watermelon Burst 473ml,TRUE,5721779,307662
892,C4 Smart Energy Icy Blue Razz Can 473ml,TRUE,5721790,307009
893,C4 Smart Energy Peach Mango Nectar Can 473ml,TRUE,5721780,306678
894,Cabbage Red Half Each,TRUE,3668020,134986
895,Cadbury Baking Bournville Cocoa Powder 250g,TRUE,115953,267413
896,Cadbury Baking Dark 70% Cocoa Chocolate Block 180g,TRUE,2516605,813878
897,Cadbury Baking Dark Chocolate Block 180g,TRUE,2313696,813868
898,Cadbury Baking Dark Chocolate Chips 200g,TRUE,2313608,828994
899,Cadbury Baking Dark Chocolate Melts 225g,TRUE,2313641,829009
900,Cadbury Baking Milk Chocolate Block 180g,TRUE,2313700,813865
901,Cadbury Baking Milk Chocolate Chips 200g,TRUE,2313620,829004
902,Cadbury Baking Milk Chocolate Chips Value Pack 410g,TRUE,4744495,208101
903,Cadbury Baking Milk Chocolate Melts 225g,TRUE,2313652,829005
904,Cadbury Baking White Chocolate Block 180g,TRUE,2313685,813880
905,Cadbury Baking White Chocolate Chips 200g,TRUE,2313619,490219
906,Cadbury Boost Chocolate Bar 60g,TRUE,4425023,225067
907,Cadbury Bubbly Mint Chocolate Bunny 32g,TRUE,7109427,407339
908,Cadbury Cadbury Caramilk Chocolate Baking Chips 260g,TRUE,3985452,142137
909,Cadbury Caramel Cake Bars,TRUE,2995993,633064
910,Cadbury Caramilk Chocolate Bar 45g,TRUE,4237883,142334
911,Cadbury Caramilk Chocolate Crunchie Bites 120g,TRUE,7673860,405519
912,Cadbury Caramilk Chocolate Easter Gift Box 153g,TRUE,3956567,398592
913,Cadbury Caramilk Marble Chocolate Block 173g,TRUE,4150140,141726
914,Cadbury Caramilk Mousse Cake,TRUE,4924941,212235
915,Cadbury Caramilk Sticks 360ml X4 Pack,TRUE,4233259,150927
916,Cadbury Caramilk Twirl Bites 130g,TRUE,5888548,252006
917,Cadbury Caramilk Wallaby Chocolate Sharepack 12 Pack 144g,TRUE,6325347,277647
918,Cadbury Cherry Ripe Chocolate Bar 52g,TRUE,136534,320108
919,Cadbury Cherry Ripe Chocolate Minis 150g,TRUE,4700015,255143
920,Cadbury Cherry Ripe Chocolate Sharepack 12 Pack 180g,TRUE,2352982,829144
921,Cadbury Cherry Ripe Double Dipped Chocolate Bar 40g,TRUE,7843879,610117
922,Cadbury Cherry Ripe Double Dipped Chocolate Bar 47g,TRUE,2427185,843820
923,Cadbury Cherry Ripe Hollow Chocolate Easter Egg 110g,TRUE,3956603,126316
924,Cadbury Choc Centre Cookies 156g,TRUE,2994232,653420
925,Cadbury Chocolate Christmas Variety Classics 415g,TRUE,8476310,326612
926,Cadbury Chocolate Pascall Caramels Lollies 160g,TRUE,7109620,828973
927,Cadbury Chomp Chocolate Bar 30g,TRUE,387895,98361
928,Cadbury Clinkers Chocolate Easter Bunny 160g,TRUE,7109460,397140
929,Cadbury Crunchie Chocolate Bar 50g,TRUE,136523,98368
930,Cadbury Crunchie Chocolate Sharepack 12 Pack 180g,TRUE,2352971,829138
931,Cadbury Curlywurly Squirlies Chocolate Bag 130g,TRUE,6435061,299417
932,Cadbury Dairy Milk Black Forest Chocolate Block 180g,TRUE,2351673,814620
933,Cadbury Dairy Milk Breakaway Chocolate Bar 44g,TRUE,5148359,210616
934,Cadbury Dairy Milk Caramello Chocolate Bar 55g,TRUE,5072600,8877
935,Cadbury Dairy Milk Caramello Chocolate Block 180g,TRUE,2351662,814622
936,Cadbury Dairy Milk Caramello Koala Chocolate 35g,TRUE,2395362,840556
937,Cadbury Dairy Milk Chocolate Bar 45g,TRUE,3975018,60136
938,Cadbury Dairy Milk Chocolate Bar 50g,TRUE,8801138,320105
939,Cadbury Dairy Milk Chocolate Block 180g,TRUE,2351709,814479
940,Cadbury Dairy Milk Chocolate Caramello Koala Sharepack 12 Pack 180g,TRUE,2353056,829175
941,Cadbury Dairy Milk Chocolate Easter Bunny Sharepack 204g,TRUE,4699812,189762
942,Cadbury Dairy Milk Chocolate Freddo Milky Top Sharepack 12 Pack 144g,TRUE,3768862,87144
943,Cadbury Dairy Milk Chocolate Freddo Sharepack 12 Pack 144g,TRUE,3768851,87143
944,Cadbury Dairy Milk Chocolate Freddo Strawberry Sharepack 12 Pack 180g,TRUE,3615034,91151
945,Cadbury Dairy Milk Chocolate Pudding,TRUE,5589128,271435
946,Cadbury Dairy Milk Chocolate Roll 55g,TRUE,5072676,3158
947,Cadbury Dairy Milk Chocolate Sharepack 12 Pack 144g,TRUE,3768840,87145
948,Cadbury Dairy Milk Freddo Chocolate 35g,TRUE,5248149,326628
949,Cadbury Dairy Milk Furry Friends Chocolate Multipack 100g,TRUE,3273338,779407
950,Cadbury Dairy Milk Hazelnut Chocolate Bites 130g,TRUE,5888810,254449
951,Cadbury Dairy Milk Hazelnut Chocolate Block 180g,TRUE,2351720,814558
952,Cadbury Dairy Milk Peppermint Chocolate Bites 142g,TRUE,5888639,252013
953,Cadbury Dairy Milk Slices Crackle Chocolate Bar 45g,TRUE,6341570,254451
954,Cadbury Dairy Milk Snack Chocolate Block 180g,TRUE,2351618,814626
955,Cadbury Dairy Milk Strawberry Chocolate Bites 142g,TRUE,5888650,252018
956,Cadbury Dairy Milk Top Deck Chocolate Bites 135g,TRUE,5888592,252012
957,Cadbury Dairy Milk Turkish Delight Chocolate Block 180g,TRUE,2351593,814833
958,Cadbury Dairy Milk Vanilla Sticks 4 Pack,TRUE,3880603,122672
959,Cadbury Double Decker Chocolate 54.5g,TRUE,1498155,764104
960,Cadbury Dream Oreo Chocolate Bar,TRUE,5865780,254664
961,Cadbury Dream White Chocolate Bar 50g,TRUE,8885965,142709
962,Cadbury Drinking Chocolate 450g,TRUE,3984857,152988
963,Cadbury Drinking Chocolate Neapolitan 250g,TRUE,4204487,151863
964,Cadbury Favourites Boxed Chocolate 340g,TRUE,3571992,274979
965,Cadbury Favourites Boxed Chocolate 520g,TRUE,3571711,275826
966,Cadbury Favourites Boxed Chocolate 820g,TRUE,4796546,953973
967,Cadbury Favourites Party Edition Boxed Chocolate 520g,TRUE,3571686,275279
968,Cadbury Fingers Milk Chocolate Biscuits 114g,TRUE,3029905,637690
969,Cadbury Flake Chocolate Bar 30g,TRUE,136487,98372
970,Cadbury Flake Chocolate Sharepack 12 Pack 168g,TRUE,6387592,304748
971,Cadbury Freddo & Caramello Koala Choc Large Sharepack 18 Pack 234g,TRUE,4466698,180111
972,Cadbury Freddo Cake 1.5l,TRUE,9093430,51741
973,Cadbury Freddo Chocolate Biscuits 167g,TRUE,3265792,693176
974,Cadbury Fry's Turkish Delight Chocolate Bar 55g,TRUE,136498,98390
975,Cadbury Fry's Turkish Delight Chocolate Bites 140g,TRUE,5888694,252004
976,Cadbury Fry's Turkish Delight Chocolate Sharepack 12 Pack 180g,TRUE,9589265,194882
977,Cadbury Marvellous Creations Jelly Popping Candy Chocolate Bar 50g,TRUE,9186065,715904
978,Cadbury Marvellous Creations Popping Candy Chocolate Block 190g,TRUE,2898997,814894
979,Cadbury Marvellous Creations Rocky Road Chocolate Block 190g,TRUE,6386920,231381
980,Cadbury Milk Chocolate Coated Almonds,TRUE,9893073,162019
981,Cadbury Milk Chocolate Coated Fruit & Nut,TRUE,9893062,162035
982,Cadbury Milk Chocolate Coated Hazelnuts,TRUE,4311964,162033
983,Cadbury Milk Chocolate Coated Peanuts,TRUE,9893084,162020
984,Cadbury Milk Chocolate Coated Sultanas,TRUE,1978401,162034
985,Cadbury Milk Chocolate Mini Frosted Christmas Baubles 80g,TRUE,8476398,909240
986,Cadbury Milk Chocolate Slices Raspberry Block 178g,TRUE,7864664,580014
987,Cadbury Mini Rolls Chocolate 5 Pack,TRUE,1967369,453156
988,Cadbury Old Gold Cherry Ripe Dark Chocolate Block 180g,TRUE,3761182,84869
989,Cadbury Old Gold Dark 70% Cocoa Chocolate Block 180g,TRUE,2350579,813896
990,Cadbury Old Gold Dark Chocolate Coated Almonds,TRUE,3018818,167106
991,Cadbury Old Gold Mint Crème Slices Dark Chocolate Block 170g,TRUE,6313155,263729
992,Cadbury Old Gold Original Dark Chocolate Block 180g,TRUE,2350568,813898
993,Cadbury Old Gold Peanut Brittle Dark Chocolate Block 175g,TRUE,5856541,231984
994,Cadbury Old Gold Peppermint Dark Chocolate Block 180g,TRUE,2350546,817370
995,Cadbury Old Gold Roast Almond Dark Chocolate Block 180g,TRUE,7864697,813897
996,Cadbury Old Gold Rum 'n' Raisin Dark Chocolate Block 180g,TRUE,2350557,813895
997,Cadbury Oreo Chocolate Easter Gift Box 172g,TRUE,7109482,398124
998,Cadbury Pascal Clinkers Chocolate Lollies 160g,TRUE,4825054,828985
999,Cadbury Picnic Chocolate Bar 46g,TRUE,136556,320106
1000,Cadbury Raspberry Mini Rolls Mini Rolls,TRUE,2847726,855750
1001,Cadbury Roses Boxed Chocolate 420g,TRUE,6495493,317394
1002,Cadbury Twirl Breakaway Wafer Chocolate Bar 40g,TRUE,3955190,118040
1003,Cadbury Twirl Caramilk Chocolate Bar 39g,TRUE,3698621,65270
1004,Cadbury Twirl Chocolate Bar 39g,TRUE,5216313,320104
1005,Cadbury Twirl Chocolate Bites 140g,TRUE,5888617,252005
1006,Cadbury Twirl Chocolate Sharepack 12 Pack 168g,TRUE,2353078,829166
1007,Cafe Peak Iced Coffee Latte 240ml,TRUE,5443520,277564
1008,Caffe Aurora Espresso Blend Coffee Beans 1kg,TRUE,4875824,158984
1009,Caffe Aurora Espressotoria Mountain Grown Coffee Capsules 12 Pack,TRUE,2002732,829319
1010,Caffe Aurora Espressotoria Piccolo Coffee Machine Each,TRUE,5086750,86640
1011,Caffe Aurora Freeze Dried Coffee Italian Style 100g,TRUE,9392486,175462
1012,Caffe Aurora Ground Coffee Italian Blend 1kg,TRUE,4824404,158982
1013,Caffe Aurora Ground Coffee Italian Blend 500g,TRUE,4875835,159898
1014,Caffe Aurora Italian Blend Coffee Beans 1kg,TRUE,4824415,158974
1015,Caffe Aurora Italian Coffee Capsules 100g,TRUE,1825874,798705
1016,Caffe Aurora Prima Qualita Coffee Beans 1kg,TRUE,4875802,159012
1017,Calbee Harvest Snaps Baked Pea Crisps Chilli 120g,TRUE,5994170,259669
1018,Calbee Harvest Snaps Original Salted 120g,TRUE,5994079,262805
1019,Calbee Harvest Snaps Original Salted 230g,TRUE,5996256,263579
1020,Calbee Harvest Snaps Original Salted 5 Pack,TRUE,5996529,265696
1021,Calbee Harvest Snaps Salt & Vinegar 120g,TRUE,5994080,262796
1022,Calbee Harvest Snaps Salt & Vinegar 230g,TRUE,5996303,274784
1023,Calbee Harvest Snaps Salt & Vinegar 5 Pack,TRUE,5996540,265706
1024,Calbee Potato Chips Hot & Spicy 55g,TRUE,3728187,65863
1025,Calbee Potato Chips Pizza Flavoured 55g,TRUE,3728154,63582
1026,Califia Farms Oat Barista Blend Uht Milk 1l,TRUE,7081055,155190
1027,Calippo Streets Mini Water Ice Block Raspberry Pineapple 10 Pack,TRUE,6050216,279904
1028,Caltrate Bone & Muscle With Calcium & Vitamin D3 60 Pack,TRUE,7831111,787245
1029,Calypso® Mango Each,TRUE,8925050,143679
1030,Campbell's Chunky Soup Beef & Veg 505g,TRUE,4915339,245573
1031,Campbell's Chunky Soup Ham & Pea 505g,TRUE,4905448,245575
1032,Campbell's Chunky Soup Irish Stew Style 505g,TRUE,4905947,247332
1033,Campbell's Chunky Soup Potato & Bacon 505g,TRUE,4915361,245580
1034,Campbell's Chunky Soup Roast Chicken & Vegetable 505g,TRUE,4915350,245581
1035,Campbell's Condensed Soup Cream Of Chicken 420g,TRUE,128999,34282
1036,Campbell's Condensed Soup Split Pea & Ham 420g,TRUE,129007,36447
1037,Campbell's Condensed Soup Tomato 420g,TRUE,128911,34287
1038,Campbell's Country Ladle Soup Butternut Pumpkin 505g,TRUE,7165858,45795
1039,Campbell's Country Ladle Soup Chicken & Sweet Corn 505g,TRUE,4887131,186164
1040,Campbell's Country Ladle Soup Chicken Noodle 500g,TRUE,8027044,370259
1041,Campbell's Country Ladle Soup Creamy Chicken 500g,TRUE,9680312,204677
1042,Campbell's Country Ladle Soup Farmhouse Vegetable 495g,TRUE,7165971,45931
1043,Campbell's Country Ladle Soup Garden Vegetable & Wholegrain Barley 500g,TRUE,6815812,320499
1044,Campbell's Country Ladle Soup Hearty Beef & Vegetable 500g,TRUE,8925800,144709
1045,Campbell's Country Ladle Soup Minestrone 495g,TRUE,7166090,45777
1046,Campbell's Country Ladle Soup Pea & Ham 500g,TRUE,7974323,99542
1047,Campbell's Country Ladle Soup Potato & Leek 505g,TRUE,9190856,167572
1048,Campbell's Country Ladle Soup Rich & Creamy Pumpkin 500g,TRUE,8027055,370260
1049,Campbell's Real Stock Beef Liquid Stock 1l,TRUE,8055800,30825
1050,Campbell's Real Stock Beef Liquid Stock 250ml,TRUE,1190149,749885
1051,Campbell's Real Stock Beef Liquid Stock 500ml,TRUE,6149743,93351
1052,Campbell's Real Stock Beef Salt Reduced Liquid Stock 1l,TRUE,9209230,172643
1053,Campbell's Real Stock Chicken Liquid Stock 1l,TRUE,8157935,77750
1054,Campbell's Real Stock Chicken Liquid Stock 250ml,TRUE,1190150,749870
1055,Campbell's Real Stock Chicken Liquid Stock 500ml,TRUE,6149845,34559
1056,Campbell's Real Stock Chicken Salt Reduced Liquid Stock 1l,TRUE,8837306,144283
1057,Campbell's Real Stock Chicken Salt Reduced Liquid Stock 500ml,TRUE,8851078,282923
1058,Campbell's Real Stock Mushroom 1l,TRUE,6339400,258051
1059,Campbell's Real Stock Vegetable Liquid Stock 1l,TRUE,8053838,30856
1060,Campbell's Real Stock Vegetable Liquid Stock 500ml,TRUE,7198416,41444
1061,Campbell's Real Stock Vegetable Salt Reduced Liquid Stock 1l,TRUE,9209229,172638
1062,Campbell's Spaghetti Sauce With Beef With Beef 410g,TRUE,126100,37184
1063,Cancer Council Face & Body Moisturiser Day Wear Spf 50+ 150ml,TRUE,3816386,335857
1064,Cancer Council Face Day Wear Moisturiser Matte Invisible Spf 50+ 75ml,TRUE,3248272,699444
1065,Cancer Council Kid Sunscreen Spf50+ 500ml,TRUE,2464807,505442
1066,Cancer Council Kids Spf 50+ Sunscreen 110ml,TRUE,5273918,221577
1067,Cancer Council Moisture Sunscreen Spf 50+ 110ml,TRUE,3299987,699308
1068,Cancer Council Spf 50+ Sunscreen Ultra 75ml,TRUE,5996290,765320
1069,Cancer Council Ultra Spf 50+ Sunscreen 110ml,TRUE,1159910,751238
1070,Canesten Athlete's Foot Cream 50g,TRUE,6591522,313472
1071,Canesten Disinfectant Laundry Sanitiser 2l,TRUE,5086740,215264
1072,Capilano 100% Pure Australian Creamed Honey Tub 500g,TRUE,134801,14039
1073,Capilano 100% Pure Australian Honey Active Manuka Mgo30+ Squeeze 340g,TRUE,2898986,579712
1074,Capilano 100% Pure Australian Honey Jar 500g,TRUE,313367,33642
1075,Capilano 100% Pure Australian Honey Non Active Manuka Squeeze 340g,TRUE,6999894,373041
1076,Capilano 100% Pure Australian Honey Pail 1kg,TRUE,161644,680476
1077,Capilano 100% Pure Australian Honey Squeeze 1kg,TRUE,8550989,341817
1078,Capilano 100% Pure Australian Honey Squeeze 340g,TRUE,2630269,954138
1079,Capilano 100% Pure Australian Honey Squeeze 500g,TRUE,9247578,262206
1080,Capilano 100% Pure Australian Honey Twist & Squeeze 220g,TRUE,2212484,802008
1081,Capilano 100% Pure Australian Honey Twist & Squeeze 375g,TRUE,7000188,342395
1082,Capilano 100% Pure Australian Honey Yellow Box Squeeze 340g,TRUE,3629039,59973
1083,Capilano Hot Chilli Honey Squeeze Bottle 340g,TRUE,6943164,322864
1084,Captain's Table Classic Water Crackers 125g,TRUE,8842022,140784
1085,Captain's Table Cracked Black Pepper Water Crackers 125g,TRUE,8841405,140786
1086,Captain's Table Rosemary & Thyme Water Crackers 125g,TRUE,3815838,112388
1087,Carefree Barely There Scented Aloe Liners 42 Pack,TRUE,2621235,270821
1088,Carefree Barely There Unscented Liners 42 Pack,TRUE,9621889,200074
1089,Carefree Flexia Regular Tampons 16 Pack,TRUE,6567131,310242
1090,Carefree Flexia Super Tampons 16 Pack,TRUE,6567142,310243
1091,Carefree Liners Breathable Unscented Liners 48 Pack,TRUE,2621246,164000
1092,Carefree Original Long Unscented Liners 30 Pack,TRUE,6899437,96696
1093,Carefree Original Unscented Liners 30 Pack,TRUE,6932962,92512
1094,Carefree Original Unscented Liners 48 Pack,TRUE,9123815,162559
1095,"Carman's Almond, Cashew & Cranberry Nut Bars 5 Pack",TRUE,1018362,740020
1096,Carman's Apple & Strawberry Fruit Straps 5 Pack,TRUE,6323603,277448
1097,Carman's Aussie Oat Clusters Berry Crunch 450g,TRUE,7043985,385531
1098,Carman's Aussie Oat Muesli Bars Vanilla Birthday Cake 6 Pack,TRUE,5616923,132534
1099,Carman's Classic Fruit & Nut Muesli 500g,TRUE,6920566,146326
1100,Carman's Dark Choc Cherry Coconut Bar 210g,TRUE,2913751,667701
1101,Carman's Double Dark Choc Protein Bar 10 Pack,TRUE,4256833,175651
1102,Carman's Gourmet Granola Roasted Almond Macadamia &  Vine Fruit 400g,TRUE,7043726,272315
1103,Carman's Gourmet Protein Bars Dark Choc & Cranberry 200g,TRUE,2129482,786273
1104,Carman's Gourmet Protein Bars Salted Caramel Bars 200g,TRUE,3387869,810343
1105,Carman's Grain Free Granola Almond Macadamia Cashew & Pecan 400g,TRUE,5297280,209633
1106,"Carman's Grain Free Granola Raspberry, Blueberry & Cranberry 400g",TRUE,5297326,208879
1107,Carman's Greek Yoghurt & Berry Protein Bars 5 Pack,TRUE,2392513,867857
1108,Carman's High Fibre Bakes Dark Choc Cherry,TRUE,6380254,270119
1109,Carman's Limited Edition Cookies & Cream Bars 5 Pack,TRUE,3786900,78646
1110,Carman's Low Sugar & Low Carb Bars Honeycomb Whip,TRUE,5153450,222885
1111,Carman's Low Sugar Protein Dark Choc & Roasted Nut Bar 5 Pack,TRUE,7078119,383820
1112,Carman's Muesli Original 875g,TRUE,3500269,688530
1113,Carman's Natural Bircher Muesli 500g,TRUE,8563721,146327
1114,Carman's Original Fruit Free Muesli 500g,TRUE,5792267,146325
1115,Carman's Original Fruit Free Muesli Bars 6 Pack,TRUE,9460462,214717
1116,Carman's Peanut Butter Protein Bar 4 Pack,TRUE,5153439,222684
1117,Carman's Porridge 5 Grain Superseed 320g,TRUE,2877104,687790
1118,Carman's Porridge Sachets Blueberry Crumble,TRUE,6158653,270900
1119,Carman's Protein Bakes Salted Caramel 5 Pack,TRUE,4456130,176563
1120,"Carman's Protein Muesli Bars Coconut, Yoghurt & Roasted Nut 200g",TRUE,2795542,505103
1121,Carman's Roasted Nut Bars Greek Style Yoghurt Blueberry 160g,TRUE,1905248,786274
1122,Carman's Salted Dark Choc Almond Gourmet Protein Bars 200g,TRUE,3022961,665449
1123,Carman's Super Berry Muesli Bars 6 Pack,TRUE,2392502,867812
1124,Carman's Super Berry Muesli Blueberry & Goji Muesli 500g,TRUE,2496461,922530
1125,Carmex Lip Balm Moisturising Jar 7.5g,TRUE,8177160,715787
1126,Carmex Strawberry Moisturising Lip Balm 10g,TRUE,7043282,196599
1127,Carrot Fresh Each,TRUE,4223335,135344
1128,Cashmere Bouquet Bar Soap Lavender 100g X4 Pack,TRUE,245686,310410
1129,Castello Aged Havarti Cheese Block 200g,TRUE,5400130,67699
1130,Castello Blue Cheese Creamy 150g,TRUE,212188,48824
1131,Castello Brie Double Cream 150g,TRUE,3272845,48920
1132,Castello Creamy Havarti 200g,TRUE,3029086,684255
1133,Castello Double Cream Truffle,TRUE,3301820,964767
1134,Castello Extra Creamy Mild Blue Cheese 100g,TRUE,3560453,308976
1135,Castello Greek Style Cheese 430g,TRUE,3272889,611883
1136,Castello Mild Blue Cheese 150g,TRUE,8547113,486762
1137,Castello Mini Cheeses Creamy Blue 5 Pack,TRUE,3842750,117369
1138,Castello Soft Mild Blue Cheese 300g,TRUE,3301830,110572
1139,Cavendish Bananas Each,TRUE,409499,133211
1140,Cc's Corn Chips Chilli & Lime,TRUE,6618684,265185
1141,Cc's Corn Chips Nacho Cheese 175g,TRUE,1795376,781050
1142,Cc's Corn Chips Original 175g,TRUE,1795354,781061
1143,Cc's Corn Chips Tasty Cheese 175g,TRUE,1795365,781046
1144,Cc's Cornados Corn Chips Cheese Supreme 110g,TRUE,4855769,158958
1145,Celery Fresh Bunch,TRUE,4845732,135918
1146,Celestial Seasonings Sleepytime Mint Tea Bags 20 Pack,TRUE,489454,224639
1147,Cenovis Echinacea 5000 Capsules For Immune Support 60 Pack,TRUE,9677125,205649
1148,Cenovis Echinacea Garlic Zinc & Vitamin C For Immune Support 125 Pack,TRUE,7103770,324756
1149,Cenovis Echinacea Garlic Zinc & Vitamin C For Immune Support 60 Pack,TRUE,8142439,82194
1150,Cenovis Garlic Horseradish + Vitamin C Complex For Immune Support 120 Pack,TRUE,4779773,233149
1151,Cenovis Ginkgo Biloba 2000 Memory Support Tablets 100 Pack,TRUE,4730592,216943
1152,Cenovis Magnesium Tablets Muscle Health Supplement 120 Pack,TRUE,4226435,153979
1153,Cenovis Mega Vitamin C 1000mg Chewable Tablets For Immune Support 100 Pack,TRUE,3765456,85594
1154,Cenovis Mega Vitamin C 1000mg Chewable Tablets For Immune Support 60 Pack,TRUE,9314518,168814
1155,Cenovis Men's Multivitamin Capsules + Performance Multi Vitamin 100 Pack,TRUE,2825993,85592
1156,Cenovis Once Daily Women's Multi + Energy Boost Capsules 100 Pack,TRUE,2826001,85596
1157,Cenovis St John's Wort Tablets For Healthy Mood Balance 60 Pack,TRUE,5602430,256175
1158,Cenovis Sugarless Vitamin C Chewable 500mg Tablets Immune Support 160 Pack,TRUE,3765445,85593
1159,Cenovis Sugarless Vitamin C Chewable 500mg Tablets Immune Support 300 Pack,TRUE,9461738,88038
1160,Cenovis Turmeric 3100 Capsules With Curcuminoids For Joint Health 80 Pack,TRUE,2556202,940032
1161,Cenovis Vitamin C 250mg Tablets For Immune Support 150 Pack,TRUE,2556213,828923
1162,Cenovis Vitamin D 1000iu Tablets D3 For Bone Health 200 Pack,TRUE,7973921,375733
1163,Cenovis Women's Multivitamin Capsules Multi Vitamin For Energy 100 Pack,TRUE,2826114,61135
1164,Cenovis Women's Multivitamin Capsules Multi Vitamin For Energy 50 Pack,TRUE,2826103,532118
1165,Cenovis Zinc Plus Tablets For General Wellbeing + Skin Health 150 Pack,TRUE,2828743,460958
1166,Centrum Benefit Blend Collagen Boost With Copper Vitamin C & E 50 Pack,TRUE,4226592,154392
1167,Centrum Benefit Blend Mind & Memory With Ginkgo Ginseng & Brahmi 50 Pack,TRUE,4226581,155364
1168,Centrum Kids Incremin Iron 200ml,TRUE,3469511,706479
1169,Centrum Men 50+ Daily Multivitamin Supplements 60 Pack,TRUE,1770626,780010
1170,Centrum Men Daily Multivitamin Supplements 60 Pack,TRUE,1281685,750905
1171,Centrum Women 50+ Daily Multivitamin Supplements 60 Pack,TRUE,1770660,780021
1172,Centrum Women Daily Multivitamin Supplements 60 Pack,TRUE,1281696,750906
1173,Ceres Organics Brown Rice Cakes Original 110g,TRUE,7657896,363227
1174,Ceres Organics Seaweed Nori Multipack 8x2g Each,TRUE,4476975,726442
1175,Cetaphil Daily Exfoliating Cleanser All Skin Types 178ml,TRUE,4324740,140856
1176,Cetaphil Daily Facial Cleanser Foaming 236ml,TRUE,7061513,546043
1177,Cetaphil Gentle Cleansing Bar All Skin Types 127g,TRUE,3731873,771751
1178,Cetaphil Gentle Foaming Cleanser 236ml,TRUE,4324718,136635
1179,Cetaphil Gentle Skin Cleanser All Skin Types 1l,TRUE,5527823,801238
1180,"Cetaphil Gentle Skin Cleanser, For Face & Body Care 500ml",TRUE,1481174,383489
1181,Cetaphil Optimal Hydration Eye Serum,TRUE,7061433,267712
1182,Chacheer Sunflower Seeds Coconut 228g,TRUE,4211085,830271
1183,Chacheer Sunflower Seeds Spiced 228g,TRUE,4210989,830259
1184,Chang's Crunchy Noodles Noodles 100g,TRUE,6467498,91119
1185,Chang's Noodles Long Life 250g,TRUE,498014,94986
1186,Chang's Rice Vermicelli 250g,TRUE,5609484,87453
1187,Chang's Salad Dressing Oriental 280ml,TRUE,6803642,354423
1188,Chang's Sesame Oil 150ml,TRUE,5099093,76240
1189,Chan's Yum Cha Vegan Spring Roll,TRUE,6517370,28226
1190,Chapstick Conditioner Lip Balm With Spf 15+ Sunscreen 4.2g,TRUE,7332199,35629
1191,Chapstick Strawberry Lip Balm With Spf 15+ Sunscreen 4.2g,TRUE,9739299,38698
1192,Charlie's Lemonade Quencher Fresh Juice,TRUE,4855758,520218
1193,Chatime Brown Sugar Milk Bubble Tea 4 Pack,TRUE,5579102,227178
1194,Chatime Bubble Milk Tea Kit 4 Pack,TRUE,5579055,290949
1195,Chatime Mango Iced Bubble Tea With Popping Pearls 4 Pack,TRUE,5579000,182239
1196,Chatime Peach Iced Bubble Tea With Popping Pearls 4 Pack,TRUE,5578959,183137
1197,Cheer Aussie Jack Burger Slices,TRUE,3847812,166326
1198,Cheer Cheese Block Tasty 1kg,TRUE,192411,166625
1199,Cheer Cheese Slices Tasty,TRUE,217104,166522
1200,Cheer Cheese Slices Tasty 750g,TRUE,3274750,165838
1201,Cheer Cheese Slices Tasty Light 750g,TRUE,5420590,165785
1202,Cheer Mozzarella Slices,TRUE,3560894,166589
1203,Cheesebuddy Gluten Free Cheese Puffs 450g,TRUE,3947351,893902
1204,Cheetos Cheese & Bacon Balls Multipack Snacks 6 Pack,TRUE,8156025,345304
1205,Cheetos Mini Puffs 5 Pack,TRUE,4381959,176163
1206,Cheezels Multipack 6pk 114g,TRUE,8157108,378034
1207,Chickadees Chicken Flavoured Snacks 90g,TRUE,4384582,172110
1208,Chickadees Multipack 6 Pack,TRUE,4467238,196073
1209,Chicken Tonight Simmer Sauce Butter Chicken 495g,TRUE,9804379,194935
1210,Chicken Tonight Simmer Sauce Creamy Mushroom 475g,TRUE,5229370,23712
1211,Chicken Tonight Simmer Sauce Honey & Mustard 485g,TRUE,5717192,12079
1212,Chiko Original Rolls 4 Pack,TRUE,6970032,59793
1213,Chobani Fit Passion Fruit High Protein Greek Yogurt,TRUE,3246732,689463
1214,Chobani Fit Raspberry High Protein Greek Yogurt Pouch 140g,TRUE,3246823,169923
1215,Chobani Fit Strawberry High Protein Greek Yogurt,TRUE,3246743,689462
1216,Chobani Fit Strawberry High Protein Greek Yogurt Pouch 140g,TRUE,3246801,689539
1217,Chobani Fit Tropical High Protein Greek Yogurt,TRUE,3824668,169767
1218,Chobani Fit Vanilla High Protein Greek Yogurt,TRUE,3246787,695986
1219,Chobani Flip Greek Yogurt Almond Coco Loco 140g,TRUE,2974891,611783
1220,Chobani Flip Greek Yogurt Cookies & Cream Crunch 140g,TRUE,3246700,687630
1221,Chobani Flip Greek Yogurt Mint Choc Chip 140g,TRUE,2974971,611904
1222,Chobani Flip Greek Yogurt Strawberry Shortcake 140g,TRUE,4349130,687605
1223,Chobani Flip Greek Yogurt Triple Choc Brownie 140g,TRUE,6621645,267425
1224,Chobani Greek Yogurt Blueberry 160g,TRUE,5938704,263341
1225,Chobani Greek Yogurt Mango 160g,TRUE,5938690,267174
1226,Chobani Greek Yogurt Natural Light Plain 907g,TRUE,1435100,717518
1227,Chobani Greek Yogurt Natural Whole Milk 907g,TRUE,2745340,463666
1228,Chobani Oat Milk Barista Edition 1l,TRUE,5638610,238299
1229,Chobani Oat Milk Plain No Added Sugar 1l,TRUE,5425470,210750
1230,Chobani Oat Yogurt Mango Dairy Free,TRUE,5309232,229708
1231,Chobani Strawberry Greek Yogurt Pouch 140g,TRUE,1434684,768123
1232,"Chris' Deli Avocado, Feta & Spicy Jalapeno",TRUE,4954454,178962
1233,Chris' Dips Three Olive 200g,TRUE,5936720,312362
1234,"Chris' Heritage Dips Blue Cheese, Fig & Pistachio 170g",TRUE,2582097,823695
1235,Chris' Heritage Dips Vintage Cheddar & Caramelised Onion Cheese 170g,TRUE,2582100,823696
1236,Chris' Heritage Goat Cheese & Black Truffle Dip 170g,TRUE,2882578,432784
1237,Chris' Heritage Smoked Gouda & Jalapeno Dip 170g,TRUE,4973583,815421
1238,Chris' Plant Based French Onion Dip,TRUE,4944315,143647
1239,Chris' Plant Based Guacamole Dip,TRUE,3783378,82863
1240,Chupa Chups Lollipop 12g Single,TRUE,6043447,85155
1241,Chupa Chups Lollipops Best Of 25 Pack,TRUE,1954017,379909
1242,Chupa Chups Mixed Minis Frozen Dessert Sticks 10 Pack,TRUE,5488084,241655
1243,Chupa Chups Sour Bites Share Pack 10 Pack,TRUE,4331837,102232
1244,Chux Dish Pro Non Scratch Scrubbing Sponge,TRUE,4398791,178373
1245,Chux Dishwand Handle Each,TRUE,3152311,673717
1246,Chux Dishwand Heavy Duty Refills 3 Pack,TRUE,8463432,674235
1247,Chux Dishwand Non Scratch Refills 6 Pack,TRUE,3838549,111153
1248,Chux Heavy Duty Scourer Sponge 2 Pack,TRUE,9155425,262066
1249,Chux Magic Eraser Big Job Extra Thick 2 Pack,TRUE,8687724,339010
1250,Chux Magic Eraser Spot Cleaner 8 Pack,TRUE,4918031,207919
1251,Chux Non Scratch Scourer Scrubs 4 Pack,TRUE,4398838,203250
1252,Chux Non Scratch Scourer Sponge 2 Pack,TRUE,9157453,160418
1253,Chux Original Superwipes Roll 25 Pack,TRUE,7074581,346720
1254,Chux Plant Based Superwipes 10 Pack,TRUE,5446517,242335
1255,Chux Wipes 60 Pack,TRUE,5971492,779785
1256,Clairol Blonde It Up Toner Lumino Pearl Each,TRUE,8423030,265805
1257,Clairol Blonde It Up Toner Radiant Opal Each,TRUE,8422990,265812
1258,Clairol Natural Instincts 2 Midnight Black Each,TRUE,3617120,820094
1259,Clairol Natural Instincts 23 Brown Black Each,TRUE,3617222,91548
1260,Clairol Natural Instincts 4 Dark Brown Each,TRUE,3617186,820092
1261,Clairol Natural Instincts 5 Medium Brown Each,TRUE,3617131,820091
1262,Clairol Natural Instincts 5r Medium Auburn Each,TRUE,3617211,820093
1263,Clairol Natural Instincts 6 Suede Light Brown Each,TRUE,3617153,820079
1264,Clairol Natural Instincts Hair Colour 4rv Dark Burgundy Each,TRUE,3617164,333793
1265,Clairol Natural Instincts Hair Colour 9 Light Blonde Each,TRUE,3617197,820077
1266,Clairol Nice N Easy 3.5bg Dark Burgundy Hair Colour Each,TRUE,5271934,207997
1267,Clairol Nice N Easy 5g Medium Golden Brown Hair Colour Each,TRUE,5266413,208874
1268,Clairol Nice N Easy 5w Medium Caramel Brown Hair Colour Each,TRUE,5266435,208273
1269,Clairol Nice N Easy 6a Light Ash Brown Hair Colour Each,TRUE,5271865,207901
1270,Clairol Nice N Easy 7 Dark Blonde Hair Colour Each,TRUE,5271832,207757
1271,Clairol Nice N Easy 7cb Cool Beige Blonde Hair Colour Each,TRUE,5271854,227278
1272,Clairol Nice N Easy 8 Medium Blonde Hair Colour Each,TRUE,5266333,208104
1273,Clairol Nice N Easy 9.5a Baby Blonde Hair Colour Each,TRUE,5266355,206748
1274,Clairol Nice N Easy 9b Light Beige Blonde Hair Colour Each,TRUE,5266366,208362
1275,Clairol Nice N Easy Root Touch-up 3 Black Each,TRUE,4681840,232629
1276,Clairol Nice N Easy Root Touch-up 4 Dark Brown Each,TRUE,4681839,232632
1277,Clairol Nice N Easy Root Touch-up 5 Medium Brown Each,TRUE,4681828,232635
1278,Clairol Root Touch-up Color Blending Gel Dark Brown 45ml,TRUE,3617608,82358
1279,Clairol Root Touch-up Color Blending Gel Medium Brown 45ml,TRUE,3617620,82359
1280,Claratyne Hayfever Allergy Relief Antihistamine Tablets 5 Pack,TRUE,7085307,733501
1281,Clearasil 5 In 1 Pimple Fighter Exfoliating Scrub 150ml,TRUE,7786378,436924
1282,Clearasil Rapid Action Face Cleanser Gel Wash For Clearer Skin 200ml,TRUE,4802332,231929
1283,Clearasil Rapid Action Pimple Face Cleanser Pads 65 Pack,TRUE,4802310,231930
1284,Clearblue Ovulation Digital Stick (opk),TRUE,3880320,841101
1285,"Clearblue Pregnancy Test, Rapid Detection 3 Pack",TRUE,2862479,444306
1286,"Clearblue Pregnancy Test, Ultra Early 3 Pack",TRUE,3428037,803377
1287,Clearwipe Wipe Lense Cleaner 60 Pack,TRUE,3432588,681012
1288,Clio Curvy Comfort Knee Hi Natural 2 Pack,TRUE,4182883,445543
1289,Clio Curvy Control Tights Fuller Figure Black 2 Each,TRUE,4184415,423700
1290,Clio Girl Summer Glow Tights Tan Tall Each,TRUE,4184277,779340
1291,Clio Nylon Sheer Sockette Assorted 2 Pack,TRUE,4182908,162775
1292,Clive Of India Curry Powder 100g,TRUE,121297,30015
1293,Clr Multipurpose Cleaner - Calcium Limescale & Rust 750ml,TRUE,5154136,74394
1294,Cobram Extra Virgin Olive Oil 3l,TRUE,8371232,260867
1295,Cobram Olive Oil Garlic 500ml,TRUE,6749445,501297
1296,Cobram Truffle Infused Olive Oil 250ml,TRUE,4971839,199486
1297,Cobs Drizzl'd Dark Chocolate Sea Salt Popcorn 70g,TRUE,5986660,261540
1298,Cobs Drizzl'd Milk Chocolate Light Salted Slightly Sweet Popcorn 110g,TRUE,5986650,262744
1299,Cobs Drizzl'd Milk Chocolate Sea Salt Caramel Popcorn 110g,TRUE,6623334,263355
1300,Cobs Microwave Pop Corn Best Ever Butter 85g,TRUE,6623232,361441
1301,Cobs Natural Popcorn Best Ever Butter 5 Pack,TRUE,4513415,180279
1302,Cobs Natural Popcorn Best Ever Butter 90g,TRUE,3434856,172188
1303,Cobs Natural Popcorn Cheddar Cheese 100g,TRUE,9278979,384755
1304,Cobs Natural Popcorn Lightly Salted Slightly Sweet 120g,TRUE,6772389,377593
1305,Cobs Natural Popcorn Sea Salt Multipack 5 Pack,TRUE,3949492,820459
1306,Cobs Natural Popcorn Sea Salted Caramel 100g,TRUE,3501250,57085
1307,Cobs Natural Popcorn Sweet & Buttery 110g,TRUE,3727730,84632
1308,Cobs Popcorn Lightly Salted Slightly Sweet Gluten Free 5 Pack,TRUE,3478400,820458
1309,Cobs Popcorn Sea Salt Gluten Free 20g,TRUE,2871436,839019
1310,Cobs Popcorn Sea Salt Gluten Free 80g,TRUE,6772593,377589
1311,Coca - Cola Classic  Soft Drink Bottle 1.25l,TRUE,123011,32731
1312,Coca - Cola Classic  Soft Drink Bottle 2l,TRUE,191736,38121
1313,Coca - Cola Classic  Soft Drink Bottle 600ml,TRUE,5468407,93167
1314,Coca - Cola Classic  Soft Drink Mini Bottles 300ml X 12 Pack,TRUE,7910342,313019
1315,Coca - Cola Classic  Soft Drink Mini Can 250ml,TRUE,2034105,792193
1316,Coca - Cola Classic  Soft Drink Mini Cans 250ml X 6 Pack,TRUE,4398689,244370
1317,Coca - Cola Classic  Soft Drink Multipack Cans 375ml X 10 Pack,TRUE,1849307,793315
1318,Coca - Cola Classic  Soft Drink Multipack Cans 375ml X 24 Pack,TRUE,8415327,42605
1319,Coca - Cola Classic  Soft Drink Multipack Cans 375ml X 30 Pack,TRUE,8464796,84552
1320,Coca - Cola Classic Soft Drink Multipack Glass Bottles 4 X 330ml,TRUE,3448271,290133
1321,Coca - Cola Diet Soft Drink Bottle 600ml,TRUE,7714526,93166
1322,Coca - Cola Diet Soft Drink Multipack Cans 375ml X 24 Pack,TRUE,4561203,370757
1323,Coca - Cola Diet Soft Drink Multipack Cans 375ml X 30 Pack,TRUE,8464800,85159
1324,Coca - Cola Lime Zero Sugar 1.2l,TRUE,7714640,610362
1325,Coca - Cola Oreo Zero Sugar Cola Fizzy Cookie Flavoured Can 250ml,TRUE,8076651,917863
1326,Coca - Cola Raspberry Zero Sugar Soft Drink Bottle 600ml,TRUE,6413295,285384
1327,Coca - Cola Vanilla  Soft Drink Bottle 600ml,TRUE,9391654,180910
1328,Coca - Cola Zero Sugar Soft Drink Bottle 1.25l,TRUE,2993706,623034
1329,Coca - Cola Zero Sugar Soft Drink Bottle 2l,TRUE,3029790,672966
1330,Coca - Cola Zero Sugar Soft Drink Bottle 600ml,TRUE,2993728,623033
1331,Coca - Cola Zero Sugar Soft Drink Mini Bottles 12 X 300ml,TRUE,1492374,679122
1332,Coca - Cola Zero Sugar Soft Drink Mini Can 250ml,TRUE,2993761,623069
1333,Coca - Cola Zero Sugar Soft Drink Mini Cans 6 X 250ml,TRUE,4398690,243760
1334,Coca - Cola Zero Sugar Soft Drink Multipack Cans 10 X 375ml,TRUE,2993739,669379
1335,Coca - Cola Zero Sugar Soft Drink Multipack Cans 24 X 375ml,TRUE,2993740,669683
1336,Coca - Cola Zero Sugar Soft Drink Multipack Cans 30 X 375ml,TRUE,8464810,679121
1337,Coca - Cola Zero Sugar Vanilla Soft Drink Bottle 600ml,TRUE,3271139,803079
1338,Coco Earth Butter Chicken With Basmati Rice 400g,TRUE,6263148,95611
1339,Coco Earth Mango Chicken With Rice 360g,TRUE,6262167,317643
1340,Coco Earth Premium Liquid Coconut Oil 500ml,TRUE,2789448,937713
1341,Cocobella Coconut Water Straight Up 1l,TRUE,1251527,724514
1342,Cocobella Coconut Yogurt Blueberry 500g,TRUE,7078742,242260
1343,Cocobella Dairy Free Coconut Yoghurt Mango 500g,TRUE,3246437,205101
1344,Cold Power Advanced Clean Laundry Detergent Liquid 2l,TRUE,3774581,88163
1345,Cold Power Advanced Clean Laundry Detergent Liquid 4l,TRUE,3774639,88207
1346,Cold Power Advanced Clean Laundry Detergent Liquid Lemon 2l,TRUE,3774592,87848
1347,Cold Power Advanced Clean Laundry Detergent Powder 2kg,TRUE,3774923,88522
1348,Cold Power Advanced Clean Laundry Detergent Powder 4kg,TRUE,3774967,88205
1349,Cold Power Advanced Clean Laundry Liquid With Fabric Softener 2l,TRUE,7035353,385221
1350,Cold Power Advanced Clean Liquid Laundry Detergent 5.4l,TRUE,7035422,388242
1351,Cold Power Clean & Fresh Laundry Detergent Capsules 30 Pack,TRUE,5095660,206802
1352,Cold Power Laundry Detergent Capsules Advanced Clean Cold Water 26 Pack 26 pack,TRUE,8020690,659017
1353,Cold Power Pure Clean Laundry Detergent Liquid For Sensitive Skin 2l,TRUE,3774606,88334
1354,Cold Power Pure Clean Laundry Detergent Powder For Sensitive Skin 2kg,TRUE,3774934,86941
1355,Cold Power Regular Laundry Detergent Capsules 18 Pack,TRUE,3989726,143222
1356,Cold Power Regular Laundry Detergent Capsules 30 Pack,TRUE,3989001,142938
1357,Cold Power Regular Laundry Detergent Capsules 45 Pack,TRUE,3989737,143180
1358,Cold Power Sensitive Laundry Detergent Capsules 30 Pack,TRUE,3989012,143156
1359,Colgate Antibacterial Toothpaste Total Advanced Clean 115g,TRUE,3400854,822389
1360,Colgate Antibacterial Toothpaste Total Advanced Clean 200g,TRUE,3400887,819778
1361,Colgate Antibacterial Toothpaste Total Advanced Whitening 115g,TRUE,3400934,822383
1362,Colgate Antibacterial Toothpaste Total Charcoal Deep Clean 115g,TRUE,3400990,819775
1363,Colgate Antibacterial Toothpaste Total Mint Stripe Gel 115g,TRUE,3400821,819774
1364,Colgate Antibacterial Toothpaste Total Mint Stripe Gel 200g,TRUE,3400832,852237
1365,Colgate Antibacterial Toothpaste Total Original 115g,TRUE,3401008,819773
1366,Colgate Antibacterial Toothpaste Total Original 200g,TRUE,3401074,822391
1367,Colgate Cavity Protection Toothpaste Great Regular Flavour 90g,TRUE,4509134,251612
1368,Colgate Cavity Protection Toothpaste Regular Toothpaste Pump 130g,TRUE,238749,433997
1369,Colgate Dental Floss Total Tartar Control 25m,TRUE,9313344,173111
1370,Colgate Dental Floss Waxed 100m Mint Flavour Each,TRUE,5919153,226455
1371,Colgate Kids Toothpaste Anticavity 0-3 Yrs Mild Fruit 80g,TRUE,3680400,80820
1372,Colgate Kids Toothpaste Junior Bluey 2-5 Years 90g,TRUE,3991681,138290
1373,Colgate Kids Toothpaste Kids Minions 6+ Years Mint Gel 90g,TRUE,3973475,136669
1374,Colgate Max Fresh Toothpaste With Mini Breath Mints Peach Passion 100g,TRUE,7524407,423174
1375,Colgate Mouthwash Fresh Tea Alcohol Free - Plax 500ml,TRUE,1206464,750056
1376,Colgate Mouthwash Freshmint Alcohol Free - Plax 1l,TRUE,4499085,238473
1377,Colgate Mouthwash Freshmint Alcohol Free - Plax 250ml,TRUE,8795931,321727
1378,Colgate Mouthwash Freshmint Alcohol Free - Plax 500ml,TRUE,7305006,24730
1379,Colgate Mouthwash Mint - Savacol Antiseptic 300ml,TRUE,7519906,342970
1380,Colgate Mouthwash Mint Neutrafluor 220 Daily Fluoride 473ml,TRUE,1168219,226196
1381,Colgate Mouthwash Optic Brightener - Optic White 500ml,TRUE,2222740,259931
1382,Colgate Mouthwash Peppermint Alcohol Free - Plax 500ml,TRUE,7190174,25281
1383,Colgate Optic White Enamel Care Toothpaste 100g,TRUE,7523051,498491
1384,Colgate Optic White Gentle Mint Toothpaste,TRUE,5887545,259770
1385,Colgate Optic White Luminous Enamel Strong Toothpaste 85g,TRUE,7523812,562232
1386,Colgate Plaque Release Toothpaste Total Natural Mint 95g,TRUE,5886848,256433
1387,Colgate Plaque Release Toothpaste Total Reviving Cool Mint 95g,TRUE,5886815,256421
1388,Colgate Sensitive Toothpaste Pro-relief Multi Protection 110g,TRUE,8624032,706711
1389,Colgate Sensitive Toothpaste Pro-relief Whitening 110g,TRUE,7699193,352411
1390,Colgate Sensitive Toothpaste Whitening 110g,TRUE,5396485,254414
1391,Colgate Teeth Whitening Pen Optic White Express,TRUE,5888184,256442
1392,Colgate Teeth Whitening Toothpaste Optic White,TRUE,1706172,780251
1393,Colgate Teeth Whitening Toothpaste Optic White Enamel Care 140g,TRUE,1706183,780252
1394,Colgate Teeth Whitening Toothpaste Optic White Expert Express 125g,TRUE,2222794,826546
1395,Colgate Teeth Whitening Toothpaste Optic White Expert High Impact 85g,TRUE,2621778,465421
1396,Colgate Teeth Whitening Toothpaste Optic White Expert Stain-less,TRUE,3400639,830639
1397,Colgate Teeth Whitening Toothpaste Optic White Pro Series Teeth 80g,TRUE,4842381,196989
1398,Colgate Teeth Whitening Toothpaste Optic White Renewal Lasting 85g,TRUE,3680499,80818
1399,Colgate Teeth Whitening Toothpaste Optic White Renewal Vibrant 85g,TRUE,3693901,80817
1400,Colgate Teeth Whitening Treatment Pen Optic White Overnight 2.5ml,TRUE,3694085,81256
1401,Colgate Toothbrush 360 - Bacteria Removing Action Each,TRUE,2871210,570288
1402,Colgate Toothbrush 360 - Bacteria Removing Action Each,TRUE,2871200,570287
1403,Colgate Toothbrush 360 - Medium Value Pack 2 Pack,TRUE,5398582,254548
1404,Colgate Toothbrush 360 - Soft Value Pack 2 Pack,TRUE,6005700,301842
1405,Colgate Toothbrush 360 Pro-relief Teeth Pain Soft 2 Pack,TRUE,2873170,678566
1406,Colgate Toothbrush 360 Whole Mouth Clean Medium Each,TRUE,4155745,214684
1407,Colgate Toothbrush 360 Whole Mouth Clean Soft Each,TRUE,4155756,214489
1408,Colgate Toothbrush Advanced - Charcoal Ultra Soft 1 Pack,TRUE,3132052,678565
1409,Colgate Toothbrush Bluey Kids 2-5 Years Each,TRUE,4498912,226446
1410,Colgate Toothbrush Gentle Gum Care 2 Pack,TRUE,7524509,274877
1411,Colgate Toothbrush Interdental Clean Soft Value 6 Pack,TRUE,2047479,769604
1412,Colgate Toothbrush Minions Kids 6+ Years 2 Pack,TRUE,3412900,819802
1413,Colgate Toothbrush Slim Soft - Charcoal Infused 1 Pack,TRUE,1706081,780273
1414,Colgate Toothbrush Value Pack Max White Medium Bristles 3 Pack,TRUE,3696364,81283
1415,Colgate Toothbrush With Rubber Tongue Cleaner 1 Pack,TRUE,6163096,307865
1416,Colgate Toothbrush Zig Zag Interdental Clean 3 Pack,TRUE,8109411,211366
1417,Colgate Toothbrush Zig Zag Interdental Clean Medium 6 Pack,TRUE,4767560,238512
1418,Colgate Toothbrush Zig Zag Interdental Clean Soft 3 Pack,TRUE,8109433,211365
1419,Colgate Toothpaste & Mouthwash 2 In 1 130g,TRUE,5012845,248055
1420,Colgate Toothpaste Maxfresh Cool Mint 200g,TRUE,5059930,197046
1421,Colgate Toothpaste Maximum Cavity Protection 180g,TRUE,4504673,178201
1422,Colgate Toothpaste Maximum Cavity Protection Mint 180g,TRUE,4504684,178390
1423,Colgate Toothpaste Triple Action Micro Cleaning 165g,TRUE,4504695,179253
1424,Colgate Travel Pack Toothbrush & Toothpaste Each,TRUE,6780795,313528
1425,Colgate Travel Toothpaste Total Original 40g,TRUE,3450488,819772
1426,Colgate Whitening Toothpaste Advanced Whiten Tartar Control 115g,TRUE,4842406,197107
1427,Colgate Whitening Toothpaste Advanced Whiten Tartar Control 200g,TRUE,4842450,197044
1428,Colgate Whitening Toothpaste Advanced Whitening 115g,TRUE,4842417,197389
1429,Colgate Whitening Toothpaste Advanced Whitening 200g,TRUE,4842439,197043
1430,Colgate Whitening Toothpaste Advanced Whitening Charcoal 180g,TRUE,4842440,197045
1431,Colgate Whitening Toothpaste Advanced Whitening Purple 120g,TRUE,5887432,256420
1432,Colgate Whitening Toothpaste Advanced Whitening Tartar Pump 130g,TRUE,8870141,143154
1433,Colman's Ingredients English Mustard 100g,TRUE,6921434,88972
1434,Colourless Hair Colour Remover Max Strength 180ml,TRUE,1301567,618386
1435,Coloxyl & Senna Tablets 45 Pack,TRUE,3169675,937340
1436,Comfort Fabric Conditioner Amber & Rose 900ml,TRUE,5091615,206365
1437,Comfort Fabric Conditioner Pure 2l,TRUE,2730784,431198
1438,Comfort Fabric Conditioner Pure 900ml,TRUE,5006252,205696
1439,Comfort Fabric Conditioner Rainforest Fresh 900ml,TRUE,5006820,205743
1440,Comfort Fabric Conditioner Rosy Blush 900ml,TRUE,5006638,205077
1441,Comfort Fabric Conditioner Sky Blue 900 Ml,TRUE,5006718,204827
1442,Comfort Fabric Conditioner Vanilla Orchid 900ml,TRUE,5007186,206064
1443,Comfort X Dusk In Wash Scent Booster Orange Spring 425g,TRUE,8051209,905288
1444,Connoisseur Baked Choc Chip Cookie Chocolate Fudge 1l,TRUE,6143689,282465
1445,Connoisseur Golden Blondie Ice Cream 4 Pack,TRUE,7082900,385385
1446,Connoisseur Gourmet Ice Cream Crunchy Peanut Butter Salted Caramel 1l,TRUE,6143667,281031
1447,Connoisseur Gourmet Ice Cream Mini Cookies & Cream Sticks 6 Pack,TRUE,3948285,134077
1448,Connoisseur Ice Cream Belgian Chocolate 1l Tub,TRUE,8591487,384044
1449,Connoisseur Ice Cream Cafe Grande 1l Tub,TRUE,8739329,1793
1450,Connoisseur Ice Cream Caramel Honey Macadamia 1l Tub,TRUE,8739330,259609
1451,Connoisseur Ice Cream Classic Vanilla Tub 1l,TRUE,5615272,96190
1452,Connoisseur Ice Cream Cookies & Cream 1l Tub,TRUE,5832850,66363
1453,Connoisseur Ice Cream Raspberry White Chocolate Tub 1l,TRUE,2442735,881471
1454,Connoisseur Ice Cream Vanilla Caramel Brownie 1l,TRUE,3251233,699140
1455,Connoisseur Rocky Road Ice Cream 4 Pack,TRUE,5488506,246857
1456,Continental Classics Cheesy Rice Family Pack Serves 4,TRUE,4448051,691513
1457,Continental Classics Chicken Rice 190g,TRUE,8952326,145951
1458,Continental Classics Chilli Con Carne Recipe Base Family Pack 40g,TRUE,9475958,54375
1459,Continental Classics Creamy Pasta Sauce Bacon Carbonara Family Pack 145g,TRUE,4727372,761509
1460,Continental Classics Cup A Soup Chicken With Lots Of Noodles 60g,TRUE,356472,26649
1461,Continental Classics Cup A Soup Creamy Chicken & Corn With Croutons 60g,TRUE,9151559,166227
1462,Continental Classics Cup A Soup Creamy Chicken Noodles Single Serve 43g,TRUE,3831211,19149
1463,Continental Classics Cup A Soup Laksa With Noodles 65g,TRUE,8887042,142839
1464,Continental Classics Cup A Soup Original Chicken Noodle 40g,TRUE,129696,32926
1465,Continental Classics Cup A Soup Original Tomato 80g,TRUE,129765,186167
1466,Continental Classics Fried Rice Oriental 115g,TRUE,5431510,62965
1467,Continental Classics Fried Rice Oriental Family Pack 180g,TRUE,5748006,79602
1468,Continental Classics Pasta & Sauce Alfredo 85 G,TRUE,4725708,230945
1469,Continental Classics Pasta & Sauce Alfredo Family Pack 145g,TRUE,4727383,761526
1470,Continental Classics Pasta & Sauce Chicken Curry 90 G,TRUE,4725763,230942
1471,Continental Classics Pasta & Sauce Chicken Curry Family Pack 150g,TRUE,4727340,761555
1472,Continental Classics Pasta & Sauce Creamy Bacon Carbonara 85g,TRUE,4725694,230946
1473,Continental Classics Pasta & Sauce Macaroni Cheese Family Pack 170g,TRUE,4727645,230975
1474,Continental Classics Pasta & Sauce Macaroni Cheese Serves 2 105 G,TRUE,1416296,230941
1475,Continental Classics Pasta & Sauce Sour Cream & Chives,TRUE,4727350,761556
1476,Continental Classics Pasta & Sauce Sour Cream & Chives,TRUE,4725719,230924
1477,Continental Classics Rice Chicken 120g,TRUE,8918099,141917
1478,Continental Classics Simmer Soup Spring Vegetable 30g,TRUE,129437,34046
1479,Continental Classics Stock Powder Chicken 130 G,TRUE,5086105,446301
1480,Continental Classics Tasty Cheesy Rice 125 G,TRUE,4448062,691507
1481,Continental Cook-in-bag Recipe Base Honey Bbq Chicken,TRUE,7571134,345655
1482,Continental Pasta Sensations Creamy Tomato Parmesan & Basil Serves 2 98g,TRUE,2263102,840898
1483,Continental Recipe Base Beef Stroganoff 40g,TRUE,9475969,54381
1484,Continental Recipe Base Creamy Chicken Curry 30g,TRUE,9475073,87997
1485,Continental Recipe Base Creamy Chicken Stroganoff 40g,TRUE,2385391,840089
1486,Continental Recipe Base Creamy Tuna Mornay 30g,TRUE,9475040,113305
1487,Continental Recipe Base Curried Sausages 35g,TRUE,9475845,88307
1488,Continental Recipe Base Shepherds Pie Shepherds Pie 50g,TRUE,5564728,257531
1489,Continental Seasoning Sensations Recipe Base Italian Lamb Shanks 44g,TRUE,5218670,217602
1490,Continental Seasoning Sensations Recipe Base Lebanese Koftas 44g,TRUE,5218590,217193
1491,Continental Seasoning Sensations Recipe Base Malaysian Laksa 34g,TRUE,5218691,217592
1492,Continental Seasoning Sensations Recipe Base Spanish Paella 44g,TRUE,5218589,216926
1493,Continental Sensations Beef Stock Pot 4 X 28 G,TRUE,8392913,373172
1494,Continental Sensations Chicken Stock Pot 4 X 28 G,TRUE,8392935,373176
1495,Continental Snack Pot Cheese & Bacon Pasta Serves 1 70g,TRUE,3831255,107521
1496,Continental Soup Sensations Sweet Potato Pumpkin & Caramelised Onion 63g,TRUE,3716235,81686
1497,Core Powerfoods  Core Powerfoods Smokey Mountain Meatballs 350g,TRUE,3534001,672866
1498,Corn Sweet Each,TRUE,4562603,149374
1499,Cornwell's Apple Cider Vinegar Cider 2l,TRUE,381902,32523
1500,Cornwell's Apple Cider Vinegar Cider 750ml,TRUE,177178,78652
1501,Cornwell's Lancashire Relish 500ml,TRUE,314100,41178
1502,Cornwell's Vinegar Malt 750ml,TRUE,156757,16927
1503,Cornwell's White Vinegar White 2l,TRUE,162749,25671
1504,Cornwell's White Vinegar White 375ml,TRUE,432763,91367
1505,Cornwell's White Vinegar White 750ml,TRUE,156768,16928
1506,Cottee's Apple & Raspberry Cordial With 40% Fruit Juice Bottle 1l,TRUE,7766723,362472
1507,Cottee's Apricot Jam 375g,TRUE,6397665,292599
1508,Cottee's Blackberry Jam 375g,TRUE,6397610,291935
1509,Cottee's Breakfast Marmalade 375g,TRUE,6397676,291866
1510,Cottee's Fruit Cup Cordial With 40% Fruit Juice Bottle 1l,TRUE,7766778,362461
1511,Cottee's Ice Magic Choc Mint Ice Cream Topping 220g,TRUE,4318169,33279
1512,Cottee's Ice Magic Chocolate Ice Cream Topping 220g,TRUE,4318170,33278
1513,Cottee's Instant Vanilla Pudding 100g,TRUE,8810751,137364
1514,Cottee's Lemon Cordial Lemon Crush With 40% Fruit Juice Bottle 1l,TRUE,7767908,362464
1515,Cottee's Lime Cordial Coola Green Bottle 1l,TRUE,7766767,362445
1516,Cottee's Orange Cordial Orange Crush With 40% Fruit Juice Bottle 1l,TRUE,7767941,362459
1517,Cottee's Plum Jam 375g,TRUE,6397654,291867
1518,Cottee's Raspberry Cordial Bottle Raspberry 1l,TRUE,7767963,362446
1519,Cottee's Raspberry Jam 375g,TRUE,6397632,292592
1520,Cottee's Strawberry Jam 375g,TRUE,6397596,292796
1521,Cottee's Thick 'n' Rich Chocolate Sauce Ice Cream Topping 615g,TRUE,4775921,765711
1522,Cottee's Zero Sugar Cordial Apple & Raspberry Cordial Bottle 1l,TRUE,4749138,190931
1523,Cottee's Zero Sugar Cordial Fruit Cup Cordial Bottle 1l,TRUE,1510910,227739
1524,Cottee's Zero Sugar Cordial Lemon Cordial Lemon Crush Bottle 1l,TRUE,7767919,225840
1525,Cottee's Zero Sugar Cordial Orange Cordial Orange Crush Bottle 1l,TRUE,7767952,227782
1526,Cottee's Zero Sugar Cordial Raspberry Cordial Bottle 1l,TRUE,4420100,159991
1527,Cottee's Zero Sugar Lime Cordial Coola Flavour Bottle 1l,TRUE,4420041,160239
1528,Cottons Organic Tampons Regular 16 Pack,TRUE,5522262,3671
1529,Cottons Organic Tampons Super 16 Pack,TRUE,5523163,3734
1530,Cottons Organic Ultra Thin Long Panty Liners 32 Pack,TRUE,2375300,162349
1531,Covergirl Simply Ageless Lash Plumping Mascara Soft Black,TRUE,5524600,242172
1532,Coyo Dairy Free Yoghurt Low Sugar Greek Style 500g,TRUE,5303597,271260
1533,Cracker Barrel Block Extra Sharp 250g,TRUE,192433,48070
1534,Cracker Barrel Block Extra Sharp 500g,TRUE,3024457,46024
1535,Cracker Barrel Block Special Reserve,TRUE,8838218,139943
1536,Crankt Premium Protein Shake Banana 400ml,TRUE,6334905,309500
1537,Crankt Premium Protein Shake Chocolate 400ml,TRUE,6327310,310019
1538,Crankt Premium Protein Shake Chocolate Honeycomb 400ml,TRUE,6327320,309829
1539,Crankt Protein + Energy Bar Chocolate Mud Cake 60g,TRUE,5081484,171099
1540,Crankt Protein + Energy Bar Raspberry & Coconut 60g,TRUE,5081520,171223
1541,Crankt Protein + Energy Bar Salted Caramel 60g,TRUE,5081473,171215
1542,Crayola Color & Sticker Bluey Each,TRUE,5249480,206392
1543,Crayola Crayons 24 Pack,TRUE,1841236,863864
1544,Creative Gourmet Frozen Avocado Slices,TRUE,4871120,180252
1545,Creative Gourmet Frozen Banana Chunks 500g,TRUE,3059972,532199
1546,Creative Gourmet Frozen Dragon Fruit Chunks 400g,TRUE,2858573,680369
1547,Creative Kitchen Gold Delight 4 Compartment Jar Each,TRUE,2777802,828689
1548,Crest 4k Hdmi With Ethernet 1.5m High Speed Cable Each,TRUE,1887260,240718
1549,Crest Audio Cable Flat Cable 1 Pack,TRUE,4464171,237090
1550,Crest Crest Power Hub 2 Socket 3 Usb 3g,TRUE,4464411,236623
1551,Crest Lightning To Usb-a 3m Flat Cable Each,TRUE,1878655,240038
1552,Crest Usb-c To Usb-a Flat Cable 1 Pack,TRUE,4464149,238525
1553,Crest Wireless Charger 10w Each,TRUE,2610115,240659
1554,Crest Wireless Keyboard & Mouse Bundle Pack Each,TRUE,5652246,240187
1555,Crest Wireless Optical Mouse Each,TRUE,5652202,240716
1556,Crisco Canola Oil 750ml,TRUE,73092,99091
1557,Crisco Sunflower Oil 750ml,TRUE,343415,39950
1558,Crisco Vegetable Blended Oil 750ml,TRUE,126745,32991
1559,Crisp Spray Starch Spray 385g,TRUE,2015086,746886
1560,Csr All Natural Buttercream Icing Mix Vanilla 250g,TRUE,4363866,699577
1561,Csr Brown Sugar 1kg,TRUE,120148,37679
1562,Csr Brown Sugar 500g,TRUE,120137,33142
1563,Csr Brown Sugar Coffee Crystals 500g,TRUE,6043287,33155
1564,Csr Brown Sugar Dark 1kg,TRUE,447829,37736
1565,Csr Caster Sugar 1kg,TRUE,254916,38022
1566,Csr Caster Sugar 500g,TRUE,120079,33144
1567,Csr Caster Sugar Raw 750g,TRUE,7497450,364085
1568,Csr Dark Muscovado Sugar 250g,TRUE,3249796,659256
1569,Csr Demerara Sugar 375g,TRUE,6040970,86973
1570,Csr Golden Syrup 850g,TRUE,6712387,98328
1571,Csr Golden Syrup Squeeze 500g,TRUE,6123750,92491
1572,Csr Icing Sugar Pure 500g,TRUE,5583074,71487
1573,Csr Icing Sugar Soft Mixture 1kg,TRUE,5858445,96253
1574,Csr Icing Sugar Soft Mixture 500g,TRUE,5583085,71488
1575,Csr Original Treacle 850g,TRUE,6790416,93700
1576,Csr Raw Sugar 1kg,TRUE,120068,36630
1577,Csr Raw Sugar 2kg,TRUE,174894,37391
1578,Csr Raw Sugar 500g,TRUE,5264702,68468
1579,Csr Raw Sugar Sticks 50 Pack 150g,TRUE,2911701,498331
1580,Csr Specialty Sugar Jam Setting 500g,TRUE,5535832,720458
1581,Csr Unrefined Coconut Sugar 250g,TRUE,2223301,659255
1582,Csr White Sugar 1kg,TRUE,120104,33156
1583,Csr White Sugar 2kg,TRUE,384740,33157
1584,Csr White Sugar 500g,TRUE,3771903,335936
1585,Csr White Sugar Sticks 50 Pack,TRUE,4694230,335935
1586,Cuddly Concentrate Fabric Conditioner Complete Care Wild Rose 850ml,TRUE,3738792,149307
1587,Cuddly Fabric Softener Sunshine Fresh 2l,TRUE,9819220,211967
1588,Cuddly Ultra Fabric Softener Aroma Intense Jasmine 850ml,TRUE,8136549,86297
1589,Cuddly Ultra Fabric Softener Care & Protect 900ml,TRUE,4254190,141173
1590,Cuddly Ultra Fabric Softener Japanese Cherry Blossom 900ml,TRUE,2458837,861574
1591,Cuddly Ultra Fabric Softener Refill Classic Fresh 300ml,TRUE,4795838,233130
1592,Cuddly Ultra Fabric Softener Sensitive 1l,TRUE,7319328,336493
1593,Cuddly Ultra Fabric Softener Sunshine Fresh 1l,TRUE,7319306,336491
1594,Cuddly Ultra Fabric Softener Sunshine Fresh 2l,TRUE,4354730,679284
1595,Cuddly Ultra Fabric Softener White Lily & Frnch Van 900ml,TRUE,2909302,598597
1596,Cussons Prize Medal Oatmeal Bar Soap 5 Pack,TRUE,5907653,380104
1597,Cutex Nail Polish Remover Nourishing 100ml,TRUE,8497048,117204
1598,Cutex Nail Polish Remover Strengthening 100ml,TRUE,8496646,117201
1599,Cutex Nail Polish Remover Ultra Powerful 100ml,TRUE,3699635,137985
1600,D3 K6.0 Kinesiology Tape Each,TRUE,2864678,601366
1601,D3 Strapping Tape Rigid 13.7m Each,TRUE,2864281,479493
1602,D3 Waterproof Kinesiology Tape 6m Each,TRUE,4951241,82440
1603,Daily Juice Co Breakfast 500ml,TRUE,8757058,711677
1604,Daily Juice Co Breakfast A C & E Juice 2l,TRUE,4745997,229030
1605,Daily Juice Co Orange Juice No Added Sugar 2l,TRUE,5129900,47123
1606,Daily Juice Co Orange Juice Pulp Free 500ml,TRUE,8757069,711676
1607,Daily Juice Co Pulp Free Orange Juice 2l,TRUE,5738160,90211
1608,Daily Juice Green Blend With Plant Protein,TRUE,5626891,271203
1609,Dairy Farmers Full Cream Milk 1l,TRUE,8476128,145536
1610,Dairy Farmers Light Milk 1l,TRUE,8476117,144408
1611,Dairy Farmers Light Sour Cream 250g,TRUE,339338,48705
1612,Dairy Farmers Pure Cream 500ml,TRUE,6436359,310008
1613,Dairy Farmers Shape Skim Milk 1l,TRUE,8476172,145537
1614,Dairy Farmers Sour Cream 250g,TRUE,311929,724682
1615,Dairy Farmers Thick & Creamy Caramelised Fig Yoghurt 150g,TRUE,1198118,768121
1616,Dairy Farmers Thick & Creamy Caramelised Fig Yoghurt 600g,TRUE,1870540,790009
1617,Dairy Farmers Thick & Creamy Classic Vanilla Yoghurt 150g,TRUE,1198548,777320
1618,Dairy Farmers Thick & Creamy Classic Vanilla Yoghurt 600g,TRUE,1198480,777321
1619,Dairy Farmers Thick & Creamy Lemon Cream Yoghurt 150g,TRUE,1198537,768053
1620,Dairy Farmers Thick & Creamy Mango & Passionfruit Yoghurt 150g,TRUE,1198515,768054
1621,Dairy Farmers Thick & Creamy Mango & Passionfruit Yoghurt 600g,TRUE,1198435,768042
1622,Dairy Farmers Thick & Creamy Strawberry Yoghurt 150g,TRUE,1198468,768057
1623,Dairy Farmers Thick & Creamy Strawberry Yoghurt 4 Pack,TRUE,4339577,122681
1624,Dairy Farmers Thick & Creamy Strawberry Yoghurt 600g,TRUE,1198479,768096
1625,Dairy Farmers Thick & Creamy Vanilla Yoghurt 4 Pack,TRUE,4339599,124076
1626,Dairy Farmers Thick & Creamy Yoghurt Lemon Cream 600g,TRUE,3830864,768039
1627,Dairy Farmers Thickened Cream 300ml,TRUE,5138490,94712
1628,Dairy Farmers Vanilla Custard 1kg,TRUE,7653374,85358
1629,Dairylea Cheddar Cheese 250g,TRUE,127431,33497
1630,Dairylea Cheddar Cheese 500g,TRUE,130775,33500
1631,Dairylea Cheestik Sticks 240g,TRUE,5888912,64076
1632,Damprid Hanging Moisture Absorber Lavender & Vanilla 3 Pack,TRUE,3746010,749422
1633,Damprid Moisture Absorber Refill 1.19kg,TRUE,5400390,251849
1634,Dare Double Espresso Iced Coffee 500ml,TRUE,3033946,249137
1635,Dare Double Espresso Iced Coffee 750ml,TRUE,3034020,293933
1636,Dare Espresso Iced Coffee 2l,TRUE,5206830,261043
1637,Dare Espresso Iced Coffee 500ml,TRUE,3033935,40284
1638,Dare Espresso Iced Coffee 750ml,TRUE,3034010,255405
1639,Dare Mocha Iced Coffee 500ml,TRUE,3033957,323328
1640,Dare No Added Sugar Double Espresso Iced Coffee 500ml,TRUE,3568590,11076
1641,Dare Triple Espresso Iced Coffee 500ml,TRUE,3392370,808368
1642,Dari's Chicken & Corn Soup 550g,TRUE,3756284,181922
1643,Dari's Chicken Noodle Soup 550g,TRUE,1196611,181143
1644,Dari's Chunky Minestrone Soup 550g,TRUE,5063824,212043
1645,Dari's Classic Chicken Noodle Soup,TRUE,7830913,277777
1646,Dari's Classic Pumpkin Soup 550g,TRUE,7895078,210591
1647,Dari's Creamy Corn Soup,TRUE,7831381,277923
1648,Dari's Creamy Mushroom Soup 550g,TRUE,5063176,552325
1649,Dari's Creamy Pumpkin Soup,TRUE,6257418,277607
1650,Dari's French Onion Soup 550g,TRUE,7830549,546011
1651,Dari's Hearty Chicken Soup 550g,TRUE,1196600,180787
1652,Dari's Lentil Soup 550g,TRUE,2885601,180479
1653,Dari's Pea & Ham Soup 550g,TRUE,6257553,278397
1654,Darrell Lea Batch 37 Liquorice 260g,TRUE,3449117,815733
1655,Darrell Lea Caramel Cheesecake Milk Chocolate 160g,TRUE,6329574,278004
1656,Darrell Lea Christmas Nougat Pudding,TRUE,1075060,760306
1657,Darrell Lea Cookies & Cream White Chocolate Block 170g,TRUE,5098261,220155
1658,Darrell Lea Dark Chocolate Block 170g,TRUE,3919673,90346
1659,Darrell Lea Dark Chocolate Liquorice Bullets Share Bag 226g,TRUE,3448351,233013
1660,Darrell Lea Ginger Dark Chocolate Dark Chocolate Box 200g,TRUE,1074851,766114
1661,Darrell Lea Liqourice Twist Milk Chocolate Raspberry 200g,TRUE,3449263,815732
1662,Darrell Lea Liquorice Allsorts Share Bag 470g,TRUE,5556548,234224
1663,Darrell Lea Liquorice Twists 280g,TRUE,3449241,815735
1664,Darrell Lea Milk Chocolate Coated Original Liquorice Twists 200g,TRUE,3739490,80421
1665,Darrell Lea Milk Chocolate Easter Bunny 160g,TRUE,3956320,125521
1666,Darrell Lea Milk Chocolate Liquorice Bullets Share Bag 226g,TRUE,3448384,230695
1667,Darrell Lea Milk Chocolate Liquorice Bullets Value Pack 400g,TRUE,5556559,231311
1668,Darrell Lea Milk Chocolate Raspberry Bullets Share Bag 226g,TRUE,3448362,232963
1669,Darrell Lea Minty Crunchy Chocolate Balls Share Bag 168g,TRUE,3449365,232736
1670,Darrell Lea Orange Crunchy Milk Chocolate Balls Share Bag 168g,TRUE,3451210,232524
1671,Darrell Lea Raspberry Rocklea Road Block 180g,TRUE,3759635,139844
1672,Darrell Lea Rocklea Road Block 180g,TRUE,3919844,4559
1673,Darrell Lea Rocklea Road Chocolate 290g,TRUE,4856353,215201
1674,Darrell Lea Rocklea Road Easter Bunny 170g,TRUE,3649320,125520
1675,Darrell Lea Soft Centres Gift Box 255g,TRUE,3826798,61261
1676,Darrell Lea Strawberry Whipp Dark Chocolate Block 160g,TRUE,7896220,532535
1677,Darrell Lea Twists Dark Chocolate Liquorice 200g,TRUE,3449274,815731
1678,Darrell Lea Twists Raspberry Liquorice 280g,TRUE,3448839,815736
1679,Darrell Lea White Chocolate Raspberry Bullets Share Bag 180g,TRUE,3448373,232733
1680,Dash Water Sparkling Infused With Wonky Mangoes Cans,TRUE,5706607,229654
1681,David Beckham Classic Blue Deodorant Body Spray 150ml,TRUE,3111609,661798
1682,David Beckham Classic Deodorant Body Spray 150ml,TRUE,3796573,511663
1683,David Beckham Homme Deodorant Body Spray 150ml,TRUE,3796595,820274
1684,David Beckham Instinct Deodorant Body Spray 150ml,TRUE,2649267,511539
1685,David Beckham Instinct Sport Deodorant Body Spray 150ml,TRUE,3138525,642848
1686,David Beckham Intimately Deodorant Body Spray 150ml,TRUE,2649278,511660
1687,Decor Double Wall Smoothie & Coffee Tumbler 650ml Assorted Each,TRUE,3783119,157009
1688,Decor Double Wall Wine & Coffee Cup Stainless Steel Assorted 350ml,TRUE,4236712,84278
1689,Decor Fresh Seal Clips Infuser Jug 2.4l Each,TRUE,3725724,689942
1690,Decor Fresh Seal Clips Oblong 3l Each,TRUE,6137100,634832
1691,Decor Fresh Seal Clips Square 630ml Each,TRUE,3582820,689926
1692,Decor Go 2 In 1 Expandable Insulated Cooler Assorted,TRUE,4233850,111444
1693,Decor Hydrate Tritan Drink Bottle Assorted Each,TRUE,6828450,314156
1694,Decor Insulated Double Wall Travel Stainless Steel Cup Assorted 480ml,TRUE,6827822,218251
1695,Decor Insulated Double Wall Tumbler 450ml Assorted Each,TRUE,5116294,154432
1696,Decor Jumbo Chug Tritan Bottle Assorted 2.2l,TRUE,3783108,112924
1697,Decor Junior Sip Stainless Steel Straw Bottle Assorted Each,TRUE,4233667,114488
1698,Decor Microsafe Oblong 375ml 3 Pack,TRUE,4937488,28004
1699,Decor Microsafe Soup Mug Each,TRUE,3582897,252151
1700,Decor Reusable Lunch Bags Assorted 2 Pack,TRUE,4935573,157662
1701,Decor Reusable Snack Bags Assorted,TRUE,4935540,159325
1702,Decor Snap & Seal Stainless Steel Bottle Assorted 1l,TRUE,4233645,109280
1703,Decor Snap N Seal Stainless Steel Drink Bottle Assorted Each,TRUE,6828461,314472
1704,Decor Tellfresh Cupcake Storer Oblong Each,TRUE,2791847,379159
1705,Decor Tellfresh Oblong 1l 3 Pack,TRUE,3971017,764872
1706,Decor Tellfresh Storer Oblong 500ml 3 Pack,TRUE,4862390,229812
1707,Decor Zen Glass Silicone Bottle 600ml Assorted Each,TRUE,3582900,155187
1708,Deeko Eco Sugarcane Bowls Assorted 6 Pack,TRUE,7562665,228443
1709,Deeko Extra Thick Serviette 1ply 75 Pack,TRUE,4329959,31424
1710,Deeko Serviettes Lunch 2 Ply Assorted 50 Pack,TRUE,3805324,31417
1711,Deep Heat Back Patch 2 Pack,TRUE,7488121,744943
1712,Deep Heat Lower Back & Hip Heating Belt Each,TRUE,3880080,135958
1713,Deep Heat Original  Heat Rub 100g,TRUE,220390,43854
1714,De-gas Helps To Relieve Stomach Wind Bloating & Gas 24 Pack,TRUE,5521714,40581
1715,Deliciou Plant Based Chicken,TRUE,3942154,143960
1716,Delta Chicco D'oro Ground Coffee 200g,TRUE,7397638,35051
1717,Demazin Nasal Decongestant Tablets 24 Pack 24 pack,TRUE,7749870,482338
1718,Denada Frozen Dessert Caramel-macadamia 475ml,TRUE,7020538,387191
1719,Denada Sugar Free Double Choc Covered Frozen Dessert 475ml,TRUE,3508250,279982
1720,Dencorub Gels Extra Strength Heat 100g,TRUE,5160183,39817
1721,Depend Men's Washable Underwear Light Absorbency Size Medium Each,TRUE,6109396,310577
1722,Depend Men's Washable Underwear Light Absorbency Size X Large Each,TRUE,6109454,310323
1723,Depend Men's Washable Underwear Size Large Each,TRUE,6109410,309985
1724,Depend Real Fit Incontinence Men Large 8 Pack,TRUE,1173194,748543
1725,Depend Real Fit Incontinence Men Medium 8 Pack,TRUE,1173172,748532
1726,Depend Real Fit Incontinence Underwear Regular Women Large 8 Pack,TRUE,2065867,800809
1727,Depend Real Fit Incontinence Underwear Regular Women Medium 8 Pack,TRUE,2065878,800830
1728,Depend Real Fit Incontinence Underwear Regular Women Xl 8 Pack,TRUE,1721471,754807
1729,Depend Real Fit Incontinence Underwear Super Women Xl 8 Pack,TRUE,2622497,467392
1730,Depend Real Fit Night Defence Incontinence Underwear Men L 8 Pack,TRUE,4186239,167128
1731,Depend Real Fit Night Defence Incontinence Underwear Women L 8 Pack,TRUE,4186104,167173
1732,Dermal Therapy Fungistop 3 In 1 Nail Treatment 4ml,TRUE,4950544,208056
1733,Dermal Therapy Lip Balm 10g,TRUE,3240984,108822
1734,Dermal Therapy Lip Balm Berry 10g,TRUE,7043318,277131
1735,Dermal Therapy Lip Balm Enriched With Paw Paw 10g,TRUE,5432363,277737
1736,Dermal Therapy Spf 50+ Lip Balm 10g,TRUE,7043340,276201
1737,Dermaveen Body Moisturiser Lotion 500ml,TRUE,1960246,771317
1738,Dermaveen Body Wash Shower And Bath Oil 500ml,TRUE,2859420,771393
1739,Dermaveen Body Wash Soap Free 500ml,TRUE,1960279,771315
1740,Dermaveen Extra Hydration Gentle Soap Free Wash 1l,TRUE,4348512,141385
1741,Dermaveen Soap-free Body Wash Oatmeal 500ml,TRUE,2859430,601365
1742,Dettol 2 In 1 Hands And Surfaces Antibacterial Wipes 15 Pack,TRUE,3013632,626895
1743,Dettol Antibacterial 2-in-1 Hand & Surface Sanitiser Spray 90ml,TRUE,5250720,226874
1744,Dettol Antibacterial Disinfectant Liquid Solution 750ml,TRUE,9268578,69455
1745,Dettol Antibacterial Floor Cleaning Wipes Lemon And Lime 25 Pack,TRUE,3462614,3966
1746,Dettol Antibacterial Liquid Hand Wash Hand Soap Pump Aloe Vera 250ml,TRUE,4580911,228637
1747,Dettol Antibacterial Liquid Hand Wash Hand Soap Pump Refresh 250ml,TRUE,6061981,97088
1748,Dettol Antibacterial Liquid Hand Wash Hand Soap Refill Aloe Vera 950ml,TRUE,1878848,693449
1749,Dettol Antibacterial Liquid Hand Wash Hand Soap Refill Refresh 950ml,TRUE,1878859,695147
1750,Dettol Antiseptic Antibacterial Disinfectant Liquid 250ml,TRUE,102044,30301
1751,Dettol Antiseptic Antibacterial Disinfectant Liquid 500ml,TRUE,102055,30302
1752,Dettol Citrus Fresh Bar Soap 100g X 3 Pack,TRUE,3514570,123002
1753,Dettol Healthy Clean Antibacterial Bathroom Cleaner Trigger Spray 500ml,TRUE,2454440,866834
1754,Dettol Healthy Clean Antibacterial Kitchen Cleaner Trigger Spray 500ml,TRUE,2454439,866763
1755,Dettol Liquid Antibacterial Instant Hand Sanitiser Refresh 200ml,TRUE,5883318,307481
1756,Dettol Liquid Antibacterial Instant Hand Sanitiser Refresh 500ml,TRUE,3849910,78747
1757,Dettol Liquid Antibacterial Instant Hand Sanitiser Refresh 50ml,TRUE,6445236,307484
1758,Dettol Multipurpose Cleaner Surface Spray Disinfectant Apple 750ml,TRUE,4256505,118662
1759,Dettol Multipurpose Cleaner Surface Spray Disinfectant Citrus 750ml,TRUE,4256516,118628
1760,Dettol Multipurpose Disinfectant Cleaning Spray Lime And Mint 500ml,TRUE,1982679,728039
1761,Dettol Multipurpose Disinfectant Cleaning Wipes Apple 110 Pack,TRUE,6383296,284080
1762,Dettol Multipurpose Disinfectant Cleaning Wipes Apple 220 Pack,TRUE,6522949,309573
1763,Dettol Multipurpose Disinfectant Cleaning Wipes Lemon 110 Pack,TRUE,6383285,309974
1764,Dettol Multipurpose Disinfectant Cleaning Wipes Lemon 220 Pack,TRUE,6364575,309746
1765,Dettol Profresh Shower Gel Body Wash Lemon And Lime 950ml,TRUE,2289128,482400
1766,Dettol Profresh Shower Gel Body Wash Milk And Honey 950ml,TRUE,1878892,482402
1767,Dettol Profresh Shower Gel Body Wash Peach Burst 950ml,TRUE,1878928,482359
1768,Dettol Protect 24 Hour Multipurpose Cleaning Spray Ocean Fresh 500ml,TRUE,6327546,309745
1769,Dettol Protect 24 Hour Multipurpose Cleaning Wipes Citrus 90 Pack,TRUE,6327331,309826
1770,Dettol Protect 24 Hour Multipurpose Cleaning Wipes Fresh 90 Pack,TRUE,6327309,309785
1771,Dettol Sapoderm Hygienic Bar Soap For Acne Prone And Oily Skin 3x375g,TRUE,234136,30522
1772,Dettol Spray & Wear Antibacterial Laundry Disinfectant Spray 250ml,TRUE,6264683,122407
1773,Devondale 100% Pure Full Cream Long Life Milk 1l,TRUE,301721,33557
1774,Devondale 100% Pure Full Cream Long Life Milk 6x200ml,TRUE,6538585,90032
1775,Devondale Dairy Soft Butter Blend 500g,TRUE,5017500,48462
1776,Devondale Extra Soft Butter Blend 500g,TRUE,5047613,15791
1777,Devondale Extra Soft Butter Blend 750g,TRUE,3512053,512321
1778,Devondale Full Cream Milk Powder 1kg,TRUE,2067115,750005
1779,Devondale Moo Strawberry Milk 6x200ml,TRUE,1948466,789937
1780,Devondale Semi Skim Long Life Milk 1l,TRUE,4824856,230367
1781,Devondale Skim Long Life Milk 1l,TRUE,455849,33637
1782,Devondale Skim Long Life Milk 6x200ml,TRUE,5994046,84244
1783,Devondale Sparkling Apple Juice 750ml,TRUE,4412622,187735
1784,Devondale Thickened Cream Long Life 250ml,TRUE,3496300,804284
1785,Devour Parmesan Crusted Tuna Melt Frozen Mac & Cheese Pasta 400g,TRUE,5645455,103716
1786,Diet Rite Apple Blackcurrant Cordial 1l,TRUE,3696535,39154
1787,Diet Rite Apple Strawberry Guava Cordial 1l,TRUE,3050118,574786
1788,Diet Rite Cordial Apple Raspberry 1l,TRUE,3050071,574763
1789,Diet Rite Cordial Fruit Cocktail 1l,TRUE,3050082,574762
1790,Diet Rite Cordial Lime 1l,TRUE,3050107,574781
1791,Diet Rite Lemon Lime Orange 1l,TRUE,5625254,684089
1792,Diet Rite Multi Fruits Cordial 1l,TRUE,3050093,39208
1793,Difflam Forte Throat Spray 15ml,TRUE,3411613,745554
1794,Difflam Sore Throat Lozenges Honey & Lemon 16 Pack,TRUE,3798364,745515
1795,Diggers Methylated Spirits 1l,TRUE,7081237,10770
1796,Diggers Turpentine 1l,TRUE,25191,23407
1797,Dilmah Ceylon Tea 10 Pack 10 pack,TRUE,8082472,672734
1798,Dilmah Ceylon Tea Bags 50 Pack,TRUE,5051177,5306
1799,Dilmah Earl Grey Tea Bags 50 Pack,TRUE,5190945,200148
1800,Dilmah Extra Strength Tea Bags 100 Pack,TRUE,9505163,196566
1801,Dilmah Extra Strength Tea Bags 200 Pack,TRUE,5059237,250036
1802,Dilmah Premium Quality Loose Leaf Tea 250g,TRUE,5046009,18206
1803,Dilmah Premium Quality Tea Bags 100 Pack,TRUE,490012,38288
1804,Dishmatic Eco Dishbrush Each,TRUE,5446030,181153
1805,Dishmatic General Purpose Refill 3 Pack,TRUE,8923124,144376
1806,Dishmatic General Purpose Refill 6 Pack,TRUE,2396220,226779
1807,Dodoni Cypriot Halloumi 225g,TRUE,1843435,627367
1808,Dodoni Greek Feta Cheese 400g,TRUE,9728587,328103
1809,Dolce Gusto Americano Rich Aroma Coffee Pods 16 Pack,TRUE,3354509,805929
1810,Dolce Gusto Cafe Au Lait Coffee Pods Capsules 16 Pack,TRUE,9928338,754295
1811,Dolce Gusto Caffe Latte Coffee Pods Capsules 12 Pack,TRUE,3984052,155697
1812,Dolce Gusto Cappuccino Coffee Pods Capsules 16 Pack,TRUE,3208074,689624
1813,Dolce Gusto Caramel Macchiato Coffee Pods Capsules 6 Pack,TRUE,3777127,61663
1814,Dolce Gusto Espresso Intenso Coffee Pods Capsules 16 Pack,TRUE,3354510,805950
1815,Dolce Gusto Flat White Coffee Pods Capsules 16 Pack,TRUE,3208085,699538
1816,Dolce Gusto Nescafe Ristretto Ardenza Coffee Pods 16 Pack,TRUE,2401625,926541
1817,Dole Fruit Mix In Juice 432g,TRUE,3862930,354718
1818,Dole Pineapple Chunks In Juice 822g,TRUE,4314088,8449
1819,Dole Pineapple Pieces In Juice 227g,TRUE,4727485,86233
1820,Dole Pineapple Pieces In Juice 432g,TRUE,5296786,219790
1821,Dole Pineapple Pieces In Juice 822g,TRUE,4314102,813466
1822,Dole Pineapple Slices In Juice 822g,TRUE,4314157,813467
1823,Dole Pineapple Slices In Syrup 836g,TRUE,4314190,9446
1824,Dole Premium Pineapple Slices In Syrup 439g,TRUE,2379210,841347
1825,Dole Premium Tropical Pineapple Chunks In Juice 227g,TRUE,2378396,841348
1826,Dole Premium Tropical Pineapple Chunks In Syrup 439g,TRUE,2379220,841349
1827,Dole Premium Tropical Pineapple Slices In Juice 227g,TRUE,2378374,840785
1828,Dole Tropical Fruit Chunks In Light Syrup 432g,TRUE,5296720,263999
1829,Dollar Sweets 100's & 1000's 190g,TRUE,6076672,264091
1830,Dollar Sweets Artificial Food Colours 8 Pack,TRUE,4382973,147762
1831,Dollar Sweets Bright 160g,TRUE,5107170,29077
1832,Dollar Sweets Cake Decoration Fairy Toppings 145g,TRUE,1933389,773763
1833,Dollar Sweets Colours Of The Rainbow Sprinkles 159g,TRUE,5629470,210532
1834,Dollar Sweets Peppermints Extra Strong 150g Bag,TRUE,248709,97742
1835,Dollar Sweets Sprinkles Fives 125g,TRUE,120352,33364
1836,Dollar Sweets Sprinkles Pirate Toppings 145g,TRUE,1933378,773761
1837,Dolmio Classic Tomato With Basil Pasta Sauce 500g,TRUE,1268155,758377
1838,Dolmio Extra Bolognese Tomato Pasta Sauce 500g,TRUE,1274373,758286
1839,Dolmio Extra Garden Vegetables Tomato Pasta Sauce 500g,TRUE,1274410,758313
1840,Dolmio Extra Red Wine & Italian Herbs Tomato Pasta Sauce 500g,TRUE,1274442,758288
1841,Dolmio Extra Spicy Peppers Tomato Pasta Sauce 500g,TRUE,1274453,758299
1842,Dolmio Extra Tomato Onion & Roast Garlic Pasta Sauce 500g,TRUE,1274464,758342
1843,Dolmio Traditional Recipe Classic Tomato Pasta Sauce 500g,TRUE,1268144,758444
1844,Domestos Disinfectant Bleach Mountain Fresh 1.25l,TRUE,5228334,94094
1845,Domestos Disinfectant Bleach Regular 1.25l,TRUE,5075460,94095
1846,Domestos Powe Foam Toilet & Bathroom Arctic Fresh 450ml,TRUE,7909944,908378
1847,Dominate Moulding Putty 100g,TRUE,4261094,150669
1848,Dominate Original Wax Strong Hold 95g,TRUE,4261028,151294
1849,Dominate Out Of Bed Clay 100g,TRUE,4261039,151896
1850,Don Bacon Pansize Double Smoked 200g,TRUE,4258180,178202
1851,Don Donskis Bullets Mild Salami Bites,TRUE,4385676,175535
1852,Don Footy Frankfurts Skinless 600g,TRUE,1500304,789962
1853,Don Kabana Traditional 200g,TRUE,9052375,172687
1854,Don Liverwurst Latvian 100g,TRUE,9363954,89063
1855,Don Mini Kabana 140g,TRUE,6284669,290256
1856,Don Popcorn Bacon Bites 140g,TRUE,6286529,290325
1857,Don Salami Pepperoni 200g,TRUE,5643960,64117
1858,Don Short Cut Rindless Bacon 200g,TRUE,5009250,220824
1859,Don Stix Mild Salami & Tasty Cheese 40g,TRUE,5006026,219684
1860,Don Thinly Sliced Honey Leg Ham 200g,TRUE,6284603,288084
1861,Doritos Corn Chips Cheese Supreme 60g,TRUE,2872530,586822
1862,Doritos Corn Chips Cheese Supreme Flaming Hot 150g,TRUE,3851842,102828
1863,Doritos Corn Chips Cheese Supreme Party Size 380g,TRUE,3568331,54631
1864,Doritos Corn Chips Cheese Supreme Share Pack 170g,TRUE,2358333,826731
1865,Doritos Corn Chips Mexicana Share Pack 170g,TRUE,3721993,826726
1866,Doritos Corn Chips Nacho Cheese Share Pack 170g,TRUE,2358344,826700
1867,Doritos Corn Chips Original Share Pack 170g,TRUE,2358355,826732
1868,Doritos Guacamole & Salsa Corn Chips Party Bag Share Pack,TRUE,8446262,234082
1869,Doritos Hot Salsa 300g,TRUE,8486019,143781
1870,Doritos Medium Salsa 300g,TRUE,8483189,143443
1871,Doritos Salsa Dip Mild 300g,TRUE,8486449,113816
1872,Doritos Street Art Fire & Fury Pizza Corn Chips Share Pack 150g,TRUE,6409709,286374
1873,Doritos Street Art The Kingpin Burger Corn Chips Share Pack,TRUE,6409710,286295
1874,Doritos Thai Sweet Chilli 150g,TRUE,3948274,169340
1875,Double 'd' Butter Candy Sugar Free 90g Bag,TRUE,3736334,839672
1876,Double 'd' Eucalyptus & Honey Drops 150g,TRUE,423514,32209
1877,Double 'd' Smart Sweets Berry Gummies 35g,TRUE,7436434,183991
1878,Double 'd' Smart Sweets Sour Gummies 35g,TRUE,5148337,184271
1879,Double Phoenix Bean Vermicelli Noodles 200g,TRUE,3736924,103214
1880,Dove Beauty Cream Bar Original 2 X 90 G,TRUE,5259360,225912
1881,Dove Beauty Cream Bar Original 4 X 90 G,TRUE,5259393,224828
1882,Dove Beauty Cream Bar Original 6 X 90 G,TRUE,5259451,225923
1883,Dove Beauty Cream Bar Sensitive 6 X 90 G,TRUE,5259484,225634
1884,Dove Body Wash Sensitive 1 L,TRUE,8152057,380811
1885,Dove Body Wash Triple Moisturising 1 L,TRUE,8152068,380810
1886,Dove Daily Care Conditioner With Lightweight Technology 820ml,TRUE,4962849,198258
1887,Dove Daily Care Shampoo With Lightweight Technology 820ml,TRUE,4962791,198257
1888,Dove Glowing Body Wash With Mango & Almond Butters 1 L,TRUE,3849909,79131
1889,Dove Intensive 3-in-1 Conditioner,TRUE,6153376,266674
1890,Dove Intensive Repair Conditioner With Smart Target Technology 820ml,TRUE,4962850,198256
1891,Dove Men Roll On Deodorant Zero Aluminum Clean Comfort 50ml,TRUE,4501857,141130
1892,Dove Men+care Anti-dandruff Shampoo Dermacare Scalp 2 In 1 300ml,TRUE,6322418,143446
1893,Dove Men+care Antiperspirant Aerosol Invisible Dry 254ml,TRUE,2257540,824415
1894,Dove Men+care Clean Comfort Anti Perspirant Aerosol Deodorant 254ml,TRUE,2257518,824411
1895,Dove Men+care Clean Comfort Body & Face Wash 1l,TRUE,3466422,53277
1896,Dove Men+care Clinical Clean Comfort Antiperspirant Cream 45ml,TRUE,2837427,505771
1897,Dove Men+care Dry Scalp Relief 2 In 1 Antidandruff Shampoo,TRUE,1257159,141351
1898,Dove Men+care Gentle Clean 2 In 1 Anti-dandruff Shampoo 300ml,TRUE,6322429,142312
1899,Dove Men+care Invisible Dry Fresh Antiperspirant Aerosol 254ml,TRUE,3364987,814797
1900,Dove Men+care Refreshing Eucalyptus & Birch Antiperspirant Aerosol 254ml,TRUE,4479634,165400
1901,Dove Men+care Shampoo & Conditioner Fresh Clean 2 In 1 300ml,TRUE,1257126,758226
1902,Dove Nourishing Moisture Conditioner For Dry Hair 320ml,TRUE,2103398,799297
1903,Dove Nourishing Moisture Conditioner For Dry Hair 820 Ml,TRUE,4962838,200231
1904,Dove Nourishing Moisture Shampoo With Pro Moisture Complex 820ml,TRUE,4962780,201098
1905,Dove Nourishing Secrets Shampoo Restoring Ritual 820 Ml,TRUE,4962827,198253
1906,Dove Refreshing Body Wash Cucumber & Green Tea 1 L,TRUE,9218252,724691
1907,Dove Rejuvenating Body Wash Pomegranate & Lemon Verbena 1 L,TRUE,1299046,758150
1908,Dove Restoring Body Wash With Coconut & Almond Oils 1 L,TRUE,3466058,816185
1909,Dove Restoring Coconut Body Wash 500ml,TRUE,3978741,141020
1910,Dove Restoring Ritual Conditioner With Coconut Oil 820ml,TRUE,4962860,198254
1911,Dove Restoring Ritual Shampoo With Coconut Oil 320ml,TRUE,3157508,661634
1912,Dove Shampoo Daily Care With Lightweight Technology 320ml,TRUE,2939041,609020
1913,Dove Summer Glow Body Lotion Fair To Medium Gradual Tan 250ml,TRUE,2997988,248445
1914,Dove Summer Glow Gradual Self Tanner Body Lotion Medium 250 Ml,TRUE,4919760,248430
1915,Dr Beckmann Floor Carpet Stain Remover 650ml,TRUE,2749170,790964
1916,Dr Beckmann Glowhite Ultra 2x40g,TRUE,3790908,655411
1917,Dr Beckmann Pet Stain & Odour Remover 650ml,TRUE,3319701,684142
1918,Dr Pepper Cola Drinks 330ml,TRUE,7223830,741134
1919,Dr Pickles Tattoo Balm Tube 75g,TRUE,7048242,440479
1920,Dr. Oetker Ristorante Mozzarella Pizza Gluten Free 370g,TRUE,3217949,663660
1921,Dr. Oetker Ristorante Pizza Funghi 365g,TRUE,6841313,391851
1922,Dr. Oetker Ristorante Pizza Hawaii 355g,TRUE,8634954,705357
1923,Dr. Oetker Ristorante Pizza Mozzarella 355g,TRUE,6545434,296606
1924,Dr. Oetker Ristorante Pizza Pepperoni 310g,TRUE,8634943,705420
1925,Dr. Oetker Ristorante Pizza Spinaci 390g,TRUE,7308048,728499
1926,Dragon & Phoenix Ingredients Fried Shallot 100g,TRUE,5462954,44857
1927,Drano Bathroom Max Gel Drain Cleaner 1.2l,TRUE,6335260,278262
1928,Drano Bathroom Max Gel Drain Cleaner 770ml,TRUE,4256979,151702
1929,Drano Crystals Drain Cleaner 500g,TRUE,76862,84606
1930,Drano Kitchen Max Gel Drain Cleaner 770ml,TRUE,4258624,151099
1931,Duck Deep Action Gel Toilet Cleaner Citrus 750ml,TRUE,3783436,805480
1932,Duck Deep Action Gel Toilet Cleaner Lavender 750ml,TRUE,5156834,805633
1933,"Duck Extra Power Toilet Shield, Gel Toilet Cleaner Ocean Burst 500ml",TRUE,3742461,21633
1934,Duck Fresh Discs Toilet Cleaner Citrus 36ml,TRUE,3026420,622961
1935,Duck Fresh Discs Toilet Cleaner Citrus Twin Refills 2x36ml,TRUE,8668741,700497
1936,Duck Fresh Discs Toilet Cleaner Lavender 36ml,TRUE,3742971,622975
1937,Duck Fresh Discs Toilet Cleaner Limited Edition 36ml,TRUE,3229824,692484
1938,Dulcolax Laxatives 5mg Tablets For Constipation Relief 80 Pack,TRUE,3628477,806596
1939,Durex Fetherlite Thin Feel Regular Fit Extra Sensitive Condoms 30 Pack,TRUE,2862297,611545
1940,Durex Invisible Regular Fit Condoms 10 Pack,TRUE,3734102,140484
1941,Durex Invisible Wide Fit Condoms 10 Pack,TRUE,3734135,140214
1942,Durex Ky Naturals Harmony Intimate Lubricant For Use With Condoms 100g,TRUE,4975501,137634
1943,Durex Ky Personal Lubricant Gel For Use With Condoms 100g,TRUE,6079706,92089
1944,Durex Original Regular Fit Condoms 10+2 Pack,TRUE,2862388,60038
1945,Durex Original Regular Fit Condoms 30 Pack,TRUE,2862402,611565
1946,Durex Pleasure Me Condoms 10 Pack,TRUE,2861771,618543
1947,Durex Pleasure Me Ribbed & Dotted Regular Fit Condoms 30 Pack,TRUE,2862446,683244
1948,Durex Strawberry Lubricant Gel 100ml,TRUE,3734157,180436
1949,"Dymo Letratag 100h Handheld Labeller, Blue Each",TRUE,3671830,232052
1950,Dynamo Oxi Laundry Detergent Capsules 28 Pack,TRUE,5093144,207743
1951,Dynamo Professional 7 In 1 Laundry Detergent Capsules 14 Pack,TRUE,3989023,143005
1952,Dynamo Professional 7 In 1 Laundry Detergent Capsules 28 Pack,TRUE,3989045,143452
1953,Dynamo Professional Deep Clean 7-in-1 Action Laundry Liquid 4l,TRUE,7035681,385232
1954,Dynamo Professional Odour Eliminating Laundry Detergent Capsules 28 Pack,TRUE,3989704,143027
1955,Earth Choice Antibacterial All Purpose Surface Spray 600ml,TRUE,4232609,152347
1956,Earth Choice Dishwashing Liquid 1l,TRUE,5417360,10432
1957,Earth Choice Dishwashing Liquid Green Tea & Lime 500ml,TRUE,4429465,227264
1958,Earth Choice Dishwashing Tablets 42 Pack,TRUE,7218080,738604
1959,Earth Choice Fabric Softener 1l,TRUE,5430233,255373
1960,Earth Choice Floor Cleaner Wooden Surface 750ml,TRUE,9875719,712690
1961,Earth Choice Floor Surface Cleaner 1l,TRUE,7657331,65897
1962,Earth Choice Front Loader Laundry Powder 2kg,TRUE,6310893,780318
1963,Earth Choice Shower Cleaner 600ml,TRUE,9189154,328458
1964,Earth Choice Toilet Cleaner Liquid Aqua 750ml,TRUE,4790801,250305
1965,Earth Choice Top & Front Loader 1l,TRUE,5417381,65008
1966,Earth Choice Top & Front Loader Liquid 4l,TRUE,1751111,783347
1967,Earth Choice Triple Action Laundry Capsules Fresh Eucalyptus 28 Pack,TRUE,6276004,270037
1968,Earth Choice Triple Action Laundry Capsules Lavender Fields 28 Pack,TRUE,6275781,270718
1969,Earth Choice Ultra Concentrate Antibacterial Dish Liquid 500ml,TRUE,3973781,214963
1970,Earth Choice Window Cleaner Window 600ml,TRUE,9189347,712668
1971,Earth Choice Wool Wash 1l,TRUE,5417370,63878
1972,Earthwise Plant Powered Laundry Liquid Orange & Eucalyptus 4l,TRUE,8020329,660453
1973,Earthwise Plant Powered Laundry Liquid Sensitive 2l,TRUE,8020293,905143
1974,Easeacold Cold & Flu Gummies Butter Menthol Flavour,TRUE,6127445,275837
1975,Easiyo Greek Style Unsweetened Yogurt Base 170g,TRUE,2745974,118746
1976,Easiyo Strawberry Flavour Yoghurt Base 230g,TRUE,2745952,173166
1977,Easy Off Bam Bathroom Bleach Cleaning Spray 750ml,TRUE,5020912,221198
1978,Easy Off Bam Bathroom Soapscum Cleaning Foam 590g,TRUE,5009330,222372
1979,Easy Off Bam Bathroom Soapscum Cleaning Spray 750ml,TRUE,5020898,222463
1980,Easy Off Bam Drain 2-in-1 Cleaner 500ml,TRUE,4261560,155674
1981,Easy Off Bam Drain Maintainer Odour Stop 750ml,TRUE,5009476,221489
1982,Easy Off Bam Drain Turbo Gel Cleaner 1l,TRUE,3742020,90065
1983,Easy Off Bam Kitchen Degreaser Cleaning Spray 750ml,TRUE,5009421,220980
1984,Easy Off Bam Oven & Bbq Everyday Cleaner Spray 750ml,TRUE,5061589,221730
1985,Easy Off Bam Oven & Bbq Heavy Duty Cleaner Spray 325g,TRUE,4810716,233881
1986,Eatrite Rice Crackers Tamari Seaweed 100g,TRUE,9735684,153158
1987,Eclipse Intense Sugar Free Mints Tin 40g,TRUE,3454718,815856
1988,Eclipse Peppermint Chewy Mints Bottle 93g,TRUE,2887822,581349
1989,Eclipse Peppermint Chewy Mints Tin,TRUE,4966555,727909
1990,Eclipse Peppermint Sugar Free Mints Tin 40g,TRUE,3454729,815854
1991,Eclipse Spearmint Chewy Mints Bottle 93g,TRUE,2887844,581338
1992,Eclipse Spearmint Chewy Mints Tin,TRUE,9899342,727907
1993,Eclipse Spearmint Sugar Free Mints Tin 40g,TRUE,3454682,815853
1994,Eclipse Strawberry Sugar Free Mints Tin 40g,TRUE,3454707,815855
1995,Edens Bars Sesame 45g,TRUE,5469080,174205
1996,Edenvale Non Alcoholic Wine Sparkling Cuvee 750ml,TRUE,5457740,308942
1997,Edgell Australian Grown Chickpeas 400g,TRUE,9701489,227107
1998,Edgell Australian Grown Chickpeas Snack Packs Ready To Eat 125g X 4 Pack,TRUE,6691050,301304
1999,Edgell Australian Sliced Beetroot,TRUE,131574,34333
2000,Edgell Australian Super Sweet Corn Kernels,TRUE,9402284,179361
2001,Edgell Baby Peas & Corn Baby Peas & Super Sweet Corn 420g,TRUE,6835809,43701
2002,Edgell Beans Cannellini 400g,TRUE,1227500,732240
2003,Edgell Black Beans Plant Protein 400g,TRUE,2612766,930176
2004,Edgell Brown Lentils 400g,TRUE,1227497,732195
2005,Edgell Canned Butter Beans Picked And Soaked Legumes 400g,TRUE,5071414,732217
2006,Edgell Corn Kernels,TRUE,3185740,966533
2007,Edgell Corn Kernels No Added Salt 420g,TRUE,443792,90132
2008,Edgell Corn Kernels Whole 420g,TRUE,132045,34437
2009,Edgell Edamame Beans Snack Packs Ready To Eat 125g X 4 Pack,TRUE,3884014,863919
2010,Edgell Nourish Bowl Spiced Lentil Salad Chickpeas & Brown Rice 200g,TRUE,2743709,930181
2011,Edgell Nourish Bowl Zesty Cauli Rice Salad With Beans And Veggies 180g,TRUE,4470345,189306
2012,Edgell Peas Corn & Carrots Corn & Carrots 420g,TRUE,8565647,345414
2013,Edgell Sliced Mushrooms In Butter Sauce 220g,TRUE,131905,34107
2014,Edgell Snack Time Black Beans Charred & Capsicum With Zesty Salsa 70g,TRUE,5071447,220157
2015,Edgell Snack Time Chargrilled Corn Black Beans W Lime & Herbs 70g 70g,TRUE,3884058,153220
2016,Edgell Snack Time Chickpea Olive Oil Garlic & Rosemary 70g,TRUE,3592573,65617
2017,Edgell Snack Time Chickpeas Salad Topper With Zesty Vinaigrette 70g,TRUE,3592835,65618
2018,Edgell Snack Time Chickpeas With Fiery Moroccan Spices 70g,TRUE,6311036,290761
2019,"Edgell Snack Time Chickpeas With Lemon, Tahini & Garlic 70g",TRUE,6310918,292952
2020,Edgell Snack Time Chickpeas With Olive Oil & Sea Salt 70g,TRUE,3592824,65619
2021,Edgell Snack Time Red Kidney Beans Salad Topper With Chilli 70g,TRUE,3592879,65646
2022,Edgell Snack Time Sweet Corn Salad Topper With Capsicum & Lime 70g,TRUE,6310907,288168
2023,Edgell Super Sweet Corn Kernels 420g,TRUE,6836889,44079
2024,Eggplant Fresh Each,TRUE,4583206,137546
2025,Elastoplast Aqua Protect Waterproof Plasters For Wound Protection 40 Pack,TRUE,7213510,195254
2026,Elastoplast Aqua Protect Xxl Waterproof Plasters For Small Wounds 5 Pack,TRUE,3880057,117703
2027,Elastoplast Disney® Frozen Kids Plasters For Small Wounds 20 Pack,TRUE,4195783,137703
2028,Elastoplast Flexible Fabric Breathable Plasters For Wound Protection 40 Pack,TRUE,4197304,137592
2029,Elastoplast Heavy Fabric Extra Tough Waterproof Plasters 16 Pack,TRUE,5020231,720363
2030,Elastoplast Non Stick Wound Pad Dressings For Wound Protection 5 Pack,TRUE,7960544,5934
2031,Elastoplast Rigid Strapping Tape For Prevention & Support 15m Each,TRUE,3432453,175025
2032,Elastoplast Sensitive Assorted White Plasters For Wound Protection 40 Pack,TRUE,3614927,841077
2033,Elastoplast Sensitive Plasters For Kids With Animal Print 20 Pack,TRUE,6137766,137612
2034,Elastoplast Sensitive Xl Xxl 4xl Sterile Dressings For Post Op Wounds 5 Pack,TRUE,4197359,137752
2035,Elastoplast Water Resistant Plastic Plasters Assorted 40 Pack,TRUE,9739561,200814
2036,Elmer's Gue Cotton Candy Fizz Premade Slime,TRUE,5152640,181219
2037,Elmer's Gue Unicorn Butter Premade Slime Each,TRUE,5247543,156602
2038,Elvive Dream Lengths Saviour Mask,TRUE,3721166,82253
2039,Elvive Hyaluron Plump Shampoo 700ml,TRUE,6313552,265755
2040,"Eno Fruit, Salt Lemon Heartburn & Acid Indigestion Relief Powder 200g",TRUE,185110,44307
2041,Envy Apple Each,TRUE,4337797,761414
2042,Epsom Salts 1kg,TRUE,3734554,282064
2043,Epzen Relax Magnesium Bath Crystals 900g,TRUE,3628455,81713
2044,Epzen Sleep Magnesium Bath Crystals 900g,TRUE,4970891,99328
2045,Epzen Soothe Magnesium Bath Crystals 900g,TRUE,4203939,81608
2046,Equal Spoonful Spoon For Spoon Sugar Replacement 113g,TRUE,2297046,202982
2047,Equal Sweetener Sachets 100 Pack,TRUE,5139256,36387
2048,Equal Sweetener Sachets 50 Pack,TRUE,384004,94563
2049,Equal Sweetener Tablets 100 Pack,TRUE,383828,94843
2050,Equal Sweetener Tablets 300 Pack,TRUE,5088326,24488
2051,Erawan Tapioca Starch 500g,TRUE,5252452,49119
2052,Eskal Gluten Free Crackers 200g,TRUE,4426004,230507
2053,Essano Collagen Boost Eye Creme 10g,TRUE,3531750,36055
2054,Essano Collagen Boost Night Cream 50g,TRUE,3537440,968353
2055,Essano Collagen Boost Serum 30ml,TRUE,2859452,966792
2056,Essano Happy Skin Clean Canvas Jelly Cleanser 280ml,TRUE,7046735,266708
2057,Essano Happy Skin Prep & Balance Toner Mist 150ml,TRUE,7046746,268713
2058,Essano Happy Skin Supercharge Glow Serum 30ml,TRUE,7046702,267555
2059,Essano Rosehip Oil Certified Organic 20ml,TRUE,1955360,772384
2060,Essentials Chocolate Topping 600ml,TRUE,4496065,196455
2061,Eta Barbecue Sauce 375ml,TRUE,234577,34425
2062,Eureka Eucalyptus Solution 500ml,TRUE,1746031,821318
2063,Eureka Tea Tree Solution 200ml,TRUE,3414768,821333
2064,Europe Nougat Honey Log Chocolate Bar 40g,TRUE,67850,320102
2065,Europe Summer Roll Chocolate Bar 40g,TRUE,67861,320103
2066,Europe Summer Roll Minis 150g,TRUE,5889493,255112
2067,Exit Mould Cleaning Spray 500ml,TRUE,296949,31795
2068,"Expo Whiteboard Marker Pens Chisel Tip, Starter Set 6 Pack",TRUE,3887351,521443
2069,"Expo Whiteboard Marker Pens Chisel Tip, Vibrant Colours 4 Pack",TRUE,3617211,651996
2070,"Expo Whiteboard Marker Pens Fine Point, Fashion Colours 8 Pack",TRUE,3887329,521510
2071,Extra Intense Mint Sugar Free Chewing Gum 14pc 27g,TRUE,4970213,204103
2072,Extra Peppermint Sugar Free Chewing Gum 14pc 27g,TRUE,5703176,258033
2073,Extra Peppermint Sugar Free Chewing Gum Bottle 64g,TRUE,1804502,781976
2074,Extra Peppermint Sugar Free Chewing Gum Multipack 4x14g,TRUE,2655146,442694
2075,Extra Peppermint Sugar Free Chewing Gum Multipack 81g,TRUE,5229552,5311
2076,Extra Spearmint Sugar Free Chewing Gum 14pc 27g,TRUE,5703165,258031
2077,Extra Spearmint Sugar Free Chewing Gum Bottle 64g,TRUE,1804513,781980
2078,Extra Spearmint Sugar Free Chewing Gum Multipack 4x14g,TRUE,2655135,440153
2079,Extra Spearmint Sugar Free Chewing Gum Multipack 81g,TRUE,5229541,5180
2080,Extra Strawberry Sugar Free Chewing Gum 14pc 27g,TRUE,6023031,298888
2081,Extra Strawberry Sugar Free Chewing Gum Bottle 64g,TRUE,2887855,583399
2082,Extra Strawberry Sugar Free Chewing Gum Multipack 42pc 3x27g,TRUE,2655102,439979
2083,Extra White Bubblemint Sugar Free Chewing Gum Bottle 64g,TRUE,2226310,830021
2084,Extra White Bubblemint Sugar Free Chewing Gum Multipack 4x14g,TRUE,2229192,830015
2085,Extra White Peppermint Sugar Free Chewing Gum Bottle 64g,TRUE,5727695,259348
2086,Extra White Peppermint Sugar Free Chewing Gum Multipack 4x14g,TRUE,8752316,135903
2087,Extra White Soft Chew Peppermint Sugar Free Chewing Gum 67g,TRUE,3455324,822820
2088,Extra White Soft Chew Spearmint Sugar Free Chewing Gum 67g,TRUE,3455313,822759
2089,Extra White Spearmint Sugar Free Chewing Gum Bottle 64g,TRUE,3993133,131763
2090,F. Whitlock & Sons Chipotle Barbecue Bbq Sauce 250ml,TRUE,4279941,169076
2091,F. Whitlock & Sons Killer Baked Beans Smokey Campfire Bbq 420g,TRUE,4348523,157847
2092,F. Whitlock & Sons Texas Bbq Style Marinade 400ml,TRUE,4281364,169905
2093,F. Whitlock & Sons Yakitori Style Marinade,TRUE,4281386,169395
2094,Fab Fresh Blossom Laundry Detergent Capsules 28 Pack,TRUE,5526616,239464
2095,Fab Fresh Blossoms Laundry Detergent Powder 2kg,TRUE,2464498,657424
2096,Fab Fresh Frangipani Laundry Detergent Powder 1kg,TRUE,7780189,880018
2097,Fab Fresh Frangipani Laundry Detergent Powder 4kg,TRUE,2463360,880026
2098,Fab Fresh Laundry Detergent Powder With Odour Control 1.8kg,TRUE,4357546,88388
2099,Fab Perfume Indulgence Gold Laundry Detergent Liquid 1.8l,TRUE,3774694,88165
2100,Fab Perfume Indulgence Velvet Laundry Detergent Liquid 900ml,TRUE,3774672,87425
2101,Fab Perfume Indulgence Velvet Laundry Detergent Powder 1.8kg,TRUE,2463371,657981
2102,Faber-castell Connector Markers 20 Pack,TRUE,1839744,96750
2103,Fabulon Linen Breeze Trigger Aid Trigger Spray 500ml,TRUE,299608,32224
2104,Fairy 30 Minute Miracle Dishwasher Tablets 45 Pack,TRUE,6177250,278261
2105,Fairy 31 Minute Miracle Dishwasher Tablets 22 Pack,TRUE,6177206,278455
2106,Fairy Ultra Concentrate Lemon Dishwashing Liquid 495ml,TRUE,3743409,80512
2107,Fairy Ultra Concentrate Original Dishwashing Liquid 800ml,TRUE,5116261,174638
2108,Fanta Mini Pineapple Zero Cans 250ml X 6 Pack 6 pack,TRUE,7714570,659038
2109,Fanta Orange Soft Drink Can 250ml,TRUE,2034149,25832
2110,Fanta Orange Soft Drink Multipack Cans 375ml X10 Pack,TRUE,1849330,793311
2111,Fanta Orange Zero Sugar Soft Drink Bottles 600ml,TRUE,5319950,244282
2112,Fanta Pineapple & Grapefruit Soft Drink Can 330ml,TRUE,7673906,392202
2113,Fanta Raspberry Zero Sugar Soft Drink Bottles 600ml,TRUE,5320246,243795
2114,Fantastic Beef Noodle Bowl 85g,TRUE,6988355,49286
2115,Fantastic Beef Noodle Cup 70g,TRUE,5588792,62747
2116,Fantastic Black Rice Crackers,TRUE,3558611,267144
2117,Fantastic Chicken Noodle Bowl 85g,TRUE,6992421,48883
2118,Fantastic Chicken Noodle Cup 70g,TRUE,5588840,62735
2119,Fantastic Cup Noodles Chicken 6 Pack,TRUE,4482843,637154
2120,Fantastic Delites Snacks Honey Soy Chicken 100g,TRUE,2469618,732234
2121,Fantastic Fresh Noodles Hokkien 450g,TRUE,8679624,145566
2122,Fantastic Rice Crackers Bbq 100g,TRUE,3558305,35103
2123,Farm Pride Frozen Egg Whites 950ml,TRUE,1909588,947804
2124,Farmers Union Greek Style Lactose Free Yoghurt 500g,TRUE,4339544,85067
2125,Farmers Union Greek Style Yoghurt Pouch Hint Of Real Mango 130g,TRUE,3305810,686455
2126,Farmers Union Greek Style Yoghurt Pouch Passionfruit 130g,TRUE,3306765,168114
2127,Farmers Union Greek Yogurt 4 Pack,TRUE,1870573,790041
2128,Farmers Union Iced Coffee 600ml,TRUE,3026270,27790
2129,Farmers Union Light Greek Yoghurt 1kg,TRUE,6567776,312204
2130,Fat Blaster Snack Bars Chocolate Crunch,TRUE,5076600,172243
2131,Fat Blaster Weight Loss Shake With Green Tea Extract Caramel Delight,TRUE,6000580,229383
2132,Febreze Fabric Refresher Extra Strength 370ml,TRUE,1020397,742660
2133,Fehlbergs Burger Pickles 490g,TRUE,3588237,9228
2134,Fehlbergs Gin & Tonic Flavoured Cucumbers,TRUE,5275491,235558
2135,Fehlbergs Martini Flavoured Olives,TRUE,5276916,236809
2136,Fehlbergs Sandwich Stackers 500g,TRUE,3340480,691961
2137,Femfresh Deodorising Wash 250ml,TRUE,2375343,840179
2138,Femfresh Intimate Hygiene Feminine Deodorant 75g,TRUE,5137658,38194
2139,Femfresh Intimate Hygiene Feminine Wipes 20 Pack,TRUE,5569222,256991
2140,Femfresh Intimate Skin Care Daily Wash 600ml,TRUE,4226763,164653
2141,Femfresh Sensitive Wash 250ml,TRUE,3292886,684442
2142,Femfresh Sensitive Wash 600ml,TRUE,4226774,310872
2143,Femfresh Soap Free Wash 250ml,TRUE,2375332,840167
2144,Ferrero Collection Rocher Raffaello Rondnoir Chocolate Gift Box 15 Pack,TRUE,1545663,780703
2145,Ferrero Raffaello Frozen Dessert 4 Pack,TRUE,7073126,289423
2146,Ferrero Rocher Boxed Easter Egg 137.5g,TRUE,4721591,188962
2147,Ferrero Rocher Chocolate Gift Box 16 Pack,TRUE,229828,8896
2148,Ferrero Rocher Chocolate Gift Box 30 Pack,TRUE,7327585,9023
2149,Ferrero Rocher Chocolate Gift Box 5 Pack,TRUE,31922,22745
2150,Ferrero Rocher Easter Egg 100g,TRUE,5749596,253337
2151,Fess Children's Saline Nasal Spray 20ml,TRUE,7749462,969683
2152,Fever-tree Elderflower Tonic Water Bottles 200ml X 4 Pack,TRUE,3536674,995405
2153,Fever-tree Light Indian Tonic Water 150ml X8 Pack,TRUE,6519092,165748
2154,Fever-tree Mediterranean Light Tonic Water 8 X 150ml,TRUE,6519106,261247
2155,Fever-tree Meditteranean Tonic Water Bottles 200ml X 4 Pack,TRUE,3048794,979808
2156,Fever-tree Meditteranean Tonic Water Bottles 500ml,TRUE,3536812,609505
2157,Fever-tree Premium Indian Tonic Water 500ml,TRUE,3536801,841115
2158,Fever-tree Refreshingly Light Premium Indian Tonic Water Bottles 200ml X 4 Pack,TRUE,5582388,990001
2159,Fever-tree Refreshingly Light Premium Mediterranean Tonic Water 500ml,TRUE,4819368,155824
2160,Fever-tree Refreshingly Light Tonic Water 500ml,TRUE,3536798,686285
2161,Fibre One 90 Calorie Lemon Drizzle Snack Bars 5 Pack,TRUE,2827150,536102
2162,Fibre One Chocolate Fudge Brownie Bars 10 Pack,TRUE,6395171,365068
2163,Finish All In One Max Lemon Sparkle Dishwasher Gel 1l,TRUE,3514241,852178
2164,Finish Dishwasher Cleaner Tabs 3 Pack,TRUE,3514682,37181
2165,Finish Lemon Dishwasher Deep Cleaner 250ml,TRUE,7556017,345982
2166,Finish Power Essentials Lemon Sparkle Dishwashing Tablets 42 Pack,TRUE,6132693,277814
2167,Finish Power Lemon Dishwasher Tablets 60 Pack 60 pack,TRUE,7752434,674701
2168,Finish Rinse & Shine Dishwasher Aid 500ml,TRUE,5870735,260703
2169,Finish Rinse & Shine Lemon Dishwasher Aid 500ml,TRUE,6135487,277619
2170,Finish Ultimate All In One Lemon Sparkle Dishwashing Tablets 36 Pack,TRUE,5019607,215183
2171,Finish Ultimate Plus Dishwasher Tablets 45 Pack,TRUE,6127911,276191
2172,Finish Ultimate Plus Lemon Sparkle Dishwasher Tablets 56 Pack,TRUE,6132183,277151
2173,Finish Ultimate Pro 0% Dishwasher Tablets 48 Pack,TRUE,3967224,143732
2174,Finish Ultimate Pro Dishwasher Tablets,TRUE,3701012,78641
2175,Finish Ultimate Pro Lemon Sparkle Dishwasher Tablets 16 Pack,TRUE,3679128,78637
2176,Finish Ultimate Pro Lemon Sparkle Dishwasher Tablets 32 Pack,TRUE,3679150,78638
2177,Finish Ultimate Pro Lemon Sparkle Dishwasher Tablets 46 Pack,TRUE,3967235,148368
2178,First Response Ovulation Test Kit 14 Pack,TRUE,4165240,136825
2179,First Response Pregnancy Test Instream 7 Pack,TRUE,3733722,829122
2180,First Response Pregnancy Test Instream Test 3 Pack,TRUE,3733744,232256
2181,First Response Pregnancy Test Stream Each,TRUE,3733733,158270
2182,First Response Test & Reassure Pregnancy Test 3 Pack,TRUE,6137835,273825
2183,Fisherman's Friend Mints Extra Strong 25g Pack,TRUE,3454740,96479
2184,Fisiocrem Solugel 250g,TRUE,3734587,142392
2185,Fitness Outcomes Beef Bolognese Frozen Meal 350g,TRUE,4357706,72545
2186,Fitness Outcomes Beef Rendang With Broccoli & Brown Rice Frozen Meal 350g,TRUE,5235410,179975
2187,Five:am Organic Vanilla Bean Yoghurt 170g,TRUE,1196360,375537
2188,Five:am Organic Yoghurt Vanilla Bean 1kg,TRUE,1436125,271778
2189,Fix & Go Super Glue 2 Pack,TRUE,4230283,222636
2190,Flora Margarine Spread Buttery 500g,TRUE,4827810,247153
2191,Flora Margarine Spread Light 500g,TRUE,87643,47649
2192,Flora Margarine Spread Original 500g,TRUE,189406,48019
2193,Flora Proactiv Margarine Spread Buttery 500g,TRUE,8085029,370962
2194,Flora Thickened Plant Cream 500ml,TRUE,6413590,309487
2195,Fluffy Fabric Softener Scent Booster Cloud Nine 250g,TRUE,5080890,205768
2196,Fluffy Fabric Softener Scent Booster Cloud Nine 500g,TRUE,6261867,266927
2197,Fluffy Fabric Softener Summer Breeze 2l,TRUE,4795984,233124
2198,Fluffy Ultra Fabric Softener Divisne Blends Lotus 900ml,TRUE,1586183,759725
2199,Fluffy Ultra Fabric Softener Refill Summer Breeze 250ml,TRUE,5429405,255411
2200,Fluffy Ultra Fabric Softener Spice Allure 1l,TRUE,7945008,700563
2201,Fluffy Ultra Fabric Softener Spice Allure 2l,TRUE,3565424,679255
2202,Fluffy Ultra Fabric Softener Summer Breeze 1l,TRUE,7318835,336488
2203,Fluffy Ultra Fabric Softener Vanilla & Coconut 1.9l,TRUE,3738770,863045
2204,Fluffy Ultra Fabric Softener Vanilla & Coconut 900ml,TRUE,2223662,785104
2205,Fodmapped For You Simmer Sauce Green Curry 200g,TRUE,2474913,647693
2206,Food For Health Cacao & Coconut Clusters,TRUE,3896024,147413
2207,Food For Health Digestive Restore Muesli,TRUE,5288391,264654
2208,Food For Health Fruit Free Clusters Chia & Cinnamon,TRUE,7595493,350025
2209,Food For Health Gluten Free Granola Caramelised Apple Crumble 400g,TRUE,8962115,83267
2210,Food For Health Nutty Almond Clusters Clusters,TRUE,2899275,662195
2211,Foster Clark's Custard Powder 350g,TRUE,122234,33379
2212,Foster Clark's Original Recipe Vanilla Flavoured Liquid Custard 1l,TRUE,7408392,66394
2213,Foster Clark's Snack Pack Pouch Strawberry Flavoured Custard 120g,TRUE,7825436,57571
2214,Foster Clark's Snak Pack Chocolate Flavoured Custard Pouch 120g,TRUE,7825414,57620
2215,Foster Clark's Snak Pack Vanill Flavoured Custard Pouch 120g,TRUE,7825447,57622
2216,Fountain Barbecue Bbq Sauce Value Pack 2l,TRUE,2359267,845672
2217,Fountain Hot Chilli Sauce 250ml,TRUE,5377367,53869
2218,Fountain Soy Sauce 250ml,TRUE,5377390,53866
2219,Fountain Spicy Red Sauce 250ml,TRUE,128445,34442
2220,Fountain Steak Sauce 250ml,TRUE,128434,34444
2221,Fountain Sweet Chilli Sauce 250ml,TRUE,6849199,47106
2222,Fountain Thick Mint Sauce 250ml,TRUE,5382152,59360
2223,Fountain Tomato Sauce Value Pack 2l,TRUE,7265171,175901
2224,Four Seasons Aloe Vera Lubricant Water Based 200ml,TRUE,3880024,820908
2225,Four Seasons Lubricants Glow In The Dark Tube 100ml,TRUE,4933931,158288
2226,Four Seasons Lubricants Massage Oil 150ml,TRUE,9738161,192674
2227,Four Seasons Naked Closer Condoms 20 Pack,TRUE,7078673,272870
2228,Four Seasons Naked Larger Condoms 20 Pack,TRUE,7078709,274774
2229,Four'n Twenty Angus Aussie Beef Pies 4 Pack,TRUE,4227336,86945
2230,Four'n Twenty Angus Beef & Pepper Pies 4 Pack,TRUE,4227347,86469
2231,Four'N Twenty King Size Sausage Roll Single Wrap Chilled Meal 160g,TRUE,8443661,785276
2232,Four'n Twenty Pies Beef & Cheese 700g,TRUE,4541272,227091
2233,Four'n Twenty Pies Chicken & Vegetable 4 Pack,TRUE,5522422,37772
2234,Four'n Twenty Traveller Hi Protein Beef Pie 160g,TRUE,5104910,220982
2235,Frank's Redhot Buffalo Wings Hot Sauce 148ml,TRUE,3502253,61704
2236,Frank's Redhot Original Cayenne Pepper Hot Sauce 148ml,TRUE,7051768,759137
2237,Frantelle Australian Still Spring Water Bottles Multipack 600ml X 24 Pack,TRUE,4978690,219582
2238,Freedom Active Balance Apple & Sultana Multigrain Flakes,TRUE,7083265,223916
2239,Freedom Active Balance Fruit & Seeds Muesli Cereal,TRUE,5235544,223714
2240,Freedom Active Balance Maple & Almond Multigrain Flakes Cereal,TRUE,5235533,224616
2241,Freedom Classic Corn Flakes Cereal 270g,TRUE,5235500,224366
2242,Freedom Classic Honey-o Crunch Cereal 360g,TRUE,5235486,224782
2243,Freedom Classic Maple Crunch Cereal 360g,TRUE,5235464,224469
2244,Freedom Classic Rice Puffs Cereal 250g,TRUE,5235431,224381
2245,Freedom Classic Xo Cocoa Crunch Cereal 360g,TRUE,5235442,223975
2246,French Fries Multipack Original 6 Pack,TRUE,6290570,293610
2247,French's Classic Yellow American Mustard 226g,TRUE,7905105,96145
2248,Fresh Fodder Taramosalata 200g,TRUE,3349837,714693
2249,Fresh Fodder Tzatziki 200g,TRUE,3349870,714664
2250,Fresh Granny Smith Apples Each,TRUE,408554,130935
2251,Fresh Green Nashi Pear Each,TRUE,398010,145259
2252,Fresh Packham Pear Each,TRUE,156258,115330
2253,Fresh Raspberries 170g,TRUE,7509673,453364
2254,Fresh Raspberry 125g,TRUE,134029,165262
2255,Fresh Strawberry 250g,TRUE,5191256,144607
2256,Fresh Tomato Each,TRUE,4597109,134034
2257,Freshwater Farm Australia Hemp Seed Oil Hydrating Body Bar 200g,TRUE,6377307,814413
2258,Freshwater Farm Australia Lemon Myrtle Oil + Manuka Honey Soothing Body Bar 200g,TRUE,6376960,78588
2259,Freshwater Farm Australia Mandarin + Cedarwood Oil Revitalising Body Bar 200g,TRUE,6377056,150784
2260,Freshwater Farm Australia Rosewater & Pink Clay Cleansing Bar 200g,TRUE,6377023,814358
2261,Frisp Mango Crisps 15g,TRUE,5612503,841552
2262,Frisp Strawberry Crisps 15g,TRUE,5612490,841551
2263,Frooti Mango Drink 500ml,TRUE,2132137,794544
2264,Fropro Protein Burrito Chipotle Chicken 245g,TRUE,5643879,221506
2265,Fropro Protein Burrito Sausage & Egg,TRUE,5643959,221252
2266,Fropro Protein Pizza Italian Beef & Peppers,TRUE,5991558,203580
2267,Fropro Protein Pizza Peri Peri Chicken 325g,TRUE,5991525,205712
2268,Fry's Meat Free Family Sausage Rolls Frozen Meal 400g,TRUE,3217950,809199
2269,Fry's Meat Free Nuggets With Rice Protein & Chia Frozen Meal 240g,TRUE,2750034,937534
2270,Fry's Meat Free Quinoa & Brown Rice Protein Burgers Frozen Meal 320g,TRUE,2750089,575585
2271,Fry's Meat Free Schnitzels With Soy & Flaxseed 320g,TRUE,9961774,937543
2272,Frys Plant-based Popcorn Chick'n,TRUE,5151036,222400
2273,Fry's Plant-based Steak-style Meat Pies 2 Pack,TRUE,5161448,221080
2274,Fudge Professional Clean Blonde Damage Rewind Toning Purple Conditioner 250ml,TRUE,3980481,141050
2275,Fudge Professional Clean Blonde Damage Rewind Toning Purple Shampoo 250ml,TRUE,3980426,141270
2276,Fudge Professional Clean Blonde Everyday Damage Rewind Purple Conditioner 250ml,TRUE,3980460,141101
2277,Fudge Professional Clean Blonde Everyday Damage Rewind Purple Shampoo 250ml,TRUE,3980415,141329
2278,Fudge Professional Clean Blonde Toning Purple Conditioner 250ml,TRUE,3980459,141373
2279,Fudge Professional Clean Blonde Toning Purple Shampoo 250ml,TRUE,3980390,141383
2280,Fudge Urban Matte Wax With No Shine & Firm Hold 70ml,TRUE,1058480,345022
2281,Fun Faves Variety Multipack Chips 18 Pack,TRUE,4384924,172578
2282,Funday Natural Sweets No Sugar Added Lollies Raspberry Gummy Frogs 50g,TRUE,6594600,184441
2283,Funday Natural Sweets No Sugar Added Lollies Sour Peach Hearts 50g,TRUE,6594611,184482
2284,Fyna Liquorice 240g,TRUE,9405373,255712
2285,Galaxy Chocolate 42g,TRUE,2040414,777287
2286,Galaxy Minstrels Treat Bag 80g,TRUE,2783510,578373
2287,Garlo's Apple Pie 180g,TRUE,5763699,286187
2288,Garlo's Beef Sausage Roll Chilled Meal 200g,TRUE,7155559,88511
2289,Garlo's Butter Chicken Pie 200g,TRUE,6648685,282026
2290,Garlo's Chunky Steak Pie 200g,TRUE,7155129,89332
2291,Garlo's Curry Beef Pie 200g,TRUE,7155060,89097
2292,Garlo's Family Pie Lean Beef 550g,TRUE,7339063,88508
2293,Garlo's Junior Beef Pies 12 Pack,TRUE,7391234,394229
2294,Garlo's Junior Beef Pies Null,TRUE,7974119,89241
2295,Garlo's Junior Beef Sausage Rolls Chilled Meal 12 Pack,TRUE,7974083,88507
2296,Garlo's Lean Beef Pie 200g,TRUE,7154997,88999
2297,Garnier 2 In 1 Vitamin C Brightening Serum Cream,TRUE,5940433,256981
2298,Garnier Eye Tissue Mask Hyaluronic Acid & Orange Each,TRUE,3239544,700247
2299,Garnier Fructis Coconut Water Conditioner 850ml,TRUE,3303315,802575
2300,Garnier Fructis Full & Luscious Conditioner 850ml,TRUE,3303337,804089
2301,Garnier Fructis Full & Luscious Shampoo 315ml,TRUE,3303122,802561
2302,Garnier Fructis Hair Food Banana Conditioner 350ml,TRUE,4453787,151100
2303,Garnier Fructis Hair Food Banana Shampoo 350ml,TRUE,4453710,151020
2304,Garnier Fructis Hair Food Hydrating Aloe Vera 390ml,TRUE,3610449,52871
2305,Garnier Fructis Hair Food Hydrating Aloe Vera Conditioner,TRUE,4453743,138035
2306,Garnier Fructis Hair Food Hydrating Aloe Vera Shampoo,TRUE,4453696,138034
2307,Garnier Fructis Hair Food Nourishing Banana 390ml,TRUE,3164026,682765
2308,Garnier Fructis Hair Food Smoothing Macadamia 390ml,TRUE,3164015,682771
2309,Garnier Fructis Hair Food Watermelon Mask 390ml,TRUE,3979642,138028
2310,Garnier Fructis Normal Strength & Shine Conditioner 315ml,TRUE,3303086,802535
2311,Garnier Fructis Normal Strength & Shine Shampoo 315ml,TRUE,3303100,802536
2312,Garnier Fructis Normal Strength & Shine Shampoo 850ml,TRUE,3303268,802569
2313,Garnier Fructis Nutri-repair 3 Conditioner 315ml,TRUE,6313585,802564
2314,Garnier Fructis Nutri-repair 3 Conditioner 850ml,TRUE,3303304,802572
2315,Garnier Fructis Nutri-repair 3 Shampoo 315ml,TRUE,3302753,802563
2316,Garnier Hydra Bomb Sheet Mask Hyaluronic Acid & Lavender Each,TRUE,3557823,71403
2317,Garnier Hydra Bomb Tissue Face Mask Chamomile Each,TRUE,3557700,56453
2318,Garnier Hydra Bomb Tissue Face Mask Green Tea Each,TRUE,3557798,56448
2319,Garnier Hydra Bomb Tissue Face Mask Pomegranate Each,TRUE,3557834,56452
2320,Garnier Micellar Cleansing Water 700ml,TRUE,3152548,611753
2321,Garnier Micellar Cleansing Water All Skin Types 125ml,TRUE,2710991,892601
2322,Garnier Micellar Cleansing Water All Skin Types 400ml,TRUE,1683893,779445
2323,Garnier Micellar Cleansing Water In Oil 400ml,TRUE,3438518,820279
2324,Garnier Micellar Rose Cleansing Water Clean & Glow 400ml,TRUE,3731920,73490
2325,Garnier Nutrisse Hair Colour 3.6 Crimson Promise Each,TRUE,8289674,107473
2326,Garnier Nutrisse Hair Colour 4 Tamarind Dark Brown Each,TRUE,8289583,107466
2327,Garnier Nutrisse Hair Colour 4.15 Iced Chestnut Each,TRUE,2292483,840354
2328,Garnier Nutrisse Hair Colour 6.60 Fiery Red Each,TRUE,8656855,721294
2329,Garnier Nutrisse Hair Colour 6n Nude Light Brown Each,TRUE,2901435,626241
2330,Garnier Nutrisse Hair Colour 7n Dark Blonde Each,TRUE,2901945,626140
2331,Garnier Nutrisse Hair Colour 9.13 Natural Light Blonde Each,TRUE,2292450,840404
2332,Garnier Olia Permanent Hair Colour Blonde Each,TRUE,5500601,232295
2333,Garnier Olia Permanent Hair Colour Brown Each,TRUE,5500554,232292
2334,Garnier Olia Permanent Hair Colour Dark Black Platinum Each,TRUE,5500634,248862
2335,Garnier Olia Permanent Hair Colour Deep Violet Each,TRUE,5500350,232288
2336,Garnier Olia Permanent Hair Colour Iced Chocolate Each,TRUE,5500441,232289
2337,Garnier Olia Permanent Hair Colour Light Ash Blonde Each,TRUE,5500656,232290
2338,Garnier Olia Permanent Hair Colour Very Intense Red Each,TRUE,5500645,232298
2339,Garnier Olia Permanent Max Bleach No Ammonia Each,TRUE,5259600,229418
2340,Garnier Pineapple Hair Food Conditioner 350ml,TRUE,6313574,265757
2341,Garnier Pineapple Hair Food Shampoo 350ml,TRUE,6313563,265756
2342,"Garnier Pure Active Anti Acne 3 In 1 Wash, Scrub & Mask 150ml",TRUE,6556306,312446
2343,Garnier Pure Active Anti Acne Charcoal 3-in-1 Wash,TRUE,2859532,504775
2344,Garnier Pure Active Anti Acne Daily Pore Scrub Wash 150ml,TRUE,9078630,159458
2345,Garnier Pure Charcoal Tissue Face Mask Black Algae,TRUE,3557845,56441
2346,Garnier Skin Active Bb Cream Antiage Medium 50ml,TRUE,4329722,165489
2347,Garnier Skin Active Vitamin C Daily Uv Brightening Fluid Glow 40ml,TRUE,9037407,944639
2348,Garnier Skinactive Hydra Bomb Tissue Face Mask Sakura Each,TRUE,3731931,71404
2349,Garnier Skinactive Nutri Bomb Milky Tissue Mask Coconut,TRUE,3877711,105165
2350,Garnier Vitamin C Brightening Serum 30ml,TRUE,4866619,196590
2351,Garnier Vitamin C Day Cream 50ml,TRUE,5940397,267110
2352,Gastro-stop Capsules 8 Pack,TRUE,3161630,662638
2353,Gatorade G Active Sports Drinks Berry Water Electrolytes & Vitamins 600ml,TRUE,2925830,594960
2354,Gatorade G Active Sports Drinks Grape Water Electrolytes & Vitamins 600ml,TRUE,4661569,173487
2355,Gatorade G Active Sports Drinks Lemon Water Electrolytes & Vitamins 600ml,TRUE,2925841,594961
2356,Gatorade No Sugar Drink Grape 600ml,TRUE,7717182,613988
2357,Gatorade Sports Drinks Blue Bolt Electrolyte Hydration Bottle 600ml,TRUE,6157082,30486
2358,Gatorade Sports Drinks Grape Electrolyte Hydration Bottle 600ml,TRUE,8729937,262841
2359,Gatorade Sports Drinks Green Apple Electrolyte Hydration Bottle 600ml,TRUE,2485374,899990
2360,Gatorade Sports Drinks Lemon Lime Electrolyte Hydration Bottle 600ml,TRUE,5468870,30441
2361,Gatorade Sports Drinks Orange Ice Electrolyte Hydration Bottle 600ml,TRUE,5594671,30450
2362,Gatorade Sports Drinks Sugar Free Berry Electrolyte Hydration Bottle 600ml,TRUE,3989533,153052
2363,Gatorade Sports Drinks Sugar Free Glacier Freeze Bottle 600ml,TRUE,3807953,152235
2364,Gatorade Sports Drinks Sugar Free Lemon Lime Electrolyte Bottle 600ml,TRUE,5341665,223815
2365,Gatorade Sports Drinks Sugar Free Orange Electrolyte Bottle 600ml,TRUE,4313722,152303
2366,Gatorade Sports Drinks Tropical Electrolyte Hydration Bottle 600ml,TRUE,7717182,30446
2367,Gatorade Sports Drinks Watermelon Chill Electrolyte Hydration Bottle 600ml,TRUE,4905404,245411
2368,Gaviscon Dual Action Heartburn & Indigestion Chewable Tablets 48 Pack,TRUE,3161571,477680
2369,Gaviscon Dual Action Heartburn & Indigestion Liquid Berry 300ml,TRUE,4153150,137767
2370,Gaviscon Dual Action Heartburn & Indigestion Liquid Berry 600ml,TRUE,4153284,137812
2371,Gaviscon Dual Action Heartburn & Indigestion Liquid Peppermint 300ml,TRUE,6979387,321469
2372,Gaviscon Dual Action Heartburn & Indigestion Liquid Peppermint 600ml,TRUE,2371455,841554
2373,Gaviscon Dual Action Heartburn & Indigestion Mixed Berry Tabs 48 Pack,TRUE,4477344,183079
2374,Gaviscon Dual Action Heartburn & Indigestion Relief Mixed Berry 16 Pack,TRUE,3880115,117886
2375,Gaviscon Extra Strength For Acid Reflux Relief Aniseed Liquid 300ml,TRUE,4975523,195926
2376,Gaviscon Extra Strength For Acid Reflux Relief Peppermint Liquid 300ml,TRUE,4975534,196023
2377,Gaviscon Extra Strength Peppermint Tablets For Acid Reflux Relief 24 Pack,TRUE,4975556,195962
2378,Gc Tooth Mousse Strawberry 40g,TRUE,5929973,138515
2379,Geelong Brush Bathroom Rim Toilet Set Each,TRUE,2387987,177490
2380,Gillette After Shave Splash Refreshing Breeze 50ml,TRUE,4359734,157318
2381,Gillette Blue 2 Pivot Plus Disposable Razors 20 Pack,TRUE,4359858,159043
2382,Gillette Blue 3 Disposable Shaving Razor 8 Pack,TRUE,7434949,341040
2383,Gillette Blue Ii Disposable Shaving Razor Plus 20 Pack,TRUE,4702826,194278
2384,Gillette Comfortglide Sensitive Razor & 2 Cartridge Set 2 Pack,TRUE,6435582,320638
2385,Gillette Fusion 5 Manual Mens Razor Blades 4 Pack,TRUE,4358753,157656
2386,Gillette Fusion 5 Manual Mens Shaving Razor Each,TRUE,4359450,157532
2387,Gillette Fusion 5 Mens Razor Starter Kit Each,TRUE,4359836,159560
2388,Gillette Fusion 5 Power Razor Blades 4 Pack,TRUE,4358720,157525
2389,Gillette Fusion 5 Power Shaving Razor Each,TRUE,4359461,157441
2390,Gillette Fusion Pro Shield 5 Razor Blades 4 Pack,TRUE,4358710,157495
2391,Gillette Fusion Proglide 5 Manual Mens Razor Blades 4 Pack,TRUE,4358695,157530
2392,Gillette Fusion Proglide 5 Manual Razor Blades 8 Pack,TRUE,4358968,159647
2393,Gillette Fusion Proglide 5 Mens Power Razor Each,TRUE,8891549,155368
2394,Gillette Fusion Proglide 5 Razor Each,TRUE,4359483,157673
2395,Gillette Fusion Proglide Mens Razor Styler & Trimmer Each,TRUE,1048953,732420
2396,Gillette Labs Pat Razor Handle Stand & 2 Cartridges Blade Pack Each,TRUE,5861010,304376
2397,Gillette Labs Quick Rinse Shave Foam With Vitamin B3 & Sea Kelp 240ml,TRUE,5355229,219259
2398,Gillette Labs Rapid Foaming Shave Gel With Vitamin B3 & Sea Kelp 198ml,TRUE,5355230,222564
2399,Gillette Labs Razor Handle With Two Cartridges Each,TRUE,5339663,219976
2400,Gillette Mach3+ Razor Blades 12 Pack,TRUE,3793724,90138
2401,Gillette Mach3+ Shaving Razor Each,TRUE,3793702,90972
2402,Gillette Pro Icy Cool Shaving Gel Menthol 195g,TRUE,4359723,157477
2403,Gillette Refreshing Breeze Shave Gel 195g,TRUE,4359701,157588
2404,Gillette Sensitive Skin Soothing Shave Gel Aloe Vera 195g,TRUE,4359698,157466
2405,Gillette Sensor3 Comfort Shaving Razor 8 Pack,TRUE,3584134,54626
2406,Gillette Sensor3 Mens Disposable Razors For Sensitive Skin 4 Pack,TRUE,3582605,53188
2407,Gillette Shaving Foam Lemon Lime 333g,TRUE,3790012,82914
2408,Gillette Shaving Foam Sensitive Skin Value Pack 333g,TRUE,3790001,82913
2409,Gillette Skin Mate Disposable Razor 4 Pack,TRUE,7660664,219260
2410,Gillette Skinguard Razor Each,TRUE,4359508,157528
2411,Gillette Venus Comfortglide White Tea Razor Blades 8 Pack,TRUE,4359563,171188
2412,Gippsland Dairy Apple Pie Yoghurt 140g,TRUE,5310672,123958
2413,Gippsland Dairy Blueberry Twist Yoghurt 160g,TRUE,9907917,740621
2414,Gippsland Dairy Boysenberry Twist Yoghurt 160g,TRUE,2745395,535631
2415,Gippsland Dairy Choc Fudge Honeycomb Yoghurt 140g,TRUE,5316464,123959
2416,Gippsland Dairy Cookies & Cream Yoghurt 140g,TRUE,5309662,124477
2417,Gippsland Dairy Mango & Blood Orange Twist Yoghurt 160g,TRUE,9907940,740596
2418,Gippsland Dairy Passionfruit Twist Yoghurt 160g,TRUE,9907994,687826
2419,Gippsland Dairy Strawberry Waffle Yoghurt 140g,TRUE,5310253,124190
2420,Gippsland Dairy Toffee Honeycomb Twist Yoghurt 160g,TRUE,1436420,753880
2421,Gippsland Dairy Twist Yoghurt Blueberry 700g,TRUE,6941577,266707
2422,Gippsland Dairy Twist Yoghurt Boysenberry 700g,TRUE,2975045,266971
2423,Gippsland Dairy Twist Yoghurt Lemon Curd 160g,TRUE,5937632,612012
2424,Gippsland Dairy Twist Yoghurt Mango & Blood Orange 700g,TRUE,8871723,267245
2425,Gippsland Dairy Twist Yoghurt Mixed Berry 700g,TRUE,5939219,267553
2426,Gippsland Dairy Twist Yoghurt Passionfruit 700g,TRUE,7470487,267305
2427,Gippsland Dairy Twist Yoghurt Smooth & Creamy 700g,TRUE,6560008,275780
2428,Gippsland Dairy Twist Yoghurt Strawberries & Cream 700g,TRUE,3721971,265549
2429,Gippsland Dairy Twist Yoghurt Toffee & Honeycomb 700g,TRUE,1872900,264660
2430,Gippsland Dairy Watermelon & Strawberry Twist Yoghurt,TRUE,1436431,768081
2431,Glad Garbage Bags Wavetop 56l 20 Pack,TRUE,5538036,705813
2432,Glad Kitchen Tidy Bag Wavetop Large 30 Pack,TRUE,2832795,58478
2433,Glad Kitchen Tidy Bag Wavetop Large 72 Pack,TRUE,2833620,361814
2434,Glad Resealable Medium Storage Bags 15 Pack,TRUE,3310401,69146
2435,Glad Resealable Sandwich Bags 50 Pack,TRUE,3310300,137362
2436,Glad Snap Lock Resealable Large Sandwich Bags 30 Pack,TRUE,8117533,361803
2437,Glad Snaplock Storage 10 Pack,TRUE,6062656,21109
2438,Glad To Be Green 50% Plant Based Kitchen Tidy Bags Large 25pack,TRUE,3779483,99790
2439,Glad To Be Green 50% Plant Based Sandwich Bags 40 Pack,TRUE,3974886,100752
2440,Glad To Be Green 95% Recycled Kitchen Tidy Bags Medium 28 Pack,TRUE,3779541,99884
2441,Glad To Be Green Compostable Mini 25 Pack,TRUE,3779326,12568
2442,Glad Wavetop Garbage Bag 80 Litres 30 Pack,TRUE,9686738,687742
2443,Glad Wavetop Tie Bin Bag Medium 34 Pack,TRUE,5538014,707401
2444,Glade Sense & Spray Air Freshener Refill Clean Linen 12g,TRUE,3963755,342185
2445,Glade Sense & Spray Air Freshener Refill Sheer Vanilla Embrace 12g,TRUE,3057627,661184
2446,Glen 20 All-in-one Citrus Breeze Disinfectant Spray 300g,TRUE,7106054,331029
2447,Glen 20 All-in-one Country Scent Disinfectant Spray 300g,TRUE,8086167,82503
2448,Glen 20 All-in-one Country Scent Disinfectant Spray 375g,TRUE,3913611,319745
2449,Glen 20 All-in-one Lavender Disinfectant Spray 300g,TRUE,8159227,376857
2450,Glen 20 All-in-one Original Disinfectant Spray 300g,TRUE,80430,15587
2451,Glen 20 All-in-one Original Disinfectant Spray 375g,TRUE,4261345,156543
2452,Glen 20 Carpet Cuddly Pet Disinfectant Spray 354g,TRUE,3742086,89606
2453,Glen 20 Light & Fresh Berry Breeze Disinfectant Spray 300g,TRUE,3314800,785902
2454,Glen 20 Light & Fresh Summer Garden Disinfectant Spray 300g,TRUE,3314796,785900
2455,Glen 20 Pure Fresh Water Disinfectant Spray 283g,TRUE,3742053,107085
2456,Glen 20 Pure Morning Breeze Disinfectant Spray 283g,TRUE,3742064,108567
2457,Glico Pocky Biscuits Cookies & Cream 47g,TRUE,3164398,129436
2458,Globus Cucumbers Polish Dill 680g,TRUE,5406920,254286
2459,Glow Lab Active Body Wash Exfoliating Aha 900ml,TRUE,8930640,142017
2460,Glow Lab Citrus & Bergamot Body Wash 900ml,TRUE,4309714,76260
2461,Glow Lab Coconut & Sandalwood Body Wash 900ml,TRUE,4309736,43760
2462,Glow Lab Coconut & Spiced Fig Hand Wash 300ml,TRUE,4309576,696039
2463,Glow Lab Foaming Cleanser 85ml,TRUE,7105084,204029
2464,Glow Lab Hydrating Conditioner 600ml,TRUE,4475702,62174
2465,Glow Lab Hydrating Shampoo 600ml,TRUE,4475600,62168
2466,Glow Lab Oat Milk Body Wash Tonka Bean & Vanilla 900ml,TRUE,6347634,290967
2467,Glow Lab Repairing Conditioner 600ml,TRUE,4475735,62169
2468,Glow Lab Repairing Shampoo 600ml,TRUE,4475611,62172
2469,Glow Lab Rhubarb & Rose Body Wash 900ml,TRUE,4309703,76176
2470,Glow Lab Rosehip Oil +plus 20ml,TRUE,4335598,74492
2471,Glow Lab Smoothing Conditioner,TRUE,5850829,270998
2472,Glow Lab Soothing Shampoo Macadamia Oil,TRUE,6303810,268655
2473,Glow Lab Water Gel Hydrating Clean 50g,TRUE,7105109,267394
2474,Go Natural Bars Macadamia Dream 50g,TRUE,6636165,378737
2475,Go Natural Choc Salted Caramel Bar 40g,TRUE,4488410,147898
2476,Gold Medal Snacks Pork Krackles Chilli,TRUE,3699806,109960
2477,Gold Medal Snacks Single Pack Pork Krackles 50g,TRUE,9765404,188208
2478,Golden Circle Apple & Mango Juice No Added Sugar Fruit Juices 2l,TRUE,5487547,67057
2479,Golden Circle Apple Blackcurrant Juice No Added Sugar Fruit Juices 2l,TRUE,2044539,787164
2480,Golden Circle Apple Blackcurrant Poppers Fruit Drink Multipack Lunchbox 250ml X6 Pack,TRUE,2044550,663675
2481,Golden Circle Apple Juice No Added Sugar Fruit Juice 2l,TRUE,5487456,67060
2482,Golden Circle Apple Juice No Added Sugar Popper Lunchbox Fruit Juices 200ml X6 Pack,TRUE,6823606,477416
2483,Golden Circle Apple Raspberry Poppers Lunch Box Fruit Drink Multipack 250ml X6 Pack,TRUE,4352112,49967
2484,Golden Circle Australian Canned Fruit Tinned Crushed Pineapple In Syrup 450g,TRUE,117755,33427
2485,Golden Circle Australian Canned Fruit Tinned Pineapple Pieces In Juice 225g,TRUE,2915713,77571
2486,Golden Circle Australian Canned Fruit Tinned Pineapple Pieces In Juice 440g,TRUE,117788,34676
2487,Golden Circle Australian Canned Fruit Tinned Pineapple Pieces In Syrup 450g,TRUE,117766,33428
2488,Golden Circle Australian Canned Fruit Tinned Pineapple Slices In Juice 225g,TRUE,2915702,77570
2489,Golden Circle Australian Canned Fruit Tinned Pineapple Slices In Juice 440g,TRUE,199997,33437
2490,Golden Circle Australian Canned Fruit Tinned Pineapple Slices In Syrup 450g,TRUE,117777,33429
2491,Golden Circle Berry Burst Refreshers Popper Low Sugar Flavoured Water 250ml X6 Pack,TRUE,5633718,230136
2492,Golden Circle Blended Fruit Puree Berry & Apple Blackcurrant Lunchbox 120g,TRUE,2366295,492142
2493,Golden Circle Blended Fruit Puree Strawberry Apple Pear Lunch Box Pouch 120g,TRUE,1857815,763159
2494,Golden Circle Blended Fruit Puree Tropical Smash Lunch Box Pouch 120g,TRUE,2366309,592203
2495,Golden Circle Canned Vegetables Baby Beetroot Cans,TRUE,5562733,96235
2496,Golden Circle Cordials Apple Raspberry Cordial 2l,TRUE,6010674,264936
2497,Golden Circle Cordials Lemon Cordial 2l,TRUE,393275,688560
2498,Golden Circle Cordials Lime Cordial 2l,TRUE,219256,43474
2499,Golden Circle Cordials Orange Cordial,TRUE,219223,40445
2500,Golden Circle Cordials Pine Mango Passion Cordial 2l,TRUE,6010685,311159
2501,Golden Circle Cordials Raspberry Cordial 2l,TRUE,219267,43476
2502,Golden Circle Drinks Pine Coconut Flavoured Fruit Drink 1l,TRUE,5632271,92483
2503,Golden Circle Drinks Pine Mango Fruit Drink 1l,TRUE,200145,34543
2504,Golden Circle Drinks Sunshine Punch Fruit Drink 1l,TRUE,6909461,35498
2505,Golden Circle Drinks Tropical Punch Fruit Drink 1l,TRUE,325730,33981
2506,Golden Circle Fruit Cup Cordial Pineapple Drink Cordials 2l,TRUE,219245,40448
2507,Golden Circle Fruit Drinks Apricot Nectar 1l,TRUE,4801136,786547
2508,Golden Circle Fruit Drinks Lunch Box Poppers Multipack Apple Splash 250ml X6 Pack,TRUE,212111,94950
2509,Golden Circle Fruit Drinks Lunch Box Poppers Multipack Golden Pash 250ml X6 Pack,TRUE,5127246,7576
2510,Golden Circle Fruit Drinks Lunch Box Poppers Multipack Sunshine Punch 250ml X6 Pack,TRUE,6910391,36182
2511,Golden Circle Fruit Drinks Lunch Box Poppers Tropical Punch Multipack 250ml X6 Pack,TRUE,384354,43802
2512,Golden Circle Fruit Juice Box Poppers Tropical Juice No Added Sugar,TRUE,8940382,477418
2513,Golden Circle Fruit Juices Pineapple Juice 2l,TRUE,5487536,67059
2514,Golden Circle Golden Pash Fruit Drink 1l,TRUE,5127235,7556
2515,Golden Circle Orange Fruit Drink Poppers Lunchbox Lunch Box Popper 250ml X6 Pack,TRUE,384365,43801
2516,Golden Circle Orange Juice No Added Sugar Fruit Juices Oj 2l,TRUE,5487445,67056
2517,Golden Circle Pineapple Juice Sweetened Fruit Juice Pineapples 1l,TRUE,280086,32748
2518,Golden Circle Tropical Juice No Added Sugar Pineapple Fruit Juices 2l,TRUE,5487558,67058
2519,Golden Circle Tropical Pineapple Pieces Canned Tinned Fruit Can Tin,TRUE,2249804,801106
2520,Golden Crumpets Round 6 Pack,TRUE,332383,49622
2521,Golden Crumpets Round Wholemeal 6 Pack,TRUE,292223,31560
2522,Golden Days Bars Sesame Snaps Dark Chocolate 120g,TRUE,6638070,305675
2523,Golden Days Fruit Snacks Bites Apricot 5x40g,TRUE,9806851,82835
2524,Golden Days Fruit Snacks Bites Apricot Delight 150g,TRUE,5219162,131
2525,Golden Gaytime Frozen Dessert Bites 275ml,TRUE,5027490,206974
2526,Golden Gaytime Streets Ice Cream Original Original 100ml X 4 Pack,TRUE,9611648,169430
2527,Golden Pikelets 8 Pack,TRUE,54000,46645
2528,Golden Wok Diana Chan Szechuan Peppered Pork Dumpling 230g,TRUE,3311492,763186
2529,Golden Wok Diana Chan Thai Chicken Dumpling 230g,TRUE,3310784,710591
2530,Golden Wok Diana Chan's Bbq Pork Dumplings 230g,TRUE,3311517,159904
2531,Golden Wok Diana Chan's Honey Soy Chicken Dumplings 230g,TRUE,4406608,160238
2532,Good By Grove Avocado Oil 500ml,TRUE,4993037,137537
2533,Gordon's 0.0% Alcohol Free 700ml,TRUE,4513856,159775
2534,Got2b Fresh It Up Extra Volume Dry Shampoo 200ml,TRUE,3534883,684013
2535,Got2b Glued Water Resistant Spiking Gel 150ml,TRUE,4240979,137782
2536,Got2b Guardian Angel Heat Protection Spray 200ml,TRUE,3534985,683617
2537,Goulburn Valley Apricot Halves In Juice 700g,TRUE,1857484,784136
2538,Goulburn Valley Fruit Salad In Juice 700g,TRUE,1857495,784112
2539,Goulburn Valley Mango In Juice 685g,TRUE,1860140,784246
2540,Goulburn Valley Orchard Splash Peaches & Pineapple In Infused Water 160g X2 Pack,TRUE,5296276,168888
2541,Goulburn Valley Orchard Splash Peaches In Passionfruit Infused Water 160g X2 Pack,TRUE,5296334,168889
2542,Goulburn Valley Orchard Splash Pears In Raspberry Infused Water 160g X2 Pack,TRUE,5296403,170523
2543,Goulburn Valley Peaches In Juice  Fruit Cups 2 X 170g,TRUE,2833700,591456
2544,Goulburn Valley Peaches In Juice 700g,TRUE,1857451,784123
2545,Goulburn Valley Peaches In Mango Nectar 700g,TRUE,1857462,784116
2546,Goulburn Valley Pears In Juice 700g,TRUE,1857473,784143
2547,Goulburn Valley Two Fruits In Juice 700g,TRUE,1857509,784113
2548,Goulburn Valley Two Fruits In Juice Fruit Cups 2 X 170g,TRUE,2833710,591490
2549,Gourmet Garden Basil Lightly Dried 10g Sachet,TRUE,2997944,781401
2550,Gourmet Garden Chilli Lightly Dried 10g Sachet,TRUE,2999214,798100
2551,Gourmet Garden Coriander Lightly Dried 8g Sachet,TRUE,2999258,781395
2552,Gourmet Garden Garlic Cold Blended Paste Tube 120g,TRUE,3308498,706450
2553,Gourmet Garden Herb Tube Ginger 115g,TRUE,3626915,59809
2554,Gourmet Garden Lightly Dried Chives 4g,TRUE,2999316,555398
2555,Gourmet Garden Mint Lightly Dried 5g,TRUE,3538590,593297
2556,Gourmet Garden Mixed Herbs Lightly Dried 8g Sachet,TRUE,2997999,476796
2557,Gourmet Garden Oregano Lightly Dried 5g,TRUE,3011557,593301
2558,Gourmet Garden Parsley Lightly Dried 8g Sachet,TRUE,2999327,781403
2559,Gourmet Garden Paste Basil 80g,TRUE,3021889,948505
2560,Gourmet Garden Paste Chilli Mild 80g,TRUE,3023308,948507
2561,Gourmet Garden Paste Coriander 80g,TRUE,3023625,948509
2562,Gourmet Garden Paste Garlic 80g,TRUE,3022167,948491
2563,Gourmet Garden Paste Ginger 80g,TRUE,3023206,948511
2564,Gourmet Garden Paste Italian 80g,TRUE,3023705,948513
2565,Gourmet Garden Paste Lemongrass 80g,TRUE,3023272,948525
2566,Gourmet Garden Paste Thai 80g Tube,TRUE,6979911,325130
2567,Grand Italian Fresh Potato Gnocchi 500g,TRUE,3776882,23782
2568,Grants Of Australia Toothpaste Mild Mint 110g,TRUE,5167626,426901
2569,Grants Of Australia Whitening Toothpaste With Baking Soda 110g,TRUE,6136286,94215
2570,Grapefruit Red Flesh Each,TRUE,5323153,259345
2571,Gravox Best Ever Hot Chip Gravy Pouch Liquid Gravy For Chips 165g,TRUE,9233675,720043
2572,Gravox Brown Onion Liquid Gravy Pouch 165g,TRUE,4443579,222992
2573,Gravox Diane Sauce Liquid Pouch 165g,TRUE,4999816,245952
2574,Gravox Lamb & Rosemary Liquid Gravy Pouch 165g,TRUE,4445858,222993
2575,Gravox Pepper Steak Sauce Liquid Pouch 165g,TRUE,4999827,245953
2576,Gravox Peppercorn With Cream Sauce Liquid Pouch 165g,TRUE,6273390,297221
2577,Gravox Roast Meat Gravy Mix Tin 120g,TRUE,6048815,38909
2578,Gravox Supreme Gravy Mix 425g,TRUE,121173,38695
2579,Gravox Traditional Family Pack Liquid Gravy Pouch 250g,TRUE,6842837,323702
2580,Gravox Traditional Gravy Mix 29g,TRUE,1011997,757562
2581,Gravox Traditional Gravy Mix Tin 120g,TRUE,6048826,38911
2582,Gravox Traditional Liquid Gravy Pouch 165g,TRUE,4999805,245951
2583,Gravox White Sauce Mix 29g,TRUE,5084052,757526
2584,Green Nation Air Freshener Mandarin & Lemon Myrtle 200ml,TRUE,6134393,266666
2585,Greenback Plant Based Hazelnut Protein Bar 50g,TRUE,4299519,117371
2586,Greenback Plant Based Peanut Butter Protein Bar 50g,TRUE,4299585,117577
2587,Greenback Plant Based Salted Caramel Protein Bar 50g,TRUE,4299563,117732
2588,Green's Brownie Mix Chocolate 380g,TRUE,1280230,757795
2589,Green's Buttermilk Pancake Shake Mix Gluten Free 300g,TRUE,2516730,970819
2590,Green's Cake Mix Traditional Carrot 470g,TRUE,7701240,67291
2591,Green's Cake Mix Traditional Chocolate 440g,TRUE,5360976,53941
2592,Green's Cake Mix Traditional Date Loaf 415g,TRUE,90309,17513
2593,Green's Cake Mix Traditional Vanilla 470g,TRUE,9715177,205551
2594,Green's Gluten Free Golden Butter Cake Mix 470g,TRUE,2515216,929287
2595,Green's Golden Gaytime Brownie Mix 555g,TRUE,4510031,290132
2596,Green's Gravy Granules For Chicken 120g,TRUE,7303190,5649
2597,Green's Maple Flavoured Syrup 375g,TRUE,6318498,77420
2598,Green's Maple Syrup Pancake Shake 325g,TRUE,8043380,70743
2599,Green's Pancake Mix Buttermilk Shake 325g,TRUE,4663779,204607
2600,Green's Pancake Mix Original Shake 200g,TRUE,5318594,57420
2601,Green's Pancake Mix Original Shake 375g,TRUE,5210463,33305
2602,Green's Premium Banoffee Pudding 260g,TRUE,3660120,60721
2603,Green's Protein Pancake Mix 325g,TRUE,4959470,212364
2604,Green's Pudding Butterscotch Sponge 260g,TRUE,7302744,55855
2605,Green's Pudding Chocolate Sponge 260g,TRUE,7302802,55856
2606,Green's Temptations Choc Chip Buttermilk Pancake Shake 335g,TRUE,3765649,85049
2607,Green's Temptations Cinnamon Scroll Mix 520g,TRUE,3996244,143118
2608,Green's Traditional Cake Mix Lemon 470g,TRUE,9316488,168921
2609,Green's Triple Choc Lamingtons Lamingtons 4 Pack,TRUE,7757132,389223
2610,Griffins Marvels Golden Gaytime Popcorn,TRUE,3961170,172521
2611,Grinders Coffee Crema Caffitaly Capsules 80g X 10 Pack,TRUE,6352929,829542
2612,Grinders Coffee Crema Coffee Beans 1kg,TRUE,1336197,738617
2613,Grinders Coffee Crema Ground Coffee 200g,TRUE,8769137,733484
2614,Grinders Coffee Espresso Caffitaly Capsules 80g X 10 Pack,TRUE,6352930,829495
2615,Grinders Coffee Espresso Coffee Beans 1kg,TRUE,2686933,936138
2616,Grinders Coffee Espresso Ground Coffee 200g,TRUE,3532695,160509
2617,Grinders Coffee Rich Espresso Coffee Beans 1kg,TRUE,3516065,161742
2618,Grinders Coffee Rich Espresso Ground Coffee 200g,TRUE,8769160,733507
2619,Grove Juice Mandarin Juice 1.5l,TRUE,7014590,387645
2620,Grow Grow Anti-breakage Hair Mask 250ml,TRUE,6342619,270803
2621,Grow Grow Brighter Blonder Conditioner 250ml,TRUE,6420712,266661
2622,Grow Grow Brighter Blonder Miracle Mask 250ml,TRUE,6420756,270804
2623,Grow Grow Brighter Blonder Shampoo 250ml,TRUE,6420687,271003
2624,Grow Longer Stronger Conditioner 250ml,TRUE,4963706,153002
2625,Grow Longer Stronger Shampoo 250ml,TRUE,4963364,153013
2626,Grow Thicker Fuller Conditioner 250ml,TRUE,4963670,152714
2627,Grow Thicker Fuller Shampoo 250ml,TRUE,4963353,152247
2628,Grow Thicker Fuller Thickening Treatment 200ml,TRUE,4963976,152974
2629,Growth Bomb Growth Bomb Dandruff Conditioner 300ml,TRUE,7552504,266690
2630,Growth Bomb Growth Bomb Supercharge Shampoo 300ml,TRUE,7445242,267134
2631,Gumption Paste Multi Purpose Cleanser 500g,TRUE,159540,31783
2632,Guylian Chocolate Opus Gift Box 180g,TRUE,5235318,823237
2633,Guylian Chocolate Seashells 250g,TRUE,5235307,231598
2634,H2coco 100% Natural Pure Coconut Water 1l,TRUE,2048358,786195
2635,H2coco Pure Coconut Water 2l,TRUE,3058313,172439
2636,Haagen-dazs Belgian Chocolate Ice Cream Tub 457ml,TRUE,2752674,505061
2637,Haagen-dazs Duo Vanilla Brownie & Raspberry Crunch Ice Cream Tub,TRUE,5482827,242105
2638,Haagen-dazs Salted Caramel Ice Cream Tub Ice Cream 457ml,TRUE,2752700,505069
2639,Haagen-dazs Strawberries & Cream Ice Cream Tub 457ml,TRUE,2983837,505074
2640,Haagen-dazs Vanilla Ice Cream Tub Ice Cream 457ml,TRUE,2752685,503673
2641,Haday Gold Label Oyster Sauce 530ml,TRUE,4476170,803884
2642,Haircarebear Collagen Gummies Strawberry 50 Pack,TRUE,4789449,149994
2643,Haircarebear Garcinia Gummies 60 Pack,TRUE,5818101,306348
2644,Hakubaku Organic Japanese Soba Buckwheat Noodles 98% Ff 270g,TRUE,9434666,210714
2645,Hakubaku Organic Japanese Udon Noodle 270g,TRUE,9434677,210709
2646,Haldiram's Gluten Free Tandoori Naan,TRUE,4289639,285820
2647,Halo Top Cookies & Cream Frozen Dessert Tub 473ml,TRUE,3830365,170881
2648,Hamper Corned Beef Original Canned Meat 200g,TRUE,7230042,614359
2649,Hamper Corned Beef Original Canned Meat 340g,TRUE,118612,33976
2650,Hanabi Seedless Jack Fruit 400g,TRUE,2143337,187432
2651,Handee Pro Double Length Paper Towels 2 Pack 2 pack,TRUE,8053634,881036
2652,Handee Ultra Double Length Paper Towel 4 Pack,TRUE,3797598,149635
2653,Handee Ultra Double Length Paper Towel White 360 Sheets 3 Pack,TRUE,6437023,752113
2654,Handee Ultra Paper Towel Double Length White 240 Sheets 2 Pack,TRUE,5031045,212842
2655,Handee Ultra Paper Towel White 120 Sheets 2 Pack,TRUE,5294180,19787
2656,Handee Ultra Paper Towel White 2 Ply 180 Sheets 3 Pack,TRUE,9546921,252037
2657,Handy Andy Cleaner And Disinfectant Green 750ml,TRUE,252455,23649
2658,Hans Pork Ham Steaks 300g,TRUE,1499431,334982
2659,Hans Striker Salami Sticks 15g,TRUE,6091177,47666
2660,Harbour Foods Whole Wheat Biscuits 430g,TRUE,6949091,304207
2661,Haribo Gold Bears 150g,TRUE,2904626,576360
2662,Haribo Sweet & Sour Bears 140g,TRUE,4969269,576362
2663,Harpic Blue Power Atlantic Burst Toilet Cleaner Block 1 Pack,TRUE,3224955,165304
2664,Harpic Blue Power Atlantic Burst Toilet Cleaner Block 2 Pack,TRUE,6420494,689201
2665,Harpic Blue Power Floral Sensations Toilet Cleaner Block 1 Pack,TRUE,3785420,22782
2666,Harpic Eco Fresh Eucalyptus Toilet Cleaner Block 2 Pack,TRUE,3744467,92400
2667,Harpic Foaming Blue Toilet Cleaner Block 114g X 2 Pack,TRUE,5159210,32112
2668,Harpic Fresh Power Marine Splash Toilet Cleaner 700ml,TRUE,3035045,622215
2669,Harpic Fresh Power Rose Caged Toilet Cleaner Block 2 Pack,TRUE,3744489,322688
2670,Harpic Fresh Power Summer Breeze Toilet Cleaner 700ml,TRUE,3035056,666210
2671,Harpic Fresh Power Tropical Blossom Toilet Cleaner 700ml,TRUE,3035067,622217
2672,Harpic Fresh Power Tropical Blossom Toilet Cleaner Block 1 Pack,TRUE,3035012,622350
2673,Harpic Germ Fighting Bleach Toilet Cleaner Block 2 Pack,TRUE,3744343,90730
2674,Harpic Power Plus Marine Explosion Toilet Cleaner 700ml,TRUE,6420428,322495
2675,Harpic Turquoise Power Tropical Lagoon Toilet Cleaner Block 1 Pack,TRUE,3224944,699977
2676,Harpic White & Shine Fresh Toilet Cleaner 450ml,TRUE,5179057,250481
2677,Harris Coffee Ground Strong 1kg,TRUE,3755383,91149
2678,Harris Filter Papers 10-12 Cup 40 Pack,TRUE,47955,42312
2679,Harvest Beef Braised Steak & Onion 425g,TRUE,5227820,8229
2680,Harvest Beef Irish Stew 425g,TRUE,125323,33996
2681,Harvest Beef Steak Vegetables 425g,TRUE,125301,34017
2682,Harvest Sausages Vegetables 425g,TRUE,125334,34021
2683,Hask Argan Oil 5-in-1 Leave-in Spray 175ml,TRUE,3710501,197013
2684,Hask Argan Oil Repairing Conditioner 355ml,TRUE,2940380,684146
2685,Hask Argan Oil Repairing Deep Conditioner 50g,TRUE,2940459,684225
2686,Hask Argan Oil Repairing Shampoo 355ml,TRUE,2940175,684145
2687,Hask Curl Care Conditioner Conditioner 355ml,TRUE,4461617,174180
2688,Hass Avocado Each,TRUE,5900530,120080
2689,Hatchimals Siblings Luv Each,TRUE,4311807,197685
2690,Hbaf Honey Butter Almonds 130g,TRUE,4969644,167594
2691,Head & Shoulders Apple Fresh Anti Dandruff Shampoo 400ml,TRUE,3980051,147684
2692,Head & Shoulders Apple Fresh Conditioner 400ml,TRUE,3980324,152329
2693,Head & Shoulders Clean & Balance 2in1 Shampoo Conditioner,TRUE,6309792,264658
2694,Head & Shoulders Clean & Balanced 2 In 1 Dandruff Shampoo & Conditioner 350ml,TRUE,3980368,147667
2695,Head & Shoulders Clean & Balanced Anti Dandruff Conditioner For Clean Scalp 200ml,TRUE,3980233,147715
2696,Head & Shoulders Clean & Balanced Anti Dandruff Conditioner For Clean Scalp 400ml,TRUE,3980288,138402
2697,Head & Shoulders Clean & Balanced Anti Dandruff Conditioner For Clean Scalp 660ml,TRUE,3980277,153217
2698,Head & Shoulders Clean & Balanced Anti Dandruff Shampoo For Clean Scalp 400ml,TRUE,3980197,137971
2699,Head & Shoulders Clean & Balanced Anti Dandruff Shampoo For Clean Scalp 660ml,TRUE,3980175,138419
2700,Head & Shoulders Clean & Balanced Shampoo 850ml,TRUE,7453524,265070
2701,Head & Shoulders Cool Menthol Anti Dandruff Shampoo For Irritated Scalp 660ml,TRUE,3980186,138427
2702,Head & Shoulders Cool Menthol Anti Dandruff Shampoo For Itchy Scalp 400ml,TRUE,4265120,138412
2703,Head & Shoulders Dry Scalp Care Anti Dandruff Conditioner For Dry Scalp 400ml,TRUE,3980313,138409
2704,Head & Shoulders Dry Scalp Care Anti Dandruff Shampoo 400ml,TRUE,3980110,138408
2705,Head & Shoulders Dry Scalp Care Anti Dandruff Shampoo For Dry Scalp 200ml,TRUE,3980029,147538
2706,Head & Shoulders Dry Scalp Care Anti Dandruff Shampoo For Dry Scalp 660ml,TRUE,3980084,138425
2707,Head & Shoulders Dry Scalp Care Conditioner 660ml,TRUE,6149357,268632
2708,Head & Shoulders Itchy Scalp 2 In 1 Anti Dandruff Shampoo & Conditioner 350ml,TRUE,3980200,143789
2709,Head & Shoulders Itchy Scalp Care 2in1 Shampoo Conditioner,TRUE,6304664,266931
2710,Head & Shoulders Itchy Scalp Care Anti Dandruff Shampoo For Itchy Scalp 400ml,TRUE,3980109,147736
2711,Head & Shoulders Itchy Scalp Care Anti Dandruff Shampoo For Itchy Scalp 660ml,TRUE,3980153,138421
2712,Head & Shoulders Oil Control 2 In 1 Anti Dandruff Shampoo & Conditioner 350ml,TRUE,3980335,147388
2713,Head & Shoulders Oil Control Anti Dandruff Shampoo For Oily Scalp 660ml,TRUE,3980120,138428
2714,Head & Shoulders Sensitive Care Shampoo,TRUE,6149324,265929
2715,Head & Shoulders Sensitive Shampoo 660ml,TRUE,6304686,268633
2716,Head & Shoulders Smooth & Silky Anti Dandruff Shampoo 400ml,TRUE,3980062,138404
2717,Head & Shoulders Smooth & Silky Anti Dandruff Shampoo 660ml,TRUE,3980073,138414
2718,Head & Shoulders Smooth & Silky Anti-dandruff Conditioner 400ml,TRUE,3980299,138406
2719,Head & Shoulders Smooth & Silky Anti-dandruff Shampoo 200ml,TRUE,3980040,145946
2720,Head & Shoulders Supreme Moisture Anti Dandruff Conditioner 400ml,TRUE,3164081,679018
2721,Head & Shoulders Supreme Moisture Anti Dandruff Conditioner 550ml,TRUE,3418791,63850
2722,Head & Shoulders Supreme Moisture Anti Dandruff Shampoo 400ml,TRUE,3164070,679035
2723,Head & Shoulders Ultra Men 2 In 1 Deep Clean Shampoo & Conditioner 750ml,TRUE,4454327,108470
2724,Head & Shoulders Ultra Men 2 In 1 Moisture Recharge Shampoo & Conditioner 400ml,TRUE,4454407,165291
2725,Head & Shoulders Ultra Men 2 In 1 Old Spice Shampoo & Conditioner 750ml,TRUE,4454305,114573
2726,Head & Shoulders Ultra Men 2in1 Moisture Recharge Shampoo & Conditioner,TRUE,4454418,185522
2727,Head & Shoulders Ultra Men Deep Clean 2in1 Dandruff Shampoo & Conditioner 400ml,TRUE,3416173,820442
2728,Head & Shoulders Ultra Men Old Spice 2in1 Dandruff Shampoo & Conditioner 400ml,TRUE,3416195,820441
2729,Head & Shoulders Ultramen Sports Fresh 2 In 1 Dandruff Shampoo & Conditioner 550ml,TRUE,3415895,852404
2730,Head & Shoulders Ultramen Sports Fresh 2in1 Dandruff Shampoo & Conditioner 400ml,TRUE,3416151,820431
2731,Health Basics Body Wash Dermatology Plus 1l,TRUE,5103306,237850
2732,Health Basics Freaky Friends Hair & Bath & Body 1l,TRUE,3516757,692136
2733,Health Basics Skin Q Skin Relief Body Wash 1l,TRUE,3516768,869255
2734,Health Lab Charlotte's Fix Caramel Choc Bars Plant Based Gluten Free 160g,TRUE,4476498,229108
2735,Health Lab Holy Hazelnut Nut Butter Filled Ball 40g,TRUE,3895305,114172
2736,Health Lab Holy Hazelnut Nut Butter Filled Balls 200g,TRUE,8084343,114173
2737,Health Lab Low Sugar Mylk Chocolate Diamonds Peanut Butter 150g,TRUE,6361544,304173
2738,Health Lab Low Sugar Mylk Chocolate Dipped Roasted Almonds 150g,TRUE,6361577,290240
2739,Health Lab Mirandas Delight Mylk Chocolate Bar,TRUE,4476465,181726
2740,Health Lab Mylk Mr. Big Caramel Peanut Chocolate Bar 4 Pack,TRUE,5459836,153608
2741,Health Lab Peanut Butter Envy Nut Butter Filled Balls 200g,TRUE,8084365,117693
2742,Healtheries Potato Stix Chicken Multipack Chips Kids Lunchbox Snacks 20g X 6 Pack,TRUE,3861449,117189
2743,Healtheries Potato Stix Fun Mix Multipack Chips Kids Lunchbox Snacks 20g X 12 Pack,TRUE,3861460,117019
2744,Healtheries Rice Wheels Burger Multipack Gluten Free Lunchbox Snacks 21g X 6 Pack,TRUE,3861482,117875
2745,Healtheries Rice Wheels Cheese Multipack Gluten Free Lunchbox Snacks 21g X 6 Pack,TRUE,3861471,117431
2746,Healtheries Rice Wheels Chicken Multipack Gluten Free Lunchbox Snacks 21g X 6 Pack,TRUE,3863127,116987
2747,Healtheries Rice Wheels Fun Mix Multipack Gluten Free Lunchbox Snacks 21g X 12 Pack,TRUE,3861493,117017
2748,Heaps Normal Another Lager 375ml X 4 Pack,TRUE,5778007,976549
2749,Heaps Normal Quiet Xpa Cans 375ml X 4 Pack,TRUE,4950442,976049
2750,Hedy's Fresh Quiche Lorraine Chilled Meal 1.1kg,TRUE,7388070,162880
2751,Hedy's Fresh Quiche Spinach & Feta Chilled Meal 1.1kg,TRUE,2904648,669044
2752,Hegs Pegs 18 Pack,TRUE,3181466,841195
2753,Heilala Baking Blend Vanilla Bean Paste 65g,TRUE,1636124,808850
2754,Heilala Baking Blend Vanilla Extract 125ml,TRUE,3816783,662134
2755,Heineken Alcohol Free Pure Malt Lager Bottles 330ml X6 Pack,TRUE,3637591,986011
2756,Heinz American Mustard Squeeze Bottle 220ml,TRUE,2777530,522639
2757,Heinz Baked Beans Canned Beans In Tomato Sauce 555g,TRUE,3026113,657421
2758,Heinz Baked Beans English Recipe Tinned Beans Breakfast 300g,TRUE,2954952,625154
2759,Heinz Baked Beans Taco Flavour 300g,TRUE,8770840,322974
2760,Heinz Baked Beans Tinned Beans In Tomato Sauce Breakfast 220g,TRUE,126439,34037
2761,Heinz Baked Beans Tinned Beans Salt Reduced Breakfast 220g,TRUE,5239421,873
2762,Heinz Beanz Baked Beans And Sausages 420g,TRUE,9990546,742286
2763,Heinz Beanz Baked Beans English Recipe 555g,TRUE,3026157,657423
2764,Heinz Beanz Baked Beans In Bbq Sauce Barbecue Beans 555g,TRUE,3026124,657431
2765,Heinz Beanz Baked Beans In Ham Sauce 300g,TRUE,2954974,624765
2766,Heinz Beanz Baked Beans In Ham Sauce 555g,TRUE,3026135,657432
2767,Heinz Beanz Baked Beans In Tomato Sauce 300g,TRUE,2954941,625156
2768,Heinz Beanz Baked Beans In Tomato Sauce Multipack 130g X4 Pack,TRUE,6025525,188059
2769,Heinz Beanz Baked Beans In Tomato Sauce Multipack 220g X3 Pack,TRUE,9095844,158435
2770,Heinz Beanz Baked Beans In Tomato Sauce Multipack 300g X3 Pack,TRUE,2996872,629507
2771,Heinz Beanz Baked Beans No Added Sugar Multipack 300g X3 Pack,TRUE,3265737,93420
2772,Heinz Beanz Baked Beans Salt Reduced 555g,TRUE,3026146,657425
2773,"Heinz Big N Chunky Bacon, Steak, Potato Soup 535g",TRUE,4391125,224190
2774,Heinz Big N Chunky Beef & Vegetable Soup Veggie Ready Meals 535g,TRUE,9188810,167626
2775,Heinz Big Red Condensed Tomato Soup 420g,TRUE,128503,34331
2776,Heinz Big Red Condensed Tomato Soup 820g,TRUE,8416240,113847
2777,Heinz Big Red Salt Reduced Condensed Tomato Soup 420g,TRUE,460441,79077
2778,Heinz Big Red Tomato Soup For One 300g,TRUE,7978787,14615
2779,Heinz Classic Chicken & Sweetcorn Soup 535g,TRUE,9682373,204839
2780,Heinz Classic Creamy Pumpkin Soup Canned Vegetable Soup 535g,TRUE,7977128,19145
2781,Heinz Classic Creamy Tomato Soup Canned Vegetable Soup 535g,TRUE,2288920,828496
2782,Heinz Classic Italian Minestrone Soup 535g,TRUE,8416239,113792
2783,Heinz Creamy Tomato Soup For One 300g,TRUE,7978233,18161
2784,Heinz Frozen Broad Beans 500g,TRUE,8140251,706960
2785,Heinz Heinz Ketchup Sauces Tomato Sauce 1l,TRUE,8303549,169592
2786,Heinz Ketchup Tomato Sauce 220ml,TRUE,1166360,844371
2787,Heinz Ketchup Tomato Sauce 50% Less Added Sugar & Salt 500ml,TRUE,3091330,607577
2788,Heinz Ketchup Tomato Sauce 500ml,TRUE,5328995,83563
2789,Heinz Mexican Chilli Beanz Beans Medium Canned Beans 420g,TRUE,3840788,158948
2790,Heinz Oops Pasta In Tomato Sauce Canned Spaghetti O's 220g,TRUE,118248,172409
2791,Heinz Plant Proteinz Vegetarian Mexican Corn Black Bean Soup,TRUE,3948922,83319
2792,Heinz Salad Cream With Natural Flavours & No Preservatives 250g,TRUE,208646,35067
2793,Heinz Saucy Sauce Mayonnaise Ketchup Mayo Tomato Sauce Blend 295ml,TRUE,5990555,238371
2794,Heinz Seriously Good Creamy Tartare Sauce 295ml,TRUE,3224059,710986
2795,Heinz Seriously Good Garlic Aioli Mayonnaise Mayo 295ml,TRUE,2060262,706158
2796,Heinz Seriously Good Mayonnaise Garlic Aioli Mayo 500ml,TRUE,2454756,799459
2797,Heinz Seriously Good Mayonnaise Original Mayo 295ml,TRUE,2060251,332185
2798,Heinz Seriously Good Mayonnaise Original Mayo 500ml,TRUE,2454745,799368
2799,Heinz Seriously Good Mayonnaise Spicy Peri Peri Mayo 295ml,TRUE,2777879,787154
2800,Heinz Seriously Good Mayonnaise Vegan Aioli Mayo 270ml,TRUE,5556515,164662
2801,Heinz Seriously Good Mayonnaise Vegan Mayo 270ml,TRUE,5494327,164531
2802,Heinz Soup Of The Day 7 Veg With Garden Herbs Soup Pouch 430g,TRUE,2289015,828492
2803,Heinz Soup Of The Day Buttercup Pumpkin & Veg Soup Pouch 430g,TRUE,1163689,750320
2804,Heinz Soup Of The Day Creamy Mushroom With Thyme Soup Pouch 430g,TRUE,1163667,750522
2805,Heinz Soup Of The Day Green Pea With Ham Soup Pouch 430g,TRUE,1716573,781572
2806,Heinz Soup Of The Day Old Fashioned Chicken Soup Pouch 430g,TRUE,1163725,750514
2807,Heinz Soup Of The Day Pumpkin Cauliflower & Turmeric 430g,TRUE,4801453,203960
2808,Heinz Soup Of The Day Thai Style Chicken & Chilli Soup Pouch 430g,TRUE,1716562,781560
2809,Heinz Spaghetti & Sausages Canned 420g,TRUE,9990524,742287
2810,Heinz Spaghetti And Meatballs 420g,TRUE,9990535,758117
2811,Heinz Spaghetti Extra Cheesy Pasta Canned Spaghetti 300g,TRUE,2954919,625155
2812,Heinz Spaghetti In Tomato Sauce Canned Pasta Tinned Pasta 220g,TRUE,126304,34057
2813,Heinz Spaghetti In Tomato Sauce Pasta Tinned Spaghetti 300g,TRUE,2954920,624768
2814,Heinz Spaghetti Multipack Pasta Tinned Spaghetti 220g X3 Pack,TRUE,9095833,158436
2815,Heinz Spaghetti The Lil' One Multipack 130g X4 Pack,TRUE,6025489,188056
2816,Heinz Spaghetti The One For All Pasta Tin Spaghetti Cheese 535g,TRUE,3265715,698733
2817,Heinz Spaghetti Tomato & Cheese Pasta Tin Spaghetti Multipack 300g X3 Pack,TRUE,2996941,629506
2818,Heinz Special Burger Sauce Original Sauces 295ml,TRUE,5990577,59852
2819,Heinz Steam Fresh Vegetables Frozen Broccoli Carrot Cauliflower 450g,TRUE,8140230,211189
2820,Heinz Steam Fresh Vegetables Frozen Veg Beans Broccoli Peas 450g,TRUE,8140240,260848
2821,"Heinz Steam Fresh Vegetables Frozen Veg Carrots, Corn & Broccoli 450g",TRUE,8140229,211190
2822,Heinz Tortellini Three Cheese Pasta With Creamy Mushroom & Bacon 350g,TRUE,4318497,159329
2823,Helga's 50% Lower Carb 5 Seeds Loaf 700g,TRUE,4688485,184268
2824,Helga's Bread Light Rye 680g,TRUE,5072836,75238
2825,Helga's Bread Traditional White 750g,TRUE,5969945,84128
2826,Helga's Bread Traditional Wholemeal 750g,TRUE,5969435,84129
2827,Helga's Gluten Free Mixed Grains 500g,TRUE,3237968,815271
2828,Helga's Gluten Free Traditional White Loaf 470g,TRUE,3237913,688815
2829,Helga's Grain Bread Mixed Grain 850g,TRUE,6711227,95872
2830,Helga's Lower Carb White Wraps 6 Pack,TRUE,5862908,389213
2831,Helga's Mexican Spice Wraps 7 Pack,TRUE,6823592,389214
2832,Helga's Mixed Grain Mini Loaf 415g,TRUE,3860876,105076
2833,Helga's Portuguese Peri Peri Wraps 7 Pack,TRUE,6823560,388031
2834,Helga's Prebiotic Ancient Grains & Seeds 700g,TRUE,5245355,221345
2835,Helga's Prebiotic Wraps Large,TRUE,5197128,240393
2836,Helga's Sourdough Loaf 650g,TRUE,3558247,16999
2837,Helga's Traditional Wholemeal Wraps 8 Pack 8 pack,TRUE,4461821,182092
2838,Helga's Turkish Roll White 400g,TRUE,3871737,494286
2839,Helga's Wholemeal Bread With Grains 850g,TRUE,6676716,75035
2840,Helga's Wholemeal Sourdough Loaf 750g,TRUE,4474845,166393
2841,Helga's Wraps Mixed Grain 8 Pack,TRUE,4461785,182005
2842,Helga's Wraps Spinach & Herb 7 Pack 7 pack,TRUE,4461923,182083
2843,Helios Artificial French Manicure Pink Nail Medium 24 Pack,TRUE,4320626,140694
2844,Hellmann's Real Mayonnaise Jar 800 G,TRUE,3025573,634893
2845,Hellmann's Real Mayonnaise Jar Real Mayonnaise 400 G,TRUE,4707648,305383
2846,Hellmann's Real Mayonnaise Squeeze 400 G,TRUE,3025755,529030
2847,Hellmann's Vegan Alternative To Mayonnaise 100% Plant Based 270 G,TRUE,5493619,232140
2848,Hengshun Chin Kiang Vinegar 550ml,TRUE,6069178,274623
2849,Herbal Essences Bio Renew Conditioner Strawberry Mint 600ml,TRUE,4477129,203172
2850,Herbal Essences Bio Renew Shampoo Strawberry Mint 600ml,TRUE,4477118,202587
2851,Herbal Essences Bio Renew White Strawberry & Mint Clean Conditioner 400ml,TRUE,3980018,186182
2852,Herbal Essences Bio Renew White Strawberry & Mint Clean Shampoo 400ml,TRUE,3979959,185727
2853,Herbal Essences Bio:renew Argan Oil Of Morocco Repairing Conditioner 600ml,TRUE,3417824,852181
2854,Herbal Essences Bio:renew Argan Oil Of Morocco Repairing Shampoo 400ml,TRUE,3004879,650328
2855,Herbal Essences Bio:renew Argan Oil Of Morocco Repairing Shampoo 600ml,TRUE,3417788,852183
2856,Herbal Essences Bio:renew Blue Ginger & Micellar Gentle Detox Shampoo,TRUE,3004868,860025
2857,Herbal Essences Bio:renew Coconut Milk Hydrating Conditioner 400ml,TRUE,3004915,650325
2858,Herbal Essences Bio:renew Coconut Milk Hydrating Conditioner 600ml,TRUE,3417835,852197
2859,Herbal Essences Bio:renew Coconut Milk Hydrating Shampoo 600ml,TRUE,3417799,852177
2860,Herbal Essences Bio:renew White Grapefruit & Mint Volume Conditioner 400ml,TRUE,3004948,660863
2861,Herbal Essences Bio:renew White Grapefruit & Mint Volumising Shampoo 400ml,TRUE,3004880,660884
2862,Herbal Essences Classic Chamomile Shampoo 400ml,TRUE,6138474,265820
2863,Herbal Essences Classic Coconut Conditioner 400ml,TRUE,6138689,265923
2864,Herbal Essences Classic Coconut Shampoo 400ml,TRUE,6138634,265922
2865,Herbal Essences Classic Lavender Conditioner 400ml,TRUE,6138500,265920
2866,Herbal Essences Classic Rosehip Conditioner 400ml,TRUE,6138077,265818
2867,Herbal Essences Conditioner Colour Me Happy 300ml,TRUE,5891495,261355
2868,Herbal Essences Conditioner Normal Hair 400ml,TRUE,6138420,265821
2869,Herbal Essences Shampoo Classic Lavender 400ml,TRUE,6138587,265916
2870,Herbal Essences Shampoo Hello Hydration 300ml,TRUE,5891892,261343
2871,Herbamare Sauce Seasoning Herb Salt 250g,TRUE,5360003,27876
2872,Herbert Adams Cream Cheese & Spinach Savoury Rolls 2 Pack,TRUE,4237770,162049
2873,Herbert Adams Pies Chunky Slow Cooked Beef & Mush 2 Pack,TRUE,1888310,786269
2874,Herbert Adams Pies Chunky Slow Cooked Beef 2 Pack,TRUE,1888320,786301
2875,Herbert Adams Pies Creamy Chicken & Leek 2 Pack,TRUE,7144734,329998
2876,Herbert Adams Pies Gourmet King Beef Frozen 12 Pack,TRUE,8693170,704125
2877,Herbert Adams Pies King Island Beef 2 Pack,TRUE,5043485,248429
2878,Herbert Adams Pies Slow Cooked Beef & Peppercorn 2 Pack,TRUE,2900669,786291
2879,Herbert Adams Sausage Rolls King Island Beef Frozen 12 Pack,TRUE,2900636,767356
2880,Herbert Adams Slow Cooked Beef With Shiraz & Cracked Pepper 2 Pack,TRUE,3171553,680630
2881,"Herbert Adams Slow Cooked Beef, Caramelised Onion & Cabernet Sauvignon 2 Pack",TRUE,6514689,680602
2882,Hercules Click Zip Large Resealable Twinzip Sandwich Bags 25 Pack,TRUE,5185843,252072
2883,Hercules Click Zip Resealable Sandwich Bags 40 Pack,TRUE,8687837,125367
2884,Hercules Resealable Large Storage Bags 15 Pack,TRUE,4582032,147840
2885,Hercules Resealable Twin Zip Medium Storage Bag 15 Pack,TRUE,3364794,485613
2886,Hercules Sustain 50% Plant Based Sandwich Bags 30 Pack,TRUE,7741245,103476
2887,Hermesetas Mini Sweetener Tablets 800 Pack,TRUE,4692449,182028
2888,Herron Gold Paracetamol Tabsules 20 Pack,TRUE,1486021,764530
2889,Herron Nicaway Stop Smoking Peppermint Lozenges 2mg 72 Pack,TRUE,3058390,939553
2890,Herron Nicaway Stop Smoking Peppermint Lozenges 4mg 72 Pack,TRUE,3058437,939554
2891,Herron Sennesoft Laxatives Overnight Relief 100 Pack,TRUE,5599041,97172
2892,Hershey's Caramel Syrup 623g,TRUE,3287616,948517
2893,Hershey's Chocolate Syrup Squeeze 680g,TRUE,2137210,59655
2894,Hershey's Strawberry Syrup 623g,TRUE,3287649,948512
2895,Higher Living Organic Daily Detox Tea Bags 15 Pack,TRUE,3984890,742383
2896,Higher Living Organic Sweet Chai Tea Bags 15 Pack,TRUE,4971840,227465
2897,Higher Living Peppermint & Licorice Tea 15 Pack,TRUE,3247542,95185
2898,Higher Living Rooibos African Tea 40 Pack,TRUE,3708930,728344
2899,Hillmark Cerapol Ceramic Glass & Induction Cooktop Cleaner 150ml,TRUE,7139778,188082
2900,Hippo Closet Dehumidifier Container Small Spaces 300g,TRUE,9371850,178888
2901,Holbrooks Sauce Worcestershire 250ml,TRUE,128150,34420
2902,Holbrooks Sauce Worcestershire 500ml,TRUE,180682,37774
2903,Home Beautiful Magazine Each,TRUE,892333,12758
2904,Home Chef Quiche Lorraine Chilled Meal 200g,TRUE,7829368,581054
2905,Home Chef Quiche Lorraine Chilled Meal 700g,TRUE,7829380,948485
2906,Home Chef Spinach & Feta Quiche Chilled Meal 200g,TRUE,7829379,581055
2907,Honeydew Fresh Whole Each,TRUE,5945620,139765
2908,Honeydew Large Half Each,TRUE,5536981,113616
2909,Hong Kong Dim Sim Kitchen Bbq Pork Buns 300g,TRUE,4406685,164513
2910,Hong Kong Dim Sim Kitchen Pork & Chive Dumplings 300g,TRUE,4406663,162544
2911,Hong Kong Dim Sim Kitchen Pork Dim Sims 480g,TRUE,5292231,160751
2912,Hong Kong Dim Sim Kitchen Pork Prawn & Mushroom Siu Mai 300g,TRUE,4406674,162538
2913,Horlicks Malt Drink 400g,TRUE,5702694,155103
2914,Hot Pot Casserole Base Savoury 80g,TRUE,125888,36437
2915,Hot Wheels Super Rig Assortment Assorted Each,TRUE,2229716,680023
2916,Hovex Vapor Gaurd Moth Killer Clothing Each,TRUE,1517170,765854
2917,Hoyt's Bay Leaves 15g,TRUE,288055,94626
2918,Hoyt's Caraway Seeds 15g,TRUE,287427,94628
2919,Hoyt's Cardamom Pods 10g,TRUE,5121603,210357
2920,Hoyt's Chilli Dry 25g,TRUE,287201,97190
2921,Hoyt's Chilli Powder 50g,TRUE,318021,94630
2922,Hoyt's Cinnamon Dutch Ground 25g,TRUE,287187,94632
2923,Hoyt's Cinnamon Sticks 45g,TRUE,2480541,574874
2924,Hoyt's Cloves Whole 15g,TRUE,287460,94634
2925,Hoyt's Coriander Ground 25g,TRUE,287008,94635
2926,Hoyt's Cumin Ground 25g,TRUE,287143,94636
2927,Hoyt's Curry Powder Mild 50g,TRUE,475959,716890
2928,Hoyt's Garam Masala 25g,TRUE,5171849,226931
2929,Hoyt's Garlic Powder 25g,TRUE,287041,94637
2930,Hoyt's Italian Herb Mix 140g,TRUE,2480508,574876
2931,Hoyt's Mixed Herbs 25g,TRUE,286843,94640
2932,Hoyt's Mixed Herbs 70g,TRUE,5270035,33287
2933,Hoyt's Mixed Spice 25g,TRUE,286854,94641
2934,Hoyt's Mustard Seed 25g,TRUE,286876,54179
2935,Hoyt's Oregano 25g,TRUE,287314,94612
2936,Hoyt's Oregano 60g,TRUE,5269874,57055
2937,Hoyt's Paprika Sweet 100g,TRUE,286956,94613
2938,Hoyt's Paprika Sweet 190g,TRUE,5269900,57056
2939,Hoyt's Parsley 15g,TRUE,286934,94616
2940,Hoyt's Poppy Seed 100g,TRUE,287482,70361
2941,Hoyt's Poppy Seed 240g,TRUE,5270079,210623
2942,Hoyt's Rosemary 25g,TRUE,287493,94620
2943,Hoyt's Seasoning Lemon & Pepper 50g,TRUE,276690,70348
2944,Hoyt's Sesame Seeds 100g,TRUE,286887,94622
2945,Hoyt's Sesame Seeds Jar 230g,TRUE,5448578,8675
2946,Hoyt's Star Anise Whole 12g,TRUE,9087960,279821
2947,Hoyt's Thyme 15g,TRUE,286901,94624
2948,Hoyt's Turmeric 140g,TRUE,2480552,574896
2949,Hoyt's Turmeric 25g,TRUE,286912,94625
2950,Hoyt's Vanilla Sugar 25g,TRUE,287529,92804
2951,Hp Original Barbecue Bbq Sauce 99% Fat Free Brown Sauce 390ml,TRUE,9899750,728546
2952,Hubba Bubba Groovy Grape Bubble Gum Tape 180cm 56g,TRUE,9564195,196096
2953,Hubba Bubba Seriously Strawberry Bubble Gum Tape 180cm 56g,TRUE,9564526,196083
2954,Hunt And Brew Australia Coffee Flavoured Milk 400ml,TRUE,6253950,214163
2955,Hunt And Brew Cold Brew Coffee Brazil 400ml,TRUE,2918303,621268
2956,Hydralyte Effervescent Electrolyte Tablets Apple Blackcurrant 10 Pack,TRUE,2864882,617013
2957,Hydralyte Effervescent Electrolyte Tablets Apple Blackcurrant 40 Pack,TRUE,3733595,81281
2958,Hydralyte Effervescent Electrolyte Tablets Kiwi Strawberry 10 Pack,TRUE,4950679,206020
2959,Hydralyte Effervescent Electrolyte Tablets Orange 10 Pack,TRUE,2864838,610343
2960,Hydralyte Effervescent Electrolyte Tablets Peach Crush 10 Pack,TRUE,7079880,385203
2961,Hydralyte Effervescent Lemon/ Lime 40 Pack,TRUE,4150923,136534
2962,Hydralyte Electrolyte Ice Block Lemonade 16 Pack,TRUE,6404104,801247
2963,Hydralyte Electrolyte Ice Block Orange 16 Sachets,TRUE,3415590,801236
2964,Hydralyte Electrolyte Powder Sachets Apple Blackcurrant 10 Pack,TRUE,2864929,801256
2965,Hydralyte Electrolyte Solution Orange 1l,TRUE,2864930,801226
2966,Hydralyte Hot Hydration Berry Fusion Electrolyte Powder Sachets 10 Pack,TRUE,6136832,270633
2967,Hydralyte Hot Hydration Drink Lemon Ginger 10 Pack,TRUE,6136774,266655
2968,Hydralyte Lemon Lime Effervescent Tablets 10 Pack,TRUE,3415669,80829
2969,Hydralyte Orange Effervescent Tablets 40 Pack,TRUE,3733609,82558
2970,Hydralyte Sachets Orange 24 Pack,TRUE,6404294,141511
2971,I Mei Brown Sugar Pearl Milk Ice Bar 4 Pack,TRUE,5259495,132205
2972,I Mei Oriental Green Onion Pancakes 5 Pack,TRUE,9020528,132635
2973,I Pastai Basil Pesto Sauce 180g,TRUE,6380389,283408
2974,I Was A Milk Bottle Kitchen Tidy Bag Large Lemon Scented 20 Pack,TRUE,7053785,296314
2975,I Was A Milk Bottle Kitchen Tidy Bag Small 30 Pack,TRUE,7053763,296643
2976,I&j Frozen Fish Goujons Lightly Crumbed,TRUE,5489586,204711
2977,I&j Wild Caught Australian Hoki Original Crumb 425g,TRUE,5489597,245436
2978,I&j Wild Caught Calamari Rings Lightly Crumbed,TRUE,6248836,296501
2979,I&j Wild Caught Salt & Pepper Calamari Rings Lightly Crumbed 360g,TRUE,2988003,571926
2980,I&j Wild Caught Salt & Pepper Squid Sticks Lightly Crumbed,TRUE,5489564,203749
2981,Icare 100% Recycled Toilet Tissue 3 Ply 180 Sheets 24 Pack,TRUE,3799050,173652
2982,Icare 100% Recycled Toilet Tissue Double Length White 3 Ply 6 Pack,TRUE,5626268,847649
2983,Icare 100% Recycled Toilet Tissue White 3 Ply 8 Pack,TRUE,8685092,847655
2984,Icare Paper Towel Double Length 3 Ply 120 Sheets 2 Pack,TRUE,6325245,224754
2985,Icare Wipex Absorbent Recycled Pick A Size Paper Towel 3 Pack,TRUE,6523147,156865
2986,Icare Wipex Recycled Paper Towel White 3 Ply 120 Sheets 2 Pack,TRUE,3798342,103467
2987,Ice Break Double Espresso Coffee Flavoured Milk 320ml,TRUE,6258953,262109
2988,Ice Break Regular 2 Shot Strength Iced Coffee Milk 500ml,TRUE,6166527,86538
2989,Ice Break Regular 2 Shot Strength Iced Coffee Milk 750ml,TRUE,9695364,120981
2990,Ice Break Triple Shot Iced Coffee Milk 500ml,TRUE,8224511,375551
2991,Iddy Biddy Fruit Snacks Assorted Flavours 160g 8 Pack,TRUE,3584702,633629
2992,Iddy Biddy Fruit Snacks Mixed Berry 20g X8 Pack,TRUE,3584699,634885
2993,Illy Classico Espresso Capsules 10 Pack,TRUE,3626405,55934
2994,Illy Ground Coffee Espresso 250g,TRUE,8097061,188087
2995,Imodium Advanced Diarrhoea Plus Wind Pain Relief Chewable Tablets 6 Pack,TRUE,3817196,928706
2996,Imodium Diarrhoea Relief Capsules 8 Pack,TRUE,1218292,755602
2997,Imodium Zapid Diarrhoea Relief Dissolving Tablets 6 Pack,TRUE,9540641,726555
2998,Imperial Leather Original Aftershave Lotion Classic 100ml,TRUE,240285,32817
2999,Imperial Leather Original Bar Soap 6 Pack,TRUE,5891564,295786
3000,Impressed Pressed Juice Green Supreme 1l,TRUE,4864410,101333
3001,Impressed Pressed Juice Orange Pulp Free 1l,TRUE,4845620,65347
3002,Impulse Body Spray Aerosol Deodorant Festival Summer Edition 75ml,TRUE,3363667,700051
3003,Impulse Body Spray Aerosol Deodorant Illusions 75ml,TRUE,2007849,789424
3004,Impulse Body Spray Wanderlust 75ml,TRUE,3579065,51587
3005,Impulse Women Body Spray Aerosol Deodorant Merely Musk 75ml,TRUE,2007882,789418
3006,In A Biskit Chicken Crackers 160g,TRUE,4454702,171868
3007,In A Biskit Drumstix Crackers 160g,TRUE,4454713,172235
3008,In A Biskit Drumstix Crackers Multipack 168g,TRUE,5990125,259490
3009,In A Biskit Hot & Saucy Bbq Crackers,TRUE,5988713,259665
3010,Indomie Instant Noodles Chicken Curry Flavour 80g,TRUE,5252758,40382
3011,Infuzions Veggie Straws 5 Pack,TRUE,3151308,453873
3012,Infuzions Veggie Straws Sour Cream & Herb 90g,TRUE,5007324,203073
3013,Ingham's Frozen Chicken Breast Tenders Original 400g,TRUE,4314962,38728
3014,Ingham's Frozen Chicken Breast Tenders Southern Style 400g,TRUE,2726798,505304
3015,Ingham's Frozen Chicken Breast Tenders Sweet Chilli 400g,TRUE,4314973,229446
3016,Ingham's Frozen Whole Turkey Self Basting,TRUE,8986350,55083
3017,Inner Health Digestive Defence Probiotics 30 Pack,TRUE,6496532,304366
3018,Inner Health Double Strength Balanced Gut Health Probiotics 20 Pack,TRUE,6496510,302581
3019,International Roast Instant Coffee 500g,TRUE,340246,34709
3020,Isocol Antiseptic Rub 345ml,TRUE,339702,7695
3021,Isocol Multipurpose Anti-bacterial Lotion Spray 75ml,TRUE,3411883,682432
3022,Ito En Matcha Green Tea Traditional 20 Pack,TRUE,3247291,426222
3023,J Crackleton Pork Crackle Original 40g,TRUE,3722760,812595
3024,Jack Link's Bbq Beef Jerky 50g,TRUE,3951563,296241
3025,Jack Link's Original Beef Jerky 50g,TRUE,6526123,267889
3026,Jack Link's Teriyaki Beef Jerky 50g,TRUE,6526134,267888
3027,Jack N' Jill Natural Toothpaste Strawberry 50g,TRUE,5927650,712696
3028,Jacobs Snacks Original Twiglets 45g,TRUE,8693625,362224
3029,Jade Phoenix Snow Fungus 50g,TRUE,1385046,827029
3030,Jalna Biodynamic Whole Milk Yoghurt 1kg,TRUE,9056707,169222
3031,Jalna Fat Free Yoghurt 1kg,TRUE,455827,43053
3032,Jalna Greek Yoghurt 1kg,TRUE,7250935,331963
3033,Jalna Greek Yoghurt 2kg,TRUE,5763167,279766
3034,Jalna Greek+ Probiotics Yoghurt,TRUE,3537291,276699
3035,Jalna Kids No Added Sugar Yoghurt Vanilla 100g,TRUE,7657342,528219
3036,Jalna Lactose Free Greek Yoghurt 1kg,TRUE,3816874,169823
3037,Jalna Lactose Free Greek Yogurt 170g,TRUE,5939570,244303
3038,Jalna Natural Greek Yoghurt 170g,TRUE,3537316,877065
3039,Jalna Pouch Of Purity Strawberry Yoghurt,TRUE,3536583,170038
3040,Jalna Sweet & Creamy Greek Yoghurt 1kg,TRUE,1438540,768154
3041,Jalna Sweet & Creamy Greek Yoghurt 2kg,TRUE,2376288,923882
3042,Jalna Sweet & Creamy Yoghurt Coconut 1kg,TRUE,2235480,463034
3043,Jalna Sweet & Creamy Yoghurt Strawberry 1kg,TRUE,2744701,463018
3044,Jalna Whole Milk Yoghurt Lactose Free Natural 1kg,TRUE,3242968,659436
3045,Jarlsberg Lite Cheese Slices Sliced Cheese 150g,TRUE,8389680,930995
3046,Jarlsberg Original Cheese Block 250g,TRUE,5170008,930992
3047,Jarlsberg Original Cheese Slices Sliced Cheese 150g,TRUE,5498703,930997
3048,Jarrah Brazilian Café Latte Instant Coffee 250g,TRUE,5436896,254490
3049,Jarrah Classic Hot Chocolate 10 Pack,TRUE,6772298,46127
3050,Jarrah French Vanilla Latte Instant Coffee 250g,TRUE,5436900,254495
3051,Jarrah Hot Chocolate 285g,TRUE,7338887,42348
3052,Jarrah Mint Hot Chocolate 10 Pack,TRUE,3180474,852937
3053,Jarrah Salted Caramel Latte Instant Coffee 250g,TRUE,2244491,800489
3054,Jeeny's Ingredients Puree Tamarind 220g,TRUE,9434622,250310
3055,Jeer For Men Deodorant Body Spray 150ml,TRUE,9550408,53195
3056,Jelly Belly 3d Car Air Freshener Very Cherry Each,TRUE,7039831,107924
3057,Jif Cream Cleanser With Micro Particles Lemon 500ml,TRUE,3739208,91553
3058,Jif Cream Cleanser With Micro Particles Original 500ml,TRUE,3739219,91554
3059,Jif Cream Lily Flower 500ml,TRUE,7909784,219266
3060,Jif Power & Shine Bathroom Spray 500ml,TRUE,5121079,219553
3061,Jif Power & Shine Kitchen Spray 500ml,TRUE,5121217,298554
3062,Jila No Sugar Mints Spearmint 34g,TRUE,6783953,319787
3063,Jinmailang Egg Noodle 1kg,TRUE,1384316,807432
3064,Jinmailang Stew Beef Noodle Stew Beef 5 Pack,TRUE,8136582,790347
3065,John Frieda Brilliant Brunette Colour Protect Moisturising Shampoo 250ml,TRUE,9806035,219061
3066,John Frieda Brilliant Brunette Protecting Moisturising Conditioner 250ml,TRUE,4716343,233784
3067,John Frieda Frizz Ease Dream Curls Conditioner 250ml,TRUE,4255218,152457
3068,John Frieda Frizz Ease Dream Curls Shampoo 250ml,TRUE,4255171,152637
3069,John Frieda Frizz Ease Miraculous Recovery Conditioner 250ml,TRUE,4255229,347455
3070,John Frieda Frizz Ease Repairing Shampoo 250ml,TRUE,4254634,347454
3071,John Frieda Frizz Ease Serum Extra Strength 50ml,TRUE,5294623,203807
3072,John Frieda Frizz Ease Weightless Wonder Smoothing Cream 100ml,TRUE,5294634,151291
3073,John Frieda Sheer Highlight Activating Moisturising Conditioner 250ml,TRUE,4716354,233730
3074,John Frieda Sheer Hightlight Activating Moisturising Shampoo 250ml,TRUE,4946795,173047
3075,John Frieda Vibrant Shine 3-in-1 Hair Shine Spray,TRUE,4959742,203567
3076,John Frieda Vibrant Shine Colour Shine Conditioner,TRUE,4959695,202463
3077,John Frieda Vibrant Shine Colour Shine Shampoo,TRUE,4959684,202472
3078,John Frieda Violet Crush Intense Purple Shampoo 250ml,TRUE,3731669,62575
3079,John Frieda Violet Crush Purple Conditioner 250ml,TRUE,6886424,325765
3080,John Frieda Violet Crush Purple Shampoo 250ml,TRUE,6886435,325764
3081,John West Anchovy Fillets In Olive Oil 45g,TRUE,7533962,766211
3082,John West Chilli Salmon Tempters 95g,TRUE,4409446,167105
3083,John West Chilli Tuna Tempters 95g,TRUE,6044009,57053
3084,John West Chunky Tuna In Brine 425g,TRUE,103794,30023
3085,John West Chunky Tuna In Olive Oil Blend 425g,TRUE,5966062,263411
3086,John West Chunky Tuna In Springwater 425g,TRUE,5079802,19736
3087,John West Chunky Tuna Tempter In Olive Oil 95g,TRUE,5558736,257360
3088,John West Chunky Tuna Tempter In Springwater 95g,TRUE,7532777,340411
3089,John West Fresh Packed Wild Alaskan Pink Salmon 105g,TRUE,162658,34927
3090,John West Fresh Packed Wild Alaskan Red Salmon 105g,TRUE,124761,33924
3091,John West Fresh Packed Wild Alaskan Red Salmon 210g,TRUE,124772,32604
3092,John West Fresh Packed Wild Alaskan Red Salmon 415g,TRUE,5151149,2623
3093,John West Lemon & Cracked Pepper Salmon Tempters 95g,TRUE,7086580,72472
3094,John West Lemon & Cracked Pepper Tuna Tempters 95g,TRUE,6041113,27570
3095,John West Naturally Smoked Salmon Tempters 95g,TRUE,7086558,72540
3096,John West Onion & Tomato Salmon Tempters 95g,TRUE,9658776,211290
3097,John West Onion & Tomato Savoury Tuna Tempters 95g,TRUE,384718,57070
3098,John West Oven Dried Tomato & Basil Tuna Tempters 95g,TRUE,6041124,27574
3099,John West Protein+ Calcium Tuna Sea Salt Lemon & Parsley With Crackers 94g,TRUE,5454220,234660
3100,John West Protein+ Iron Tuna Bowl Capsicum Kidney Bean Chickpeas 170g,TRUE,4409683,167165
3101,John West Salmon Slices In Springwater 125g,TRUE,9658583,211269
3102,John West Skinless & Boneless Salmon In Olive Oil 200g,TRUE,5454650,235754
3103,John West Skinless & Boneless Salmon In Olive Oil 95g,TRUE,9629348,715636
3104,John West Skinless & Boneless Salmon In Springwater 200g,TRUE,5454785,235515
3105,John West Skinless & Boneless Salmon In Springwater 95g,TRUE,5558780,263414
3106,John West Smoked Kippers Fillets In Brine 200g,TRUE,125152,1471
3107,John West Smoked Oysters In Oil 85g,TRUE,5971131,67926
3108,John West Wild Alaskan Pink Salmon 210g,TRUE,124717,33920
3109,John West Wild Alaskan Pink Salmon 415g,TRUE,5159016,73595
3110,John West Wild Brisling Sardines In Extra Virgin Olive Oil 110g,TRUE,124819,34947
3111,John West Wild Brisling Sardines In Springwater 110g,TRUE,5237110,98523
3112,John West Wild Brisling Sardines In Tomato Sauce 110g,TRUE,3114662,34980
3113,John West Wild Brisling Sardines With Lemon Garlic & Chilli 110g,TRUE,2886896,549096
3114,John West Wild Caught Salmon Bowl Cherry Tomatoes Olives &risoni 170g,TRUE,6736589,322963
3115,John West Wild Caught Salmon Bowl Coconut Chilli Lime &thai Rice 170g,TRUE,6736590,323507
3116,John West Wild Caught Salmon Bowl Sweet Soy Vegetable Black Rice 170g,TRUE,6736603,323532
3117,John West Wild Caught Salmon Slices Naturally Smoked 125g,TRUE,9658754,211270
3118,John West Wild Scottish Mackerel Fillets In Brine 125g,TRUE,124546,36442
3119,John West Wild Scottish Mackerel In Olive Oil 125g,TRUE,3114618,664785
3120,John West Zesty Vinaigrette Tuna Tempters 95g,TRUE,6044097,92589
3121,Johnny Wong Singapore Noodles 500g,TRUE,5335618,278393
3122,Johnson's Body Care Extra Rich Moisturising Cream Body Wash 1l,TRUE,9216825,725006
3123,Johnson's Body Care Moisturising Body Wash 1l,TRUE,9216869,725005
3124,Johnson's Dreamy Skin Lavender & Moonflower Scented Body Wash 1l,TRUE,9216847,725020
3125,Johnson's Normal Wipes Cleansing Normal Skin 25 Pack,TRUE,8480023,114560
3126,Jols Sugar Free Pastilles Forest Berries 23g,TRUE,9193661,194854
3127,Jordans Bursting With Berries Crunchy Oat Granola 500g,TRUE,1750254,790810
3128,Jordans Strawberry Crispy Oat Clusters 500g,TRUE,1315368,780751
3129,Juice Lab Digest Gut Health Super Shot 350ml,TRUE,5626360,249042
3130,Juice Lab Well Immune Multidose Orange Turmeric Ginger 350ml,TRUE,5624659,247557
3131,Juicies Tropical Frozen Dessert Sticks,TRUE,5489247,146149
3132,Juicy Fruit Chewing Gum Multipack,TRUE,417067,98418
3133,Jumpy's Chicken Chips 5 Pack,TRUE,9139462,79619
3134,Just For Men Control Gx Grey Reducing Shampoo 118ml,TRUE,7526402,306344
3135,Just For Men Hair Colour Dark Brown 100g,TRUE,5338795,7516
3136,Just For Men Hair Colour Light Brown 100g,TRUE,5759771,7384
3137,Just For Men Hair Colour Medium Brown 100g,TRUE,5338784,7515
3138,Just For Men Hair Colour Real Black 100g,TRUE,5338977,7523
3139,Just For Men Moustache & Beard Black 70g,TRUE,8941829,633632
3140,Just For Men Moustache & Beard Colour M-25 Light Brown Each,TRUE,8941760,257592
3141,Just For Men Moustache & Beard Dark Brown 70g,TRUE,3365516,370388
3142,Just For Men Moustache & Beard Medium Brown 70g,TRUE,3823280,55926
3143,Just Juice Apple Juice 6x200ml,TRUE,8147115,315777
3144,Just Rooibos African Tea Bags 40 Pack,TRUE,9161122,114407
3145,Kan Tong Black Bean Stir Fry Cooking Sauce 510g,TRUE,1279876,758300
3146,Kan Tong Butter Chicken Cooking Sauce 485g,TRUE,1279865,758325
3147,Kan Tong Honey Soy Garlic Stir Fry Sauce 500g,TRUE,2847318,421920
3148,Kan Tong Honey Teriyaki Stir Fry Sauce 510g,TRUE,1723138,777837
3149,Kan Tong Peanut Satay Stir Fry Cooking Sauce 505g,TRUE,1279774,758381
3150,Kan Tong Pineapple Sweet & Sour Stir Fry Cooking Sauce 515g,TRUE,1279800,758374
3151,Kan Tong Satay Chicken Meal Base Pouch 180g,TRUE,3189515,658460
3152,"Kan Tong Stir Fry Sauce Honey, Sesame & Garlic 520g",TRUE,1279843,758371
3153,Kan Tong Sweet & Sour Stir Fry Cooking Sauce 515g,TRUE,1279763,758384
3154,Kan Tong Teriyaki Chicken Meal Base Pouch 175g,TRUE,3189548,656969
3155,Karma Bites Popped Lotus Seeds Peri Peri,TRUE,3846605,189800
3156,Katoomba Ingredients Red Lentils 1kg,TRUE,4683608,753947
3157,Katoomba Ingredients Toor Dal 1kg,TRUE,4683620,753954
3158,Katoomba Mung Beans 1kg,TRUE,4713072,753946
3159,Kbs Prawn Gyoza,TRUE,7111338,439768
3160,Keen's Meal Base Creamy Honey Mustard Chicken 285g,TRUE,5221426,214477
3161,Keen's Meal Base Curried Sausages 285g,TRUE,5221415,214007
3162,Keen's Mustard Powder Powder 50g,TRUE,121300,34487
3163,Keen's Traditional Curry Powder 120g,TRUE,165022,33281
3164,Keen's Traditional Curry Powder 60g,TRUE,121275,33280
3165,Keep It Cleaner Plant Based Protein Choc Cherry 40g,TRUE,8084183,385367
3166,Keep It Cleaner Plant Based Protein Mint Crisp 40g,TRUE,8080681,386038
3167,Keep It Cleaner Plant Based Protein Powder Chocolate Flavour 375g,TRUE,5872311,98083
3168,Keep It Cleaner Plant Based Protein Powder Vanilla Flavour 375g,TRUE,8079831,98978
3169,Keep It Cleaner Protein Powder Vanilla 375g,TRUE,7757450,26087
3170,Kellogg's All-bran High Fibre Breakfast Cereal 530g,TRUE,8491915,701676
3171,Kellogg's Coco Pops Chocolatey Breakfast Cereal 650g,TRUE,8494298,701707
3172,Kellogg's Corn Flakes Breakfast Cereal 220g,TRUE,8491085,701674
3173,Kellogg's Corn Flakes Crumbs 300g,TRUE,149886,33376
3174,Kellogg's Corn Flakes Gluten Free Breakfast Cereal 270g,TRUE,2692856,428308
3175,Kellogg's Crunchy Nut Corn Flakes Breakfast Cereal 640g,TRUE,5116239,202915
3176,Kellogg's Froot Loops 25% Less Sugar 265g,TRUE,6733707,341514
3177,Kellogg's Froot Loops Breakfast Cereal 460g,TRUE,5103248,202952
3178,Kellogg's Guardian Psyllium Breakfast Cereal 360g,TRUE,8492237,701733
3179,Kellogg's Just Right Apricot & Sultana Breakfast Cereal 740g,TRUE,5103634,200133
3180,Kellogg's K-time Baked Twists Strawberry & Blueberry Flavour Snack Bars 5 Pack,TRUE,4459047,724087
3181,Kellogg's K-time Baked Twists Strawberry & Yoghurt Flavour Snack Bars 5 Pack,TRUE,9264260,722766
3182,Kellogg's Nutri Grain 25% Less Sugar Vanilla Malt Flavour 450g,TRUE,6733693,336678
3183,Kellogg's Nutri Grain Protein Breakfast Cereal 470g,TRUE,5103930,202140
3184,Kellogg's Nutri Grain Protein Breakfast Cereal 765g,TRUE,5103929,199725
3185,Kellogg's Pop Tarts Frosted Cookies & Crème Toaster Pastries 384g,TRUE,5200426,152456
3186,Kellogg's Pop Tarts Frosted Strawberry Toaster Pastries 384g,TRUE,6398023,148438
3187,Kellogg's Rice Bubbles Puffed Rice Breakfast Cereal 860g,TRUE,5103940,203930
3188,Kellogg's Special K Fruit & Nut Breakfast Cereal,TRUE,8609968,710045
3189,Kellogg's Sultana Bran Oat Cluster Breakfast Cereal 480g,TRUE,5103951,202490
3190,Kellogg's Sustain Original Breakfast Cereal 460g,TRUE,5105651,243805
3191,"Kenilworth Dairies Sweet Chili, Sour Cream & Bell Pepper Club Cheddar 165g",TRUE,1988529,152283
3192,Kensington Pride Mango,TRUE,409772,139428
3193,Kettle Chilli Chips Big Share Bag 300g,TRUE,4992497,383728
3194,Kettle Chips Cooked In Avocado Oil Crushed Sea Salt,TRUE,5934532,258247
3195,Kettle Classic Sea Salt Chips Potato Chips 165g,TRUE,8156535,236699
3196,Kettle Flat Bread Crackers Caramelised Onion 150g,TRUE,3814165,113004
3197,Kettle Flat Bread Crackers Sea Salt 150g,TRUE,3496445,113002
3198,Kettle Honey Soy Chicken Chips Potato Chips 165g,TRUE,1795310,236805
3199,Kettle Multipack Sea Salt 5 Pack,TRUE,6290694,293821
3200,Kettle Original Sea Salt Chips Big Bag 300g,TRUE,4992453,587301
3201,Kettle Sea Salt & Vinegar Chips Chips 165g,TRUE,8156557,236807
3202,Kettle Sourdough Baked Flat Bread Himalayan Pink Salt 140g,TRUE,5459348,238032
3203,Kettle Sweet Potato Chips Sea Salt 135g,TRUE,2796670,514466
3204,Kewpie Japanese Dresing Sesame Soy 210g,TRUE,2000555,790373
3205,Kewpie Japanese Mayonnaise 500g,TRUE,7651539,364435
3206,Kewpie Salad Dressing Roasted Sesame 210ml,TRUE,2000544,790349
3207,Kewpie Sriracha Mayonnaise 300g,TRUE,3716009,18475
3208,Kez's Kitchen Gluten Free Choc Golden Snaps 150g,TRUE,4472420,150886
3209,Kez's Kitchen Gluten Free Choc Peanut Florentines 185g,TRUE,4475510,162952
3210,Kez's Kitchen Gluten Free Choc Raspberry Vienna Eclairs 190g,TRUE,8684850,732287
3211,Kez's Kitchen Gluten Free Fudgy Chocolate Flourless Brownies 210g,TRUE,3550380,853360
3212,Kez's Kitchen Gluten Free Lemon Cream Melting Moments 190g,TRUE,6995383,378654
3213,Kez's Kitchen Kitchen Gluten Free Double Choc Slammers,TRUE,5207549,224465
3214,Khao Shong Wasabi Coated Green Peas 280g,TRUE,2485002,803910
3215,Kikkoman Soy Sauce 150ml,TRUE,128183,36882
3216,Kikkoman Soy Sauce Gluten Free Soy 250ml,TRUE,7834131,370455
3217,Kikkoman Soy Sauce Soy 1l,TRUE,459125,4840
3218,Kikkoman Soy Sauce Soy 600ml,TRUE,8280895,103725
3219,Kikkoman Tamari Soy Sauce 250ml,TRUE,3498702,318603
3220,Kinder Easter Mini Eggs Milk Choc With Crushed Hazelnuts 100g,TRUE,3136461,669562
3221,Kinder Happy Hippo Cocoa Biscuit Multipack 5 Pack,TRUE,4232620,141691
3222,Kinder Surprise Chocolate Egg Pink 20g,TRUE,1951438,10587
3223,Kinder Tronky Creamy Chocolate Wafer Biscuit Multipack 5 Pack,TRUE,5916520,255376
3224,King Island Dairy Cape Wickham Double Brie Cheese 200g,TRUE,8167484,40353
3225,King Of Shaves Shave Gel Cooling 175ml,TRUE,5850873,296164
3226,King Oscar Sardines Olive Oil 105g,TRUE,5778710,53629
3227,King Oscar Sardines Tomato Sauce Single Layer 105g,TRUE,124885,33459
3228,Kirks Creaming Soda Cans 375ml X10 Pack,TRUE,9125082,159799
3229,Kirks Creaming Soda Soft Drink Bottle 1.25l,TRUE,492131,140092
3230,Kirks Lemon Squash Soft Drink Multipack Cans 375ml X10 Pack,TRUE,9125050,159797
3231,Kirks Lemonade Soft Drink Bottle 1.25l,TRUE,5399166,52558
3232,Kirks Lemonade Soft Drink Multipack Cans 375ml X10 Pack,TRUE,9124920,159796
3233,Kirks Pasito Soft Drink Bottle 1.25l,TRUE,5399086,140090
3234,Kirks Pasito Soft Drink Multipack Cans 375ml X10 Pack,TRUE,9125209,159798
3235,Kirks Sugar Free Creaming Soda Soft Drink Bottle 1.25l,TRUE,7910590,260366
3236,Kirks Sugar Free Lemonade Soft Drink  Multipack Cans 375ml X10 Pack,TRUE,8492689,322924
3237,Kitkat 11 Piece Share Pack 154g,TRUE,7018853,348593
3238,Kitkat 4 Finger Milk Chocolate Bar 45g,TRUE,136512,98376
3239,Kitkat Chunky Aero Mint Bar 45g,TRUE,4457438,176878
3240,Kitkat Chunky Original Chocolate Bar 50g,TRUE,2026118,826112
3241,Kitkat Dark With Tasmanian Mint Block,TRUE,4150162,149519
3242,Kitkat Large Share Pack,TRUE,3768250,802635
3243,Kitkat Original Funpack 11 Piece,TRUE,5169687,306624
3244,Kitkat Original Milk Chocolate Block,TRUE,5872479,260805
3245,Kitkat Packed With Milo 165g,TRUE,5389720,229181
3246,Kiwi Fruit Green Each,TRUE,4425883,139238
3247,Kleenex Aloe Vera & Vitamin E 3 Ply Facial Tissues 140 Pack,TRUE,7340120,32969
3248,Kleenex Aloe Vera & Vitamin E 3 Ply Facial Tissues 95 Pack,TRUE,5749086,79502
3249,Kleenex Aloe Vera & Vitamin E 3 Ply Facial Tissues Cube 60 Pack,TRUE,5749166,79487
3250,Kleenex Aloe Vera & Vitamin E 3 Ply Large & Thick Facial Tissues 70 Pack,TRUE,2372797,828693
3251,Kleenex Aloe Vera & Vitamin E 4 Ply Pocket Pack Facial Tissues,TRUE,1307188,759362
3252,Kleenex Anti-bacterial To-go Wipes 40 Pack,TRUE,3755995,63758
3253,Kleenex Anti-bacterial To-go Wipes Wet Wipes,TRUE,7803149,346539
3254,Kleenex Complete Clean Double Length Toilet Paper 12 Pack,TRUE,3517115,722
3255,Kleenex Complete Clean Double Length Toilet Paper 4 Pack,TRUE,3517090,12407
3256,Kleenex Complete Clean Toilet Paper Toilet Tissue 9 Pack,TRUE,3064076,679037
3257,Kleenex Eucalyptus 3 Ply Facial Tissues 140 Pack,TRUE,3157745,1475
3258,Kleenex Eucalyptus 3 Ply Facial Tissues 95 Pack,TRUE,1281572,79492
3259,Kleenex Everyday 2 Ply Facial Tissues 200 Pack,TRUE,3661268,63899
3260,Kleenex Everyday 2 Ply Facial Tissues 250 Pack,TRUE,9493100,193613
3261,Kleenex Everyday Kids 2 Ply Facial Tissues 200 Pack,TRUE,3661246,62777
3262,Kleenex Everyday On The Go Facial Tissues 60 Pack,TRUE,6891231,580718
3263,Kleenex Flushable Wipes Scented Scented,TRUE,1337666,473201
3264,Kleenex Flushable Wipes Unscented 42 Pack,TRUE,1337757,533697
3265,Kleenex Large & Thick 3 Ply Facial Tissues 95 Pack,TRUE,9333818,172610
3266,Kleenex Luxury Quilts Toilet Tissue 3 Ply White 150 Sheets 6 Pack,TRUE,8059460,503965
3267,Klorane Oat Milk Dry Shampoo,TRUE,3562506,62843
3268,Klorane Oat Milk Tinted Dry Shampoo,TRUE,3536029,156814
3269,Knorr Yellow Chicken Powder,TRUE,4210945,519378
3270,Koh Kae Peanuts Bbq 230g,TRUE,3305671,827060
3271,Koh Kae Snacks Peanuts Coconut Coated 265g,TRUE,9765299,364822
3272,Kook A Krumb Breadcrumbs Herb And Garlic 200g,TRUE,8263310,181407
3273,Kook A Krumb Panko Breadcrumbs 190g,TRUE,1437230,648312
3274,Korbond Clothes Brush Automatic Each,TRUE,5323594,105196
3275,Korbond Compact Lint Roller Each,TRUE,6421533,256825
3276,Korbond Compact Lint Roller Refill 4 Pack,TRUE,6421635,256953
3277,Korbond Fabric/wool Comb Each,TRUE,3974296,105137
3278,Korbond Horizontal Lint Roller Each,TRUE,9382358,102805
3279,Korbond Instant Hemming & Mending Tape 2m Each,TRUE,2406990,105095
3280,Korbond Instant Iron On Hemming Web 10m Each,TRUE,2406990,105192
3281,Korbond Instant Iron On Menders 3 Pack,TRUE,2406980,104496
3282,Korbond Instant Repair Kit Each,TRUE,2407009,105154
3283,Korbond Lint Roller Refill 90m Each,TRUE,9382405,105344
3284,Korbond Lint Shaver Each,TRUE,3974300,104441
3285,Korbond Party Novelty Birthday Ribbon Assorted Each,TRUE,5323801,54545
3286,Korbond Polyester Thread Black & White 500m 2 Pack,TRUE,3973919,94499
3287,Korbond Polyester Thread Dark Colours 14m 12 Pack,TRUE,2407450,105114
3288,Korbond Polyester Thread Multi Colours 5 Pack,TRUE,3973920,102216
3289,Korbond Scissors 23cm Each,TRUE,5323448,94328
3290,Korbond Sewing Bag Kit With Zipper Each,TRUE,7745359,104966
3291,Korbond Sewing Kit Box Each,TRUE,4247130,105245
3292,Korbond Tape Measure Metric & Imperial Each,TRUE,5323721,101549
3293,Korbond Thread Cotton White Each,TRUE,5323630,255287
3294,Korbond Threaded Needle Kit 10 Pack,TRUE,3973894,101485
3295,Korbond Travel Sewing Kit Each,TRUE,5135528,105182
3296,Kraft Easy Mac & Cheese Macaroni Pasta Cheesy Chicken Box 280g,TRUE,4770509,232270
3297,Kraft Easy Mac & Cheese Macaroni Pasta Classic Cheese Bowl 73g,TRUE,5815817,260783
3298,Kraft Easy Mac & Cheese Macaroni Pasta Classic Cheese Box 280g,TRUE,9789300,210635
3299,Kraft Easy Mac & Cheese Macaroni Pasta Classic Cheese Noodles 560g,TRUE,3221709,255147
3300,Kraft Grated Parmesan Cheese Cannister 250g,TRUE,144827,35143
3301,Kraft Mac & Cheese Macaroni Pasta Original 205g,TRUE,307193,693152
3302,Kraft Mac & Cheese Macaroni Pasta Three Cheese Instant Noodles 205g,TRUE,3867730,21128
3303,Kraft Vegan Mac & Cheese Macaroni Pasta Instant Noodles Cheese 150g,TRUE,4449145,167302
3304,K-roo Kangaroo Burger 440g,TRUE,8450565,713466
3305,K-roo Kangaroo Fillet 400g,TRUE,2739891,887603
3306,K-roo Kangaroo Mince 1kg,TRUE,9007723,148292
3307,K-roo Kangaroo Sausages Kanga Bangas Bush Tomato 500g,TRUE,1200231,713467
3308,K-roo Kangaroo Sizzle Steak 400g,TRUE,3771700,120304
3309,Krummies Breadcrumbs 375g,TRUE,299244,36440
3310,Kurrajong Kitchen Lavosh Bites Original 145g,TRUE,1024401,731856
3311,Kurrajong Kitchen Lavosh Crackers & Mini Grissini,TRUE,6503820,179128
3312,Kurrajong Kitchen Lavosh Snack Twin Pack 2 Pack 100g,TRUE,5471106,578418
3313,Kushi Jelly Drinks 75g X12 Pack,TRUE,4683415,864352
3314,La Casa Del Formaggio Bambini Bocconcini 220g,TRUE,4537253,240822
3315,La Casa Del Formaggio Fresh Mozzarella 125g,TRUE,5429085,732059
3316,La Casa Del Formaggio Fresh Mozzarella 200g,TRUE,2462186,763149
3317,La Costena Refried Pinto Beans 400g,TRUE,2373472,842157
3318,La Famiglia Cheesy Garlic Bread 460g,TRUE,5551941,237527
3319,La Famiglia Garlic Bread 400g,TRUE,6146213,294517
3320,La Famiglia Garlic Bread Ciabatta 330g,TRUE,9082489,717550
3321,La Famiglia Garlic Bread Just For 2 170g,TRUE,2681882,520533
3322,La Famiglia Garlic Bread Slices 270g,TRUE,9435160,184335
3323,La Famiglia Just For 2 Cheesy Garlic Bread 190g,TRUE,5552263,236518
3324,La Famiglia Kitchen Cheesy Pesto Garlic Bread For Two 190g,TRUE,7852552,583303
3325,La Famiglia Pane Di Casa Garlic Bread Just For 2,TRUE,4274846,83596
3326,La Zuppa Microwave Soup Chicken Veg & Wholegrain 420g,TRUE,8026370,370227
3327,La Zuppa One-pot-dish Chicken Korma With Vegetables 300g,TRUE,6127810,278232
3328,La Zuppa One-pot-dish Thai Red Curry With Chickpea & Pumpkin 300g,TRUE,6127842,277756
3329,La Zuppa Soup Pouch Rustic Vegetable Rustic Vegetable,TRUE,1163350,750394
3330,Lacteeze Chewable Tablets Mild Mint Flavour 10 Pack,TRUE,6404910,148975
3331,Lao Gan Ma Chili In Oil 210g,TRUE,2484644,684011
3332,Lao Gan Ma Chilli Sauce Chicken 210g,TRUE,3739718,67551
3333,Latina Fresh Beef Bolognese Pasta Sauce Pasta Sauce 425g,TRUE,5220241,9741
3334,Latina Fresh Beef Ravioli Pasta Ravioli 625g,TRUE,5404110,54267
3335,Latina Fresh Chicken Tomato & Mozzarella Agnolotti Family Pack 625g,TRUE,7730930,882089
3336,Latina Fresh Creamy Carbonara Pasta Sauce Pasta Sauce 425g,TRUE,5404109,42091
3337,Latina Fresh Creamy Sun-dried Tomato Pasta Sauce 425g,TRUE,6026890,14894
3338,Latina Fresh Gluten Free Beef Ravioli Pasta 280g,TRUE,2271450,845631
3339,Latina Fresh Gluten Free Lasagne Sheets 280g,TRUE,3758676,83431
3340,Latina Fresh Gluten Free Ricotta & Spinach Ravioli Pasta 280g,TRUE,2271520,845773
3341,Latina Fresh Italian Tomato With Onion & Garlic Pasta Sauce 700g,TRUE,8999421,335531
3342,Latina Fresh Kids Mini Ravioli Pasta Beef & Vegetable 200g,TRUE,6393915,304116
3343,Latina Fresh Kids Mini Ravioli Pasta Cheese & Vegetable 200g,TRUE,6393926,304103
3344,Latina Fresh Lasagne Ravioli Pasta 625g,TRUE,5577548,214006
3345,Latina Fresh Lasagne Sheets Sheets 375g,TRUE,5165427,5033
3346,Latina Fresh Ready Meal Angus Beef & Veg Lasagne Chilled Meal 1.6kg,TRUE,9992814,601940
3347,Latina Fresh Ricotta & Spinach Agnolotti Pasta 625g,TRUE,5469181,44977
3348,Latina Fresh Roast Chicken & Garlic Ravioli Pasta 625g,TRUE,7294409,335534
3349,Latina Fresh Spinach & Ricotta Agnolotti 375g,TRUE,5280232,42092
3350,Latina Fresh Tomato & Mozzarella Ravioli 400g,TRUE,7730001,881228
3351,Laucke Barossa Sourdough Rye Bread Mix 2.4kg,TRUE,5891214,252199
3352,Laucke Country Women's Scone Mix 1kg,TRUE,3234154,727561
3353,Laucke Crusty White Bread Mix 2.4kg,TRUE,5891225,252201
3354,Laucke Crusty White Bread Mix 500g,TRUE,8098676,727560
3355,Laucke Crusty White Bread Mix 5kg,TRUE,7782210,92404
3356,Laucke Multigrain Bread Mix 5kg,TRUE,7782130,92413
3357,Laucke Pizza & Focaccia Dough Mix 1kg,TRUE,3234143,381343
3358,Laucke Spelt Bread Mix 1kg,TRUE,3765140,82823
3359,Laucke Sprouted Whole Wheat Flour Blend 1kg,TRUE,8098632,143380
3360,Laucke Stoneground Rustic White Bread Mix 2.4kg,TRUE,3765161,82406
3361,Laucke Wholemeal Bread Mix 2.4kg,TRUE,5120360,142989
3362,Laughing Cow Cheese Light 128g,TRUE,7646266,346546
3363,Laughing Cow Cheese Original Wedges 256g,TRUE,3275581,236831
3364,Lavazza Crema E Gusto Nespresso Compatible Coffee Pods 30 Pack,TRUE,4823591,220958
3365,Lavazza Dek Decaffeinated A Modo Mio Coffee Pods 16 Pack,TRUE,3208722,222452
3366,Lavazza Delizioso A Modo Mio Coffee Pods 16 Pack,TRUE,1774194,554677
3367,Lavazza Espresso Barista Gran Crema Coffee Beans 1kg,TRUE,3756513,94147
3368,Lavazza Espresso Barista Gran Crema Coffee Beans 500g,TRUE,6205980,309532
3369,Lavazza Espresso Barista Intenso Coffee Beans 1kg,TRUE,3756557,94146
3370,Lavazza Espresso Barista Intenso Coffee Beans 500g,TRUE,4875096,220985
3371,Lavazza Espresso Barista Organic Coffee Beans 1kg,TRUE,6205946,309672
3372,Lavazza Espresso Barista Perfetto Coffee Beans 1kg,TRUE,3756502,95564
3373,Lavazza Espresso Classico Nespresso Compatible Coffee Pods 10 Pack,TRUE,4823489,222482
3374,Lavazza Espresso Intenso Nespresso Compatible Coffee Pods 10 Pack,TRUE,4823490,221028
3375,Lavazza Espresso Intenso Nespresso Compatible Coffee Pods 30 Pack,TRUE,4823605,222912
3376,Lavazza Espresso Maestro Ristretto Dark Roast Nespresso Capsules 10 Pack,TRUE,4823536,309654
3377,Lavazza Espresso Ristretto Nespresso Compatible Coffee Pods 30 Pack,TRUE,6205913,309584
3378,Lavazza Prontissimo Espresso 95g,TRUE,3756524,95662
3379,Lavazza Prontissimo Intenso Premium Instant Coffee 95g,TRUE,2840750,551886
3380,Lavazza Qualita Oro Coffee Beans 1kg,TRUE,8967050,74006
3381,Lavazza Qualita Oro Ground Coffee 1kg,TRUE,8411698,659600
3382,Lavazza Qualitá Oro Ground Coffee 1kg,TRUE,4965938,254602
3383,Lavazza Qualita Oro Ground Coffee 250g,TRUE,3790635,95682
3384,Lavazza Qualita Oro Ground Coffee 500g,TRUE,6851055,86917
3385,Lavazza Tales Of Italy Alluring Napoli Coffee Beans 500g,TRUE,6277834,309483
3386,Lavazza Tales Of Italy Alluring Napoli Ground Coffee 250g,TRUE,6277776,309492
3387,Lavazza Tales Of Italy Eternal Roma Coffee Beans 500g,TRUE,6277878,309662
3388,Lavazza Tales Of Italy Eternal Roma Ground Coffee 250g,TRUE,6277812,309564
3389,Lavazza Tales Of Italy Refined Milano Ground Coffee 250g,TRUE,6277812,309652
3390,Lawson's White Traditional Bread 750g,TRUE,3362937,802834
3391,Lawson's Wholemeal Traditional Bread 750g,TRUE,3362926,802853
3392,Laxettes Senna Chocolate Squares Laxatives 24 Pack,TRUE,9505470,187995
3393,Laxettes Senna Laxative Tablets 50 Pack,TRUE,5136000,8756
3394,Le Tan In Le Can Self Tan Deep Bronze 150g,TRUE,6045103,277145
3395,Lea & Perrins Worcestershire Sauce 290ml,TRUE,5310752,252148
3396,Lean Cuisine Beef In Red Wine Sauce With Garlic Mash Frozen Meal 280g,TRUE,5747229,116706
3397,Lean Cuisine Spaghetti Bolognese 280g,TRUE,3866635,116429
3398,Lean Cuisine Thai Red Chicken Curry With Rice Frozen Meal 375g,TRUE,3867183,113969
3399,Lean Cuisine Veg'd Up Classics Spinach & Ricotta Cannelloni 330g,TRUE,5721270,305106
3400,Lean Cuisine Veg'd Up Tuna Bake 310g,TRUE,5721509,304349
3401,Lee Kum Kee Gluten Free Soy Sauce Soy Sauce 250ml,TRUE,3736990,862908
3402,Lee Kum Kee Sauce Soy Salt Reduced 150ml,TRUE,5423125,258585
3403,Lee Kum Kee Soy Sauce 150ml,TRUE,9434688,152363
3404,Leggo's Bolognese - Chunky Tomato Garlic & Herbs Pasta Sauce 500g,TRUE,2683924,450687
3405,Leggo's Creamy Carbonara Pasta Sauce With Fresh Cream Onion& Cheese 490g,TRUE,2683877,450832
3406,Leggo's Creamy Sundried Tomato & Garlic Pasta Bake Sauce 500g,TRUE,2683855,452061
3407,Leggo's Creamy Tomato & Mozzarella Pasta Bake Sauce 500g,TRUE,2683844,452050
3408,Leggo's Gourmet Pasta Sauce Tomato & Pepperjack Barossa Shiraz 390g,TRUE,6365308,317353
3409,Leggo's Mushroom Bolognese With Chunky Tomato & Herbs Pasta Sauce 500g,TRUE,2683935,451926
3410,Leggo's Napoletana With Chunky Tomato & Herbs Pasta Sauce 500g,TRUE,2683899,450822
3411,Leggo's Organic Tomato & Basil Pasta Sauce No Added Sugar 500g,TRUE,3946665,148877
3412,Leggo's Passata Sauce With Italian Herbs 700g,TRUE,5275072,250962
3413,Leggo's Pizza Sauce Double Concentrate Garlic Onion & Herbs Squeeze 400g,TRUE,5699443,259593
3414,Leggo's Pizza Sauce Double Concentrate Garlic Onion & Herbs Tub 140 X 2 Pack,TRUE,5231690,98571
3415,Leggo's Red Wine Bolognese With Chunky Tomato & Herbs Pasta Sauce 500g,TRUE,2683946,451922
3416,Leggo's Roasted Garlic Chunky Tomato & Onion Pasta Sauce 500g,TRUE,2683902,451923
3417,Leggo's Rustic Passata Thick & Chunky Sauce 700g,TRUE,3637682,856815
3418,Leggo's Sandwich Pickles Sweet Mustard Spreadable 250g,TRUE,127307,36957
3419,Leggo's Smooth Tomato Puree 410g,TRUE,126235,86610
3420,Leggo's Stir Through Sauce Roasted Vegetables 350g,TRUE,7311982,30515
3421,Leggo's Stir Through Sundried Tomato & Roasted Garlic Sauce 350g,TRUE,7311916,30644
3422,Leggo's Stir Through Tomato Garlic & Caramelised Onion Sauce 350g,TRUE,8918372,957033
3423,Leggo's Sundried Tomato Pesto 190g,TRUE,5558689,94376
3424,Leggo's Tomato Paste Triple Concentrate 500g,TRUE,200156,38640
3425,Leggo's Tomato Paste Triple Concentrate No Added Salt 140g X 2 Pack,TRUE,5166179,22078
3426,Leggo's Tomato Paste Triple Concentrate No Added Salt 50g X 4 Pack,TRUE,4300786,115013
3427,Leggo's Tomato Paste Triple Concentrate Tub 140g X 2 Pack,TRUE,25180,91990
3428,Leggo's Tuna Bake Pasta Sauce 500g,TRUE,2683833,452031
3429,Lemnos Cheese Fetta 2 Pack,TRUE,1464346,485598
3430,Lemnos Organic Haloumi Cheese 180g,TRUE,4998880,287053
3431,Lemnos Smooth Fetta Cheese 200g,TRUE,9728565,211134
3432,Lemnos Smooth Fetta Reduced Fat 200g,TRUE,6823355,741717
3433,Lemnos Traditional Fetta 180g,TRUE,8857482,162581
3434,Lemon Fresh Each,TRUE,5318302,259514
3435,Lemsip Max Cold & Flu Hot Drink With Paracetamol Lemon Sachets 10 Pack,TRUE,8918204,147452
3436,Lian Pho Ga Vietnamese Style Instant Rice Noodles 70g,TRUE,3581191,84326
3437,Libra 2 In 1 Liners Double 25 Pack,TRUE,5058959,309798
3438,Libra Extra Goodnights Long & Wide Pads 6 Pack,TRUE,3760281,103018
3439,Libra Extra Large Hipster Brief Period Proof Anti Odour,TRUE,4186024,190811
3440,Libra Extra Sanitary Pads Regular 14 Pack,TRUE,2686004,479941
3441,Libra Girl Good Night Pads With Wings 10 Pack,TRUE,3301546,723988
3442,Libra Girl Ultra Thins Pads Wings Regular 12 Pack,TRUE,8146305,40338
3443,Libra Goodnights Pads 10 Pack,TRUE,5531401,30721
3444,Libra Goodnights Pads Ultra Thin Wings 10 Pack,TRUE,8536853,116837
3445,Libra Invisible Super Pads With Wings 12 Pack,TRUE,6811505,5588
3446,Libra Maternity Pads Aloe Vera With Wings 10 Pack,TRUE,6685987,312064
3447,Libra Pads Extra Wings Regular 14 Pack,TRUE,6811491,14766
3448,Libra Pads Wings Super 12 Pack,TRUE,6811480,14825
3449,Libra Pro Skin Liners Dry Long 30 Pack,TRUE,5059146,226535
3450,Libra Pro Skin Liners Extra Protect 30 Pack,TRUE,5059124,226537
3451,Libra Pro Skin Liners Extra Protect 50 Pack,TRUE,5059135,230708
3452,Libra Tampons Girl Regular 16 Pack,TRUE,3512064,11792
3453,Libra Tampons Regular 16 Pack,TRUE,459533,33186
3454,Libra Tampons Regular 32 Pack,TRUE,459544,37427
3455,Libra Tampons Super 16 Pack,TRUE,459555,33174
3456,Libra Tampons Super 32 Pack,TRUE,459566,33350
3457,Libra Ultra Thins Pads Wings Regular 14 Pack,TRUE,6811527,22033
3458,Libra Ultra Thins Sanitary Pads Goodnights With Wings 20 Pack,TRUE,9622021,466098
3459,Libra Ultra Thins Sanitary Pads Thin Regular 14 Pack,TRUE,2686026,479940
3460,Liddells Full Cream Long Life Milk Lactose Free 1l,TRUE,6706012,32063
3461,Liddells Lactose Free Colby Cheese Slices 250g,TRUE,3241626,776469
3462,Liddells Lactose Free Cream Cheese 250g,TRUE,1828395,799693
3463,Liddells Lactose Free Probiotic Yoghurt Mango 700g,TRUE,4339511,167097
3464,Liddells Lactose Free Probiotic Yoghurt Vanilla Bean 700g,TRUE,4339533,167407
3465,Liddells Lactose Free Yoghurt Plain 140g X 4 Pack,TRUE,1200107,756114
3466,Liddells Lactose Free Yoghurt Strawberry 140g X 4 Pack,TRUE,1200118,756110
3467,Liddells Low Fat Long Life Milk Lactose Free 1l,TRUE,7199055,30475
3468,Liddells Tasty Cheese Slices 250g,TRUE,3843298,97557
3469,Lifesavers Blackcurrant Pastilles 180g,TRUE,4952164,202636
3470,Lifesavers Duos Two-headed Snakes Share Bag,TRUE,5556617,233862
3471,Lifesavers Fruit Pastilles 180g,TRUE,5319429,202814
3472,Lifesavers Musk & Raspberry Jellies Milk Chocolate Block,TRUE,5856552,256600
3473,Life-space Broad Spectrum Probiotic 40 Pack,TRUE,3449456,86556
3474,Life-space Broad Spectrum Probiotic Capsules 90 Pack,TRUE,6532240,309639
3475,Life-space Double Strength Probiotic Capsules 20 Pack,TRUE,3449944,140967
3476,Life-space Probiotic For 60+ Years 40 Pack,TRUE,3449977,87398
3477,Life-space Probiotic Powder For Baby 40g,TRUE,3449875,140511
3478,Life-space Probiotic Powder For Children 40g,TRUE,3449922,140218
3479,Life-space Triple Strength Probiotic Capsules 20 Pack,TRUE,5325603,244827
3480,Life-space Urogen Probiotic For Women Capsules 40 Pack,TRUE,3758202,139040
3481,Life-space Women's Microflora Probiotic Hard Capsules 40 Pack,TRUE,5325589,309696
3482,Lifestyles Condoms Regular 10 Pack,TRUE,3434299,822939
3483,Lifestyles Condoms Regular 20 Pack,TRUE,3434460,829567
3484,Lifestyles Condoms Ultra Thin 10 Pack,TRUE,6138850,829607
3485,Lifestyles Condoms Ultra Thin 20 Pack,TRUE,3434437,823072
3486,Lifestyles Luxe Lubricants 100ml,TRUE,9133230,769158
3487,Lifestyles Silky Smooth Water Based Lubricant 100g,TRUE,7068170,65901
3488,Lifestyles Zero Uber Thin Condoms 10 Pack,TRUE,3163963,681293
3489,Lifestyles Zero Uber Thin Condoms 20 Pack,TRUE,9932765,681072
3490,Lighthouse Biscuit Pastry & Cake Plain Flour 1kg,TRUE,5895893,262660
3491,Lighthouse Bread And Pizza Plain Flour 1kg,TRUE,5895930,262665
3492,"Lighthouse Plain Flour For Pasta Tipo ""00"" 1kg",TRUE,5895918,262664
3493,Lighthouse Yeast Bread Improver 10x7g,TRUE,3767768,673516
3494,Lime Fresh Each,TRUE,197594,245902
3495,Lindt Caramel Squares Milk Chocolate Bag,TRUE,3937405,132862
3496,Lindt Easter Selection Box Milk Chocolate Easter Egg 250g,TRUE,6088194,202889
3497,Lindt Excellence 90% Cocoa Dark Chocolate Block 100g,TRUE,1735589,789154
3498,Lindt Excellence Dark Chocolate 70% Cocoa Block 100g,TRUE,7152550,19731
3499,Lindt Excellence Dark Chocolate 70% Smooth Blend Cocoa Block 100g,TRUE,2652159,429457
3500,Lindt Excellence Dark Chocolate 85% Cocoa Block 100g,TRUE,9524521,201687
3501,Lindt Excellence Dark Chocolate Orange Intense 100g Block,TRUE,8483236,217002
3502,Lindt Excellence Extra Creamy Milk Chocolate Block 100g,TRUE,7152448,19752
3503,Lindt Excellence Mint Intense Dark Chocolate Block 100g,TRUE,5460267,255080
3504,Lindt Excellence Roasted Almond Dark Chocolate Block 100g,TRUE,6922073,324314
3505,Lindt Excellence Sea Salt Caramel Dark Chocolate Block 100g,TRUE,2024495,797737
3506,Lindt Excellence Sea Salt Dark Chocolate Block 100g,TRUE,7581841,346722
3507,Lindt Fruit Sensation Dark Chocolate Berry & Acai Bag 150g,TRUE,3185933,674261
3508,Lindt Fruit Sensation Dark Chocolate Raspberry & Cranberry Bag 150g,TRUE,3185900,674239
3509,Lindt Hot Chocolate Flakes Milk 210g,TRUE,6934039,305554
3510,Lindt Lindor 70% Cocoa Dark Chocolate Bag 123g,TRUE,2649584,676647
3511,Lindt Lindor Assorted Chocolate Bag 125g,TRUE,5147414,249702
3512,Lindt Lindor Dark Assorted Chocolate Box 327g,TRUE,3851547,108435
3513,Lindt Lindor Milk Chocolate Bag 125g,TRUE,5147403,249701
3514,Lindt Lindor Milk Chocolate Block 100g,TRUE,5379952,20747
3515,Lindt Lindor Milk Chocolate Box 333g,TRUE,3856551,114682
3516,Lindt Lindor Strawberries & Cream White Chocolate Bag 125g,TRUE,1823573,781954
3517,Lindt No Sugar Added Dark Chocolate Block 100g,TRUE,6338848,680448
3518,Lindt No Sugar Added Milk Chocolate Block 100g,TRUE,6338837,680447
3519,Lindt Pralines Master Collection Chocolate Box 184g,TRUE,3937427,132864
3520,Lion Classic Scone Mix 535g,TRUE,7384986,381389
3521,Lion Tapioca Pearls 375g,TRUE,4818252,33185
3522,Lipton Chai Latte Spiced 16 Pack,TRUE,3986692,159672
3523,Lipton English Breakfast Tea Bags 100 Pack,TRUE,3081315,159370
3524,Lipton Ice Tea Lemon Tea Iced Tea Bottle Lemon 1.5l,TRUE,6344294,305223
3525,Lipton Ice Tea Lemon Tea Iced Tea Bottle Lemon 500ml,TRUE,9446337,201688
3526,Lipton Ice Tea Lipton Sugar Free Ice Tea Lemon Iced Tea Bottle 1.5l,TRUE,5171521,221228
3527,Lipton Ice Tea Mango Tea Iced Tea Bottle Mango 1.5l,TRUE,6344487,317793
3528,Lipton Ice Tea No Sugar Peach Tea Iced Tea Bottle 1.5l,TRUE,5171601,221667
3529,Lipton Ice Tea No Sugar Peach Tea Iced Tea Bottle 500ml,TRUE,5171317,221029
3530,Lipton Ice Tea Peach Tea Iced Tea Bottle Ice Tea 500ml,TRUE,9446315,201689
3531,Lipton Ice Tea Peach Tea Iced Tea Bottle Peach 1.5l,TRUE,6344308,305224
3532,Lipton Ice Tea Raspberry Tea Iced Tea Bottle Raspberry 1.5l,TRUE,7386664,341058
3533,Lipton Iced Tea Lemon 20 Pack,TRUE,5011740,116550
3534,Lipton Quality Black Leaf Tea Intense 100 Pack,TRUE,4678029,228523
3535,Lipton Quality Black Tea Bags 100 Pack,TRUE,116989,587911
3536,Listerine Bright White Multi Action Whitening Mouthwash 500ml,TRUE,3128690,647837
3537,Listerine Freshburst Antibacterial Mouthwash 1l,TRUE,7945314,1263
3538,Listerine Freshburst Antibacterial Mouthwash 250ml,TRUE,5011106,27457
3539,Listerine Freshburst Antibacterial Mouthwash 500ml,TRUE,7945303,24761
3540,Listerine Freshburst Zero Alcohol Antibacterial Mouthwash 1l,TRUE,4849697,196934
3541,Listerine Freshburst Zero Alcohol Antibacterial Mouthwash 500ml,TRUE,4850062,197250
3542,Listerine Original Antibacterial Mouthwash 1l,TRUE,5240351,20523
3543,Listerine Pocketpaks Oral Care Strips Freshburst 72 Pack,TRUE,9581514,197354
3544,Listerine Smart Rinse Anti Cavity Kids' Mouthwash Berry Shield 500ml,TRUE,1707200,302987
3545,Listerine Total Care Antibacterial Mouthwash 1l,TRUE,6874120,321881
3546,Listerine Total Care Zero Alcohol Antibacterial Mouthwash 500ml,TRUE,2869285,569369
3547,Listerine Zero Alcohol Antibacterial Mouthwash 500ml,TRUE,8150277,376505
3548,Listerine Zero Alcohol Antibacterial Mouthwash Citrus Fruits 500ml,TRUE,4849686,198176
3549,Little Eyes Gentle Cleansing Wipes 30 Pack,TRUE,7105506,276734
3550,Living Planet Uht Goats Milk 1l,TRUE,9972158,721421
3551,Lo Bros Kombucha Passionfruit 750ml,TRUE,3394988,859536
3552,Lo Bros Kombucha Pineapple & Lime 750ml,TRUE,3210000,175503
3553,Lo Bros Kombucha Soda Cola,TRUE,3836689,99506
3554,Lo Bros Pineapple & Lime Kombucha 330ml,TRUE,4474390,175459
3555,Lo Bros Raspberry & Blackcurrent Kombucha 330ml,TRUE,5786093,230330
3556,Loacker Quadratini Wafers Napolitaner 125g,TRUE,9732289,211293
3557,Loacker Quadratini Wafers Vanilla 125g,TRUE,4285140,211296
3558,Loacker Wafers Original Hazelnut Tortina 126g,TRUE,7220923,261943
3559,Loacker Wafers Pasticceria Noisette 100g,TRUE,5019935,214435
3560,Local Legends Beef Jerky Original 55g,TRUE,3434903,826696
3561,Local Legends Biltong Chilli 45g,TRUE,3434889,54972
3562,Local Legends Premium Angus Steak Strips,TRUE,5998331,267001
3563,Local Legends Zero Sugar Steak Strip,TRUE,5350509,201469
3564,Lo-fo Pantry Low Fodmap Plain Flour 1kg,TRUE,3236262,674629
3565,Lolly Gobble Popcorn Bag Caramel Nut 175g,TRUE,3951949,225188
3566,L'or Espresso Breakfast Collection Coffee Capsules 40 Pack,TRUE,8057588,306341
3567,L'or Espresso Caramel Capsules 10 Pack,TRUE,4823693,213070
3568,L'or Espresso Colombia Andes Intensity 08 Coffee Capsules 40 Pack,TRUE,8057577,160221
3569,L'or Espresso Colombia Intensity 8 Coffee Capsules 10 Pack,TRUE,2951091,604174
3570,L'or Espresso Decaf Ristretto Intensity 9 Coffee Capsules 10 Pack,TRUE,3193396,687774
3571,L'or Espresso Intense Collection Variety Coffee Capsules 40 Pack,TRUE,6314103,159369
3572,L'or Espresso Lungo Estremo Intensity 10 Coffee Capsules 10 Pack,TRUE,3193217,687775
3573,L'or Espresso Lungo Profondo Intensity 8 Coffee Capsules 10 Pack,TRUE,2951047,604171
3574,L'or Espresso Onyx Intensity 12 Coffee Capsules 10 Pack,TRUE,2951058,603805
3575,L'or Espresso Onyx Intensity 12 Coffee Capsules 40 Pack,TRUE,4501267,90979
3576,L'or Espresso Ristretto Coffee Capsule 10 Pack,TRUE,2959286,603799
3577,L'or Espresso Ristretto Coffee Capsules 40 Pack,TRUE,3755179,6232
3578,L'or Espresso Supremo Intensity 10 Coffee Capsules 10 Pack,TRUE,2951069,603806
3579,L'or Espresso Supremo Intensity 10 Coffee Capsules 40 Pack,TRUE,4823660,160752
3580,L'or Espresso Ultimo Intensity 13 Coffee Capsules 10 Pack,TRUE,3755340,92329
3581,L'or Espresso Vanilla Capsules 10 Pack,TRUE,4823682,214141
3582,L'oreal Age Perfect Face Cream At Night 50ml,TRUE,2792599,187658
3583,L'oreal De Age Perfect Cleansing Milk Cleansing Milk 200ml,TRUE,3532800,312358
3584,L'oreal Elvive Colour Protecting Conditioner 300ml,TRUE,3979813,138023
3585,L'oreal Elvive Colour Protecting Shampoo 300ml,TRUE,3979766,138022
3586,L'oreal Elvive Dream Lengths Frizz Killer Serum Each,TRUE,4958987,203371
3587,L'oreal Elvive Dream Lengths Restoring Shampoo 300ml,TRUE,3979744,138026
3588,L'oreal Elvive Dream Lengths Restoring Shampoo 700ml,TRUE,4958900,202656
3589,L'oreal Elvive Hyaluron Plump Mositure Sealing Conditioner 300ml,TRUE,4959040,197824
3590,L'oreal Elvive Total Repair Shampoo 300ml,TRUE,3979788,138010
3591,L'oreal Excellence Cool Crème 4.11 Ultra Ash Brown Hair Colour Each,TRUE,5266275,209153
3592,L'oreal Excellence Cool Crème Hair Ash Dark Brown Hair Colour Each,TRUE,5266231,209345
3593,L'oreal Excellence Cool Crème Hair Colour Ultra Ash Dark Blonde Each,TRUE,5266311,206071
3594,L'oreal Excellence Cool Crème Hair Colour Ultra Ash Light Blonde Each,TRUE,5266242,207251
3595,L'oreal Excellence Cool Crème Hair Ultra Ash Blonde Hair Colour Each,TRUE,5266286,207975
3596,L'oreal Excellence Cool Crème Hair Ultra Light Brown Hair Colour Each,TRUE,5266300,208393
3597,L'oreal Excellence Creme Hair Colour 2 Black Brown Each,TRUE,3616616,61187
3598,L'oreal Excellence Creme Hair Colour 3 Darkest Brown Each,TRUE,3616649,56865
3599,L'oreal Excellence Creme Hair Colour 4.15 Dark Frosted Brown Each,TRUE,3616660,61209
3600,L'oreal Excellence Creme Hair Colour 6.3 Light Golden Brown Each,TRUE,3615475,61160
3601,L'oreal Excellence Creme Hair Colour 7 Dark Blonde Each,TRUE,3615511,61166
3602,L'oreal Excellence Creme Hair Colour 7.1 Dark Ash Blonde Each,TRUE,3615522,57093
3603,L'oreal Excellence Creme Hair Colour 7.3 Dark Golden Blonde Each,TRUE,3615533,61167
3604,L'oreal Excellence Creme Hair Colour 8 Blonde Each,TRUE,3615555,61168
3605,L'oreal Excellence Creme Hair Colour 8.3 Golden Blonde Each,TRUE,3615577,61170
3606,L'oreal Excellence Creme Hair Colour 9.1 Light Ash Blonde Each,TRUE,3615679,61186
3607,L'oreal Hair Spray Elnett Supreme Volume Hold 400ml,TRUE,8143760,378909
3608,L'oreal Magic Retouch Precision Brush 3 Brown Each,TRUE,3616773,52870
3609,L'oreal Magic Retouch Red 75ml,TRUE,2900909,620654
3610,L'oreal Men Expert Barber Club 3-in-1 Wash 200ml,TRUE,3365684,687688
3611,L'oreal Men Expert Carbon Shower Gel Total Action,TRUE,3049356,687981
3612,L'oreal Men Expert Hydra Energetic 24 Hour Moisturiser 50ml,TRUE,4669028,230026
3613,L'oreal Men Expert Hydra Energetic Deep Exfoliating Face Scrub 100ml,TRUE,3583856,57663
3614,L'oreal Men Expert Hydra Energetic Face Wash 100ml,TRUE,3583925,57665
3615,L'oreal Men Expert Pure Charcoal Scrub 100ml,TRUE,3583834,53351
3616,L'oreal Men Expert Pure Charcoal Wash 100ml,TRUE,3583652,53385
3617,L'oreal Paris Casting Creme Gloss 300 Darkest Brown Each,TRUE,5836840,260439
3618,L'oreal Paris Casting Creme Gloss 316 Plum Each,TRUE,5836839,260434
3619,L'oreal Paris Casting Creme Gloss 323 Dark Chocolate Each,TRUE,6883299,327329
3620,L'oreal Paris Casting Creme Gloss 400 Dark Brown Each,TRUE,5836817,260432
3621,L'oreal Paris Casting Creme Gloss 415 Iced Chocolate Each,TRUE,6425727,260435
3622,L'oreal Paris Casting Creme Gloss 550 Mahogany Each,TRUE,5836920,260429
3623,L'oreal Paris Casting Creme Gloss 700 Dark Blonde Each,TRUE,5836828,260430
3624,L'oreal Paris Elvive Colour-protect Conditioner Coloured Hair 700ml,TRUE,4958863,197832
3625,L'oreal Paris Elvive Colour-protect Shampoo Coloured Or Highlighted Hair 700ml,TRUE,4958954,197831
3626,L'oreal Paris Elvive Dream Lengths Super Detangling Conditioner 700ml,TRUE,4958896,202644
3627,L'oreal Paris Elvive Extraordinary Coconut Oil 100ml,TRUE,3156120,682749
3628,L'oreal Paris Elvive Extraordinary Oil Conditioner 700ml,TRUE,4958874,197834
3629,L'oreal Paris Elvive Extraordinary Oil Nourishing Shampoo Dry Hair 700ml,TRUE,4958965,197833
3630,L'oreal Paris Face Cream Cell Renewal Night Cream 30ml,TRUE,3702718,764348
3631,L'oreal Paris Golden Age Day Cream Rosy 50ml,TRUE,2792635,506517
3632,L'oreal Paris Hyaluron Plump 72h Moisture Wrapping Mask 300ml,TRUE,4959017,197825
3633,L'oreal Paris Hyaluron Plump Spray 2% Moisture Plump Serum 150ml,TRUE,4959028,200168
3634,L'oreal Paris Magic Retouch Hair Colour 1 Black Each,TRUE,2677874,452051
3635,L'oreal Paris Magic Retouch Hair Colour 2 Dark Brown Each,TRUE,2677896,452064
3636,L'oreal Paris Magic Retouch Hair Colour 3 Brown Each,TRUE,2677900,452053
3637,L'oreal Paris Magic Retouch Hair Colour 4 Light Brown Each,TRUE,2677921,452081
3638,L'oreal Paris Magic Retouch Hair Colour 5 Blonde Each,TRUE,2677943,452087
3639,L'oreal Paris Magic Retouch Permanent Hair Colour 2 Soft Black Each,TRUE,7014207,265759
3640,L'oreal Paris Magic Retouch Permanent Hair Colour 3 Darkest Brown Each,TRUE,7016202,265760
3641,L'oreal Paris Magic Retouch Permanent Hair Colour 4 Dark Brown Each,TRUE,7016280,265762
3642,L'oreal Paris Magic Retouch Permanent Hair Colour 5 Brown Each,TRUE,7016392,265763
3643,L'oreal Paris Men Expert Erase Wrinkle Moisturiser 50ml,TRUE,4668852,230034
3644,L'oreal Paris Men Expert Magnesium Defence Hypoallergenic Shower Gel 300ml,TRUE,5485530,198325
3645,L'oreal Paris Preference 4.15 Rome Deep Brown Each,TRUE,6679452,313710
3646,L'oreal Paris Preference Hair Colour 11.21 Very Very Light Cool Each,TRUE,2020235,447461
3647,L'oreal Paris Preference Hair Colour 3.12 St Honore Each,TRUE,2677863,447480
3648,L'oreal Paris Preference Permanent Hair Colour Rose Gold Each,TRUE,5266140,203818
3649,L'oreal Paris Preference Ultra Vibrant Hair Colour Bright Red Each,TRUE,5266195,197822
3650,L'oreal Paris Preference Vivids Hair Colour Blue Black Each,TRUE,5266184,197761
3651,L'oreal Paris Preference Vivids Hair Colour Cherry Red Each,TRUE,5266093,197759
3652,L'oreal Paris Preference Vivids Hair Colour Dark Purple Each,TRUE,5266082,197758
3653,L'oreal Paris Revitalift Facial Serum 30ml,TRUE,3239500,503238
3654,L'oreal Paris Revitalift Filler Serum 30ml,TRUE,3728744,73225
3655,L'oreal Paris Revitalift Rich Night Cream 50ml,TRUE,5940499,188347
3656,L'oreal Paris Wrinkle Expert Night Night 50ml,TRUE,3438370,820320
3657,L'oreal Preference Ultra Vibrant Magentic Plum Hair Colour Each,TRUE,5266071,197757
3658,L'oreal Revitalift Face Cream Laser Day Cream 50ml,TRUE,4867666,749763
3659,L'oreal Revitalift Face Cream X3 Night 50ml,TRUE,1982260,779446
3660,L'oreal Revitalift Filler Day Cream 50ml,TRUE,2428541,892592
3661,L'oreal Revitalift Filler Deep Replumping Anti-ageing Cream 50ml,TRUE,4348680,165493
3662,L'oreal Revitalift Filler Night Cream 50ml,TRUE,3239486,481538
3663,L'oreal Revitalift Re-plumping Gel Face Wash 150ml,TRUE,4329450,138889
3664,Lotus Biscoff Biscuit 8 Pack,TRUE,1405700,617552
3665,Lotus Biscoff Spread 400g,TRUE,3577219,670114
3666,Lotus Biscoff Spread Crunchy 380g,TRUE,3577220,58497
3667,Lotus Peak Bubble Tea Brown Sugar 490ml,TRUE,4212292,189293
3668,Lotus Peak Bubble Tea Taro Can 490ml,TRUE,5011638,189294
3669,Lotus Peak Popping Bubble Tea Mango & Red Dragon Fruit 490ml,TRUE,5011650,230210
3670,Lotus Peak White Tea Bags 25 Pack 50g,TRUE,4760990,228519
3671,Lovatts Big Crosswords Magazine Each,TRUE,637370,156246
3672,Lowan Cocoa Bombs 300g,TRUE,7547606,272574
3673,Lowan Yeast Dried Instant 280g,TRUE,9442391,184917
3674,Lucas' Papaw Lip Care Ointment 25g,TRUE,7241537,343488
3675,Lurpak Butter Lighter Spreadable Slightly Salted 250g,TRUE,7175363,281853
3676,Lurpak Butter Spreadable Slightly Salted 250g,TRUE,5393910,223865
3677,Lurpak Butter Spreadable Slightly Salted 400g,TRUE,5376659,87702
3678,Luv-a-duck Peking Duck Breasts 360g,TRUE,2957859,517468
3679,Lux Body Wash Evenly Gorgeous 400ml,TRUE,1878950,786192
3680,Lux Fragranced Body Wash Magical Spell 400ml,TRUE,1878961,786160
3681,Lux Moisturising Body Wash Pink Petal Touch 400ml,TRUE,1878972,786193
3682,Lynx Antiperspirant Aerosol Africa The G.o.a.t. Of Fragrance 165ml,TRUE,3722453,78762
3683,Lynx Antiperspirant Aerosol Black 165 Ml,TRUE,3722420,78760
3684,Lynx Antiperspirant Deodorant For Men Grapefruit & Pineapple 165ml,TRUE,5300205,223234
3685,Lynx Australia Antiperspirant Aerosol Deodorant 165ml,TRUE,3722318,94163
3686,Lynx Black Bodywash For Men Shower Gel 400ml,TRUE,2225249,826969
3687,Lynx Collision Leather + Cookies Antiperspirant Aerosol 165ml,TRUE,3728256,78761
3688,Lynx Collision Leather + Cookies Deodorant Aerosol Bodyspray 165ml,TRUE,3728223,78763
3689,Lynx Deodorant Body Spray Africa 48h 165ml,TRUE,3722089,78757
3690,Lynx Deodorant Body Spray Anarchy For Her 48h 165ml,TRUE,3722136,78739
3691,Lynx Deodorant Body Spray Australia 48h 165ml,TRUE,3722012,82602
3692,Lynx Deodorant Body Spray Black 48h 165ml,TRUE,3722191,78754
3693,Lynx Deodorant Body Spray Black Night 48h 165ml,TRUE,3722103,78756
3694,Lynx Deodorant Body Spray Dark Temptation 48h 165ml,TRUE,3722205,78738
3695,Lynx Deodorant Body Spray Epic Fresh 48h 165ml,TRUE,5300180,198841
3696,Lynx Deodorant Body Spray Voodoo 48h 165ml,TRUE,3722078,94162
3697,Lynx For Men Body Wash & Shower Gel Ice Chill 400ml,TRUE,3363260,819638
3698,Lynx Men Antiperspirant Roll On Africa 50ml,TRUE,9467520,186989
3699,Lynx Premium Body Spray Black Vanilla 150ml,TRUE,8083486,905287
3700,Lynx Premium Body Spray Blue Lavender 150ml,TRUE,8083464,905086
3701,M&m's Crispy Milk Chococolate Speckled Easter Egg 130g,TRUE,3953208,399693
3702,M&m's Crispy Milk Chocolate Snack & Share Bag 145g,TRUE,8530198,460574
3703,M&m's Milk Chocolate Snack & Share Bag 180g,TRUE,5258936,460247
3704,M&m's Minis Chocolate Snack & Share Bag 145g,TRUE,9773038,460813
3705,M&m's Minis Milk Chocolate Treat Tube 35g,TRUE,4503874,579
3706,M&m's Peanut Milk Chococolate Speckled Easter Egg 150g,TRUE,5766449,253366
3707,M&m's Peanut Milk Chocolate Snack & Share Bag 180g,TRUE,5258947,460570
3708,Ma Ling Pork Luncheon Meat 397g,TRUE,1383131,275080
3709,Macleans Multi Action Whitening Toothpaste 170g,TRUE,2620742,801112
3710,Macleans Toothpaste Multi Action Whitening Fluoride Toothpaste 170g,TRUE,4499530,801235
3711,Macro Onion Spring Organic Each,TRUE,5011831,122674
3712,Madame Flavour Green Jasmine & Pear Tea Pods 18 Pack,TRUE,7488653,308449
3713,Made With Plants Meat Free Deli Style Pepperoni 100g,TRUE,8068019,215493
3714,Madura Black Leaf Tea Organic 150g,TRUE,2236041,427884
3715,Madura Earl Grey Tea Bags 50 Pack 100g,TRUE,5483932,65701
3716,Madura English Breakfast Tea Bags 50 Pack 100g,TRUE,5483943,65702
3717,Madura Green Leaf Tea Organic 150g,TRUE,2236030,427885
3718,Madura Green Tea Bags 50 Pack 75g,TRUE,5195712,30321
3719,Madura Premium Blend Tea 200g,TRUE,4705573,228520
3720,Madura Premium Blend Tea Bags 100 Pack 200g,TRUE,6059243,55696
3721,Mae Ploy Sauce Sweet Chilli 280ml,TRUE,5305093,57326
3722,Maggi 2 Minute Beef Flavour Instant Noodles 5 Pack,TRUE,5366983,343896
3723,Maggi 2 Minute Chicken Flavour Instant Noodles 12 Pack,TRUE,1616626,343892
3724,Maggi 2 Minute Chicken Flavour Instant Noodles 5 Pack,TRUE,5366972,343890
3725,Maggi 2 Minute Wholegrain Beef Flavour Instant Noodles 5 Pack,TRUE,2453141,791680
3726,Maggi Air Fryer Crispy Japanese Style Seasoning,TRUE,5242357,231600
3727,Maggi Air Fryer Crunchy Southern Style Seasoning,TRUE,5242346,231601
3728,Maggi Air Fryer Herbed French Style Roast Seasoning,TRUE,5242222,232534
3729,Maggi Beef Flavour Cup Instant Noodles 58g,TRUE,8109273,224906
3730,Maggi Bowl Meals Asian Style Teriyaki Bowl 150g,TRUE,6351391,283826
3731,Maggi Bowl Meals Mexican Style Burrito Bowl,TRUE,6309679,283834
3732,Maggi Bowl Meals Smoky Bbq Bowl 150g,TRUE,6351438,282622
3733,Maggi Chicken Flavour Cup Instant Noodles,TRUE,8100950,246590
3734,Maggi Chicken Flavour Cup Instant Noodles 60g,TRUE,8109284,224905
3735,Maggi Dry Recipe Bases Beef Goulash Recipe Base 33g,TRUE,2715102,446483
3736,Maggi Dry Recipe Bases Beef Stroganoff 41g,TRUE,2724170,446453
3737,Maggi Dry Recipe Bases Chicken Chasseur 35g,TRUE,2715077,446477
3738,Maggi Dry Recipe Bases Devilled Sausages 37g,TRUE,5549702,446476
3739,Maggi Dry Recipe Bases Lamb Ragout Recipe Base 37g,TRUE,4307661,448580
3740,Maggi Dry Recipe Bases Satay Chicken 43g,TRUE,2715099,446455
3741,Maggi Fusian Instant Noodles Japanese Teriyaki Flavour Cup 62g,TRUE,3915457,53301
3742,Maggi Fusian Thai Tom Yum Flavour Instant Noodles 5 Pack,TRUE,3992899,84956
3743,Maggi Masala Noodles 8 Pack,TRUE,3336187,742654
3744,Maggi Oyster Sauce 275ml,TRUE,5196996,280340
3745,Maggi Side Dishes Cheesy Cauliflower Bake 30g,TRUE,2978961,579716
3746,Maggi Stir Fry Asian Style Teriyaki Sesame Flavour 150g,TRUE,1155181,748338
3747,Maggie Beer Chunky Mushroom Finishing Sauce 170g,TRUE,6339454,171110
3748,Maggie Beer Duck & Green Peppercorn Pate 110g,TRUE,7161675,317728
3749,Maggie Beer Duck & Orange Pate 110g,TRUE,7046327,317843
3750,Maggie Beer Fig & Walnut Paste 100g,TRUE,4959334,629974
3751,Maggie Beer Natural Free Range Chicken Bone Broth 500ml,TRUE,5154668,170894
3752,Maggie Beer Pheasant Farm Pate 110g,TRUE,7046123,317882
3753,Maggie Beer Quince Paste 100g,TRUE,8133052,96722
3754,Maggie Beer Red Wine Finishing Sauce 170g,TRUE,6339421,279848
3755,Maggie Beer Rich & Thick Gravy Finishing Sauce 170g,TRUE,8014053,170141
3756,Maggie Beer Truffle Triple Cream Brie 200g,TRUE,4959301,95422
3757,Maggie Beer Vintage Club Cheddar Aged 12+ Months 150g,TRUE,5652767,237510
3758,Magic Stain Remover 250ml,TRUE,6266394,802803
3759,Magnum Almond Frozen Dessert Sticks 4 Pack,TRUE,5483047,485189
3760,Magnum Classic Frozen Dessert Sticks 4 Pack,TRUE,6893736,485660
3761,Magnum Dairy Free Frozen Dessert Sticks Almond 90ml X 3 Pack,TRUE,3399358,819289
3762,Magnum Dairy Free Frozen Dessert Sticks Classic 90ml X 3 Pack,TRUE,3399347,819294
3763,Magnum Honeycomb Crunch Frozen Dessert Sticks 4 Pack,TRUE,1467210,485663
3764,Magnum Mini Almond Frozen Dessert Sticks 6 Pack,TRUE,9091672,153673
3765,Magnum Mini Classic Frozen Dessert Sticks 6 Pack,TRUE,9091344,153676
3766,Maharajah's Choice Besan Flour 1kg,TRUE,7210089,431113
3767,Maharajah's Choice Cumin Seed 250g,TRUE,7200020,798354
3768,Maharajah's Choice Garlic Pappadams 100g,TRUE,293340,3925
3769,Maharajah's Choice Ground Cumin Spice 250g,TRUE,7210001,433259
3770,Maharajah's Choice Ingredients Ghee Pure 300ml,TRUE,9743547,223725
3771,Maharajah's Choice Plain Pappadam 100g,TRUE,419448,3927
3772,Maharajah's Choice Rice Flakes 500g,TRUE,7978211,799787
3773,Maharajah's Choice Rice Flour 1kg,TRUE,7129118,437280
3774,Maharajah's Choice Semolina Flour 1kg,TRUE,7978186,431225
3775,Maharajah's Choice Spice Curry Powder 250g,TRUE,7977784,433285
3776,Maille Hollandaise Cream Sauce With Lemon Juice 200ml,TRUE,8951709,142145
3777,Maille Mustard Dijon 215g,TRUE,5201123,5558
3778,Maille Wholegrain Mustard Mild 210g,TRUE,5179807,5556
3779,Mainland Buttersoft Pure Salt Reduced Butter 375g,TRUE,6854745,57222
3780,Mainland Buttersoft Pure Salted Butter 375g,TRUE,6854734,57182
3781,Mainland Creamy Cheese Infused With Aged Cheddar & Crackers 40g,TRUE,6796569,296327
3782,Mainland Extra Tasty Block 500g,TRUE,3308421,807870
3783,Mainland Garlic & Herbs Spread 140g,TRUE,6820379,290261
3784,Mainland Munchables Tasty Cheese & Crackers 4 Pack,TRUE,6577500,302570
3785,Mainland Otg Tasty Artisan Cheese & Crackers 38g,TRUE,3576103,67242
3786,Mainland Tasty Cheese 500g,TRUE,472994,32198
3787,Mainland Vintage Block 400g,TRUE,3274283,807871
3788,Maldon Sea Salt Flakes 240g,TRUE,9762199,77000
3789,Maltesers Dark Chocolate Snack & Share Bag 135g,TRUE,3950731,131758
3790,Maltesers Desserts Tiramisu Chocolate Snack & Share Bag 125g,TRUE,6573928,283481
3791,Maltesers Gold Choc Snack & Share Bag 130g,TRUE,5856315,255306
3792,Maltesers Milk Chocolate Party Gift Box 400g,TRUE,3609268,54407
3793,Maltesers Milk Chocolate Snack & Share Bag 140g,TRUE,5106508,460245
3794,Maltesers Milk Chocolate Snack Party Bag 280g,TRUE,3829592,105115
3795,Mama Chicken Noodle 5 Pack,TRUE,6475587,296609
3796,Mama Cup Noodles Vegetable 70g,TRUE,5049845,303767
3797,Mama Pho Bo Beef Rice Noodle Bowl 65g,TRUE,4755141,750089
3798,Mama Shrimp (tom Yum) Instant Noodles 90g X5 Pack,TRUE,6475598,83291
3799,Mandarin Afourer,TRUE,7174994,314075
3800,Mango R2e2,TRUE,5604356,143168
3801,Manicare Cuticle Scissors Curved Each,TRUE,1758610,566744
3802,Manicare Flat Tweezer Gold Tipped Each,TRUE,2371660,689010
3803,Manicare Precision Tweezers Pink Each,TRUE,1758187,566749
3804,Manicare Slant Tweezer Gold Tipped Each,TRUE,2371739,566745
3805,Manning Valley 12 Extra Large Free Range Eggs 700g,TRUE,5585502,313900
3806,Manning Valley 12 Jumbo Free Range Eggs 800g,TRUE,8796694,363392
3807,Marathon Dim Sims 1.5kg,TRUE,182790,48914
3808,Marathon Puffy Dogs 600g,TRUE,9666800,215516
3809,Marathon Spring Rolls,TRUE,311973,765590
3810,Marbig Clear Plastic Ruler 30cm Each,TRUE,1838570,190845
3811,Marion's Kitchen Classic Japanese Teriyaki,TRUE,3498780,80040
3812,"Marion's Kitchen Honey, Soy & Garlic Marinade & Sauce",TRUE,3498928,242688
3813,Marion's Kitchen Miso & Sesame Vinaigrette Salad Dressing,TRUE,3594003,168022
3814,Marion's Kitchen Sticky Chilli Ginger 240ml,TRUE,3499002,81249
3815,Marion's Kitchen Thai Basil Lime & Coconut Salad Dressing,TRUE,3593893,167555
3816,Mars Choc & Caramel Frozen Dessert Bar 6 Pack,TRUE,9992122,247887
3817,Mars Chocolate Bar With Nougat & Caramel 47g,TRUE,138201,160905
3818,Mars Milk Chocolate Bar Caramel & Nougat 2 Pieces 64g,TRUE,4382587,164728
3819,Mars Milk Chocolate Party Share Bag 12 Pieces 192g,TRUE,4382463,160841
3820,Mars Milk Chocolate Party Share Bag 20 Pieces 320g,TRUE,4382532,160838
3821,Mary Mack's Instant Batter Mix 150g,TRUE,5361764,58798
3822,Marzena Natural Body Wax Strips 40 Pack,TRUE,3823440,102382
3823,Marzena Natural Facial Wax Strips 20 Pack,TRUE,3823494,54938
3824,Maseur Footcare Dry Comfort Latex Insole 1 Pair,TRUE,3809846,344393
3825,Maseur Footcare Foam Latex Insole 1 Pair,TRUE,6448267,204483
3826,Maseur Footcare Heel & Arch Insole Mens Each,TRUE,3809835,55893
3827,Maseur Footcare Heel & Arch Insole Womens Each,TRUE,3809824,55892
3828,Maseur Footcare Weather Guard 125g,TRUE,6597777,148720
3829,Maseur Footcare Work Insoles 1 Pair,TRUE,4322600,716724
3830,Massel 7's Beef Cubes Gluten Free 35g,TRUE,1814142,794812
3831,Massel 7's Chicken Cubes Gluten Free 35g,TRUE,1814153,794766
3832,Massel Gourmet Liquid Stock Chicken 1l,TRUE,6275952,249573
3833,Massel Gourmet Liquid Stock Vegetable 1l,TRUE,4455476,249574
3834,Massel Stock Powder Chicken 168g,TRUE,4298593,186410
3835,Massel Stock Powder Vegetable 168g,TRUE,4298607,186411
3836,Massel Ultra Ultracubes Vegetable 105g,TRUE,98548,21358
3837,Master Lock 20mm Economy Padlock 2 Pack,TRUE,4867702,277051
3838,Master Lock 40mm Economy Long Shackle Padlock,TRUE,4868046,747051
3839,Masterfoods All Purpose Seasoning 65g,TRUE,316150,32857
3840,Masterfoods All Purpose Spicy Seasoning 190g,TRUE,7841807,355475
3841,Masterfoods Aussie Farmers Tomato Sauce,TRUE,9905423,728606
3842,Masterfoods Australian Mustard 175g,TRUE,5434937,32901
3843,Masterfoods Barbecue Sauce 500ml,TRUE,7716441,99696
3844,Masterfoods Barbecue Sauce Reduced Salt & Sugar 475ml,TRUE,8575582,608711
3845,Masterfoods Beef Stroganoff Cooking Sauce 495g,TRUE,1727525,764820
3846,Masterfoods Beef Stroganoff Recipe Base 175g,TRUE,9442620,182271
3847,Masterfoods Butter Chicken Recipe Base 175g,TRUE,1868185,785142
3848,Masterfoods Cafe Style Avocado Smash Spice Blend 30g,TRUE,5119984,235502
3849,Masterfoods Cajun Seasoning 35g,TRUE,5451823,44765
3850,Masterfoods Celery Salt 57g,TRUE,318462,32758
3851,Masterfoods Chicken Alfredo Recipe Base 170g,TRUE,2386248,840616
3852,Masterfoods Chilli Con Carne Recipe Base 170g,TRUE,2386237,840618
3853,Masterfoods Chilli Flakes 18g,TRUE,5448352,44782
3854,Masterfoods Chinese 5 Spice 30g,TRUE,318531,35546
3855,Masterfoods Chinese Beef Stir Fry Recipe Base 175g,TRUE,9271062,172092
3856,Masterfoods Chopped Chives 7g,TRUE,163650,35238
3857,Masterfoods Classic Corn Relish 250g,TRUE,127249,298978
3858,Masterfoods Classic Gherkin Relish 260g,TRUE,127216,298979
3859,Masterfoods Country Beef Casserole Slow Cook Recipe Base 175g,TRUE,4961970,297226
3860,Masterfoods Creamy Chicken & Mushroom Cooking Sauce 490g,TRUE,1731089,764921
3861,Masterfoods Creamy Chicken & Mushroom Recipe Base 175g,TRUE,4307005,169363
3862,Masterfoods Curried Sausages Cooking Sauce 500g,TRUE,2395351,825514
3863,Masterfoods Curried Sausages Recipe Base 175g,TRUE,9482115,186446
3864,Masterfoods Dijon Mustard 170g,TRUE,5434948,49709
3865,Masterfoods Dijonnaise Mustard 250g,TRUE,7127429,1563
3866,Masterfoods Dried Italian Herbs 10g,TRUE,317029,92156
3867,Masterfoods Finely Chopped Chilli 160g,TRUE,6027134,9591
3868,Masterfoods Finely Chopped Ginger 160g,TRUE,6027123,9185
3869,Masterfoods Finely Crushed Garlic 170g,TRUE,6027101,9096
3870,Masterfoods Garlic & Herb Salt Seasoning 62g,TRUE,7237926,50748
3871,Masterfoods Garlic & Truffle Flavour No Rules Sauce 250ml,TRUE,5640892,238277
3872,Masterfoods Garlic Granules 45g,TRUE,6841561,260587
3873,Masterfoods Garlic Herb Seasoning 37g,TRUE,9581660,193069
3874,Masterfoods Garlic Pepper 50g,TRUE,368722,92154
3875,Masterfoods Garlic Powder 155g,TRUE,163719,94489
3876,Masterfoods Ground Cayenne Pepper 30g,TRUE,318655,32510
3877,Masterfoods Ground Coriander 25g,TRUE,318859,32599
3878,Masterfoods Ground Cumin Seeds 25g,TRUE,316332,32649
3879,Masterfoods Ground Paprika 35g,TRUE,318393,32775
3880,Masterfoods Ground Sage Leaves 20g,TRUE,318746,35960
3881,Masterfoods Ground Turmeric 28g,TRUE,316354,33982
3882,Masterfoods Harissa Middle Eastern Spice Blend 37g,TRUE,1391275,371816
3883,Masterfoods Honey Mustard Chicken Cooking Sauce 505g,TRUE,1727489,764856
3884,"Masterfoods Honey, Garlic & Soy Stir Fry Recipe Base 175g",TRUE,8152443,375114
3885,Masterfoods Horseradish Cream 175g,TRUE,128412,32831
3886,Masterfoods Hot Chilli Sauce 250ml,TRUE,8830657,142142
3887,Masterfoods Hot English Mustard 175g,TRUE,5435180,32787
3888,Masterfoods Lamb Casserole Slow Cook Recipe Base 175g,TRUE,6856070,323394
3889,Masterfoods Large All Purpose Seasoning 200g,TRUE,7190913,342450
3890,Masterfoods Large Garlic Salt Seasoning 210g,TRUE,318892,35551
3891,Masterfoods Large Tuscan Seasoning 155g,TRUE,5245752,249549
3892,Masterfoods Lemon Herb & Garlic Seasoning 46g,TRUE,7842220,355479
3893,Masterfoods Lemon Pepper Seasoning 52g,TRUE,163923,35205
3894,Masterfoods Mediterranean Style Chicken Recipe Base 175g,TRUE,6351347,281030
3895,Masterfoods Mexican Chilli Powder 30g,TRUE,318644,36345
3896,Masterfoods Mild American Mustard 250g,TRUE,6874345,36557
3897,Masterfoods Mild American Mustard 550g,TRUE,8833305,141604
3898,Masterfoods Mild English Mustard 175g,TRUE,5435215,32820
3899,Masterfoods Mixed Herb Blend 10g,TRUE,318509,36349
3900,Masterfoods Moroccan Seasoning 160g,TRUE,5245763,249551
3901,Masterfoods Moroccan Seasoning 47g,TRUE,6835933,93114
3902,Masterfoods Moroccan Spice Blend No Added Salt 38g,TRUE,6765328,498718
3903,Masterfoods Nutmeg Ground 30g,TRUE,318371,32506
3904,Masterfoods One Pan Rice Spanish Style Paella 250g,TRUE,5225201,220002
3905,Masterfoods Onion Flakes 100g,TRUE,318881,38077
3906,Masterfoods Onion Powder 40g,TRUE,318633,35389
3907,Masterfoods Oregano Leaves 18g,TRUE,163730,94484
3908,Masterfoods Oregano Leaves 5g,TRUE,163945,35398
3909,Masterfoods Parsley Flakes 4g,TRUE,5341122,59265
3910,Masterfoods Pepper Steak Seasoning 35g,TRUE,6835558,93055
3911,Masterfoods Perfect For Chicken Spice Blend 20g,TRUE,5119907,234786
3912,Masterfoods Perfect For Fish Spice Blend 20g,TRUE,5119930,235503
3913,Masterfoods Perfect For Lamb Spice Blend 20g,TRUE,5119973,235446
3914,Masterfoods Portuguese Chicken Seasoning 50g,TRUE,9756119,210007
3915,Masterfoods Pure Saffron 250mg,TRUE,4289548,170748
3916,Masterfoods Red Wine & Garlic Marinade 375g,TRUE,7076587,72381
3917,Masterfoods Reduced Salt & Sugar Tomato Sauce 475ml,TRUE,5427895,608712
3918,Masterfoods Roast Vegetable Seasoning 38g,TRUE,9755160,209978
3919,Masterfoods Rosemary Leaves 16g,TRUE,318542,35959
3920,Masterfoods Salt Onion 68g,TRUE,318316,32759
3921,Masterfoods Satay Marinade 375g,TRUE,7714297,51632
3922,Masterfoods Savoury Mince Recipe Base 175g,TRUE,2744712,445340
3923,Masterfoods Schnitzel Mix Garlic & Herb,TRUE,3220783,699319
3924,Masterfoods Seafood Cocktail Sauce 260g,TRUE,190926,34435
3925,Masterfoods Seasoning Garlic Steak 50g,TRUE,6837509,92971
3926,Masterfoods Seasoning Spaghetti Bolognese 40g,TRUE,10693,23030
3927,Masterfoods Sesame Seeds 37g,TRUE,316343,35946
3928,Masterfoods Shaker Fries Charcoal Chicken Flavour Seasoning,TRUE,3669237,60864
3929,Masterfoods Side Dish Creamy Cheesy Potato Bake 175g,TRUE,6855985,323397
3930,Masterfoods Smoked Paprika 35g,TRUE,9755739,580620
3931,Masterfoods Smokey Bacon No Rules Sauce,TRUE,8648290,238240
3932,Masterfoods Smokey Barbecue Sauce,TRUE,5427884,340182
3933,Masterfoods Smokey Bbq Marinade 375g,TRUE,7715019,51631
3934,"Masterfoods Soy, Honey & Garlic Marinade 375g",TRUE,7072917,72364
3935,Masterfoods Steak Seasoning 45g,TRUE,368733,92153
3936,Masterfoods Sweet Chilli Sauce 500ml,TRUE,8592264,116737
3937,Masterfoods Sweet Thai Style Chicken Noodles Recipe Base 175g,TRUE,6351325,280876
3938,Masterfoods Tarragon Leaves 7g,TRUE,163956,35962
3939,Masterfoods Teriyaki Chicken Stir Fry Recipe Base 175g,TRUE,9442631,182267
3940,Masterfoods Teriyaki Marinade 375g,TRUE,7741507,57688
3941,Masterfoods Thyme Leaves 10g,TRUE,315668,35399
3942,Masterfoods Tomato Relish 250g,TRUE,6420927,298986
3943,Masterfoods Tomato Sauce 500ml,TRUE,7717331,99633
3944,Masterfoods Tomato Sauce 920ml,TRUE,4870911,258672
3945,Masterfoods Tomato Sauce With Hidden Veg,TRUE,3748785,94190
3946,Masterfoods Traditional Tartare Sauce 220g,TRUE,190915,32766
3947,Masterfoods Tuscan Meatballs Recipe Base 175g,TRUE,4370544,223136
3948,Masterfoods Vanillin Sugar 65g,TRUE,318473,32782
3949,Masterfoods Wholegrain Mustard 175g,TRUE,5434959,32822
3950,Maui Moisture Heal & Hydrate Shea Butter Hair Mask For Damaged Hair 340g,TRUE,3471411,674077
3951,Maximus Blue Isotonic Sports Drink 1l,TRUE,9880694,770266
3952,Maximus Mango Passionfruit Isotonic Sports Drink 1l,TRUE,5172433,61649
3953,Maybelline Baby Lips Color Lip Balm,TRUE,5639452,226563
3954,Maybelline Burgundy Bar Eyeshadow Palette,TRUE,3959485,672140
3955,Maybelline City Bronzer Powder - Medium Cool 9.25g,TRUE,3433580,818905
3956,Maybelline Color Sensational Shaping Lip Liner - Nude Whisper 105,TRUE,2856160,622352
3957,Maybelline Express Brow Pencil Deep Brown Each,TRUE,5782897,258808
3958,Maybelline Fit Me Concealer - Light 15 6.8ml,TRUE,8486948,380447
3959,Maybelline Fit Me Concealer Ivory 6.8ml,TRUE,7704781,807805
3960,Maybelline Fit Me Dewy & Smooth Foundation - Classic Ivory 120 30ml,TRUE,8485537,380444
3961,Maybelline Fit Me Dewy & Smooth Foundation - Ivory 115 30ml,TRUE,3033436,819299
3962,Maybelline Fit Me Dewy & Smooth Liquid Foundation - Medium Buff 30ml,TRUE,8485560,380446
3963,Maybelline Fit Me Dewy & Smooth Liquid Foundation - Sun Beige 30ml,TRUE,8485592,380781
3964,Maybelline Fit Me Matte & Poreless Foundation - Light Beige 118 30ml,TRUE,3447188,819980
3965,Maybelline Fit Me Matte & Poreless Foundation - Porcelain 110 30ml,TRUE,3033651,622358
3966,Maybelline Fit Me Matte & Poreless Foundation - Sun Beige 310 30ml,TRUE,2363592,877443
3967,Maybelline Fit Me Matte Pore Powder Natural Beige 8.5g,TRUE,3542848,98498
3968,Maybelline Fit Me Matte Poreless Primer 30ml,TRUE,4378513,164547
3969,Maybelline Fit Me Tinted Moisturiser 115,TRUE,4509101,178097
3970,Maybelline Fit Me Tinted Moisturiser 220,TRUE,4509510,175829
3971,Maybelline Fit Me Tinted Moisturiser 330,TRUE,4509542,178306
3972,Maybelline Great Lash Volumizing Mascara - Blackest Black 12.7ml,TRUE,9596136,198606
3973,Maybelline Hypersharp Eyeliner - Black Each,TRUE,2363617,877442
3974,Maybelline Instant Age Rewind Concealer - Honey 6ml,TRUE,3723740,818818
3975,Maybelline Instant Perfector Glow Medium Each,TRUE,5783368,275953
3976,Maybelline Lash Sensational Sky High Mascara Very Black Waterproof 6ml,TRUE,3959204,137686
3977,Maybelline Lifter Lip Gloss Ice 5.4ml,TRUE,3962129,139456
3978,Maybelline Master Liner Waterproof Pencil Eyeliner - Black Each,TRUE,8488036,380412
3979,Maybelline Nudes Of New York Eyeshadow Palette,TRUE,3792062,94449
3980,Maybelline Superstay 24 2-step Liquid Lipstick - Infinite Petal 1.8ml,TRUE,8505758,380419
3981,Maybelline Superstay 24 2-step Liquid Lipstick - Perpetual Plum 1.8ml,TRUE,8505747,380418
3982,Maybelline Superstay 24h Powder Ivory Each,TRUE,6011349,275784
3983,Maybelline Superstay 24h Powder Nude Each,TRUE,6011350,275835
3984,Maybelline Superstay Active Wear 30hr Foundation Nude Beige 30ml,TRUE,3958132,139354
3985,Maybelline Superstay Matte Ink Liquid Lipstick - Lover 15,TRUE,3148595,672914
3986,Maybelline Superstay Matte Ink Liquid Lipstick - Seductress 65 Each,TRUE,3328713,688859
3987,Maybelline Superstay Skin Tint 21 Foundation 30ml,TRUE,6450462,399987
3988,Maybelline Superstay Vinyl Ink Cheeky Each,TRUE,5782900,275982
3989,Maybelline Superstay Vinyl Ink Lippy 4.2ml,TRUE,5782911,275942
3990,Maybelline Superstay Vinyl Ink Peachy Each,TRUE,7704952,394859
3991,Maybelline Tattoo Studio Ink Pen Each,TRUE,5782875,258805
3992,Maybelline The Colossal Mascara Glam Black 9.2ml,TRUE,6450575,398127
3993,Maybelline The Colossal Mascara Waterproof Glam Black 10ml,TRUE,6450633,399583
3994,Maybelline The Falsies Mascara Blackest Black 10ml,TRUE,6450644,430980
3995,Mayver's Crunchy Peanut Butter 375g,TRUE,2621632,781034
3996,Mayver's Crunchy Peanut Butter 750g,TRUE,5459552,126650
3997,Mayver's Dark Peanut Butter Crunchy 375g,TRUE,2622001,575838
3998,Mayver's Dark Roast Smooth Peanut Butter 375g,TRUE,2622012,575837
3999,Mayver's Dark Roasted Extra Crunchy Peanut Butter 375g,TRUE,3851183,159971
4000,Mayver's Dark Roasted Peanut Butter Crunchy 750g,TRUE,5459574,160116
4001,Mayver's Extra Crunchy Peanut Butter 375g,TRUE,3851172,97301
4002,Mayver's Hulled Tahini Spread 385g,TRUE,5022180,29348
4003,Mayver's Low Carb Protein Keto 7 Nuts & Seeds Spread 220g,TRUE,7028915,294805
4004,Mayver's Low Carb Protein Keto Peanut Spread 220g,TRUE,7028857,294804
4005,Mayver's Smooth Choc Protein Peanut Spread 375g,TRUE,7024175,322722
4006,Mayver's Smooth Peanut Butter & Honey 375g,TRUE,7024164,320521
4007,Mayver's Smooth Peanut Butter 375g,TRUE,2621643,781030
4008,Mayver's Smooth Peanut Butter 750g,TRUE,5459530,127012
4009,Mayver's Smunchy 5 Seeds Peanut Butter 375g,TRUE,7024197,322673
4010,Mayver's Smunchy Protein Plus 5 Seeds Peanut Butter 375g,TRUE,3212399,679383
4011,Mayver's Smunchy Protein Plus Peanut Butter 375g,TRUE,2897371,679375
4012,Mayver's Unsalted Smunchy Peanut Butter 375g,TRUE,3579236,855447
4013,Mazzetti Apple Cider Vinegar With Mother 500ml,TRUE,2734832,895992
4014,Mazzetti Balsamic Vinegar Of Modena 250ml,TRUE,5604629,99917
4015,Mazzetti Balsamic Vinegar Of Modena 500ml,TRUE,5236730,99709
4016,Mazzetti Vinegar Balsamic Glaze 215ml,TRUE,4618639,233996
4017,Mazzetti Vinegar Balsamic Vintage 4 Leaf 250ml,TRUE,4618107,224075
4018,Mccain Beans Baby 500g,TRUE,8162491,22239
4019,Mccain Beer Batter Chips Shoestring 750g,TRUE,5841023,260900
4020,Mccain Beer Batter Steakhouse Chips 750g,TRUE,5070637,249351
4021,Mccain Beer Batter Wedges 750g,TRUE,5069387,249344
4022,Mccain Corn Kernels 500g,TRUE,428154,90838
4023,Mccain Dinner Chicken Parmagiana Frozen Meal 320g,TRUE,7401010,52372
4024,Mccain Dinner Roast Chicken Frozen Meal 320g,TRUE,356950,93758
4025,Mccain Dinner Roast Lamb Frozen Meal 320g,TRUE,167902,93756
4026,Mccain Dinner Veal Cordon Bleu Frozen Meal 320g,TRUE,5862180,22349
4027,Mccain Family Pizza Pepperoni 490g,TRUE,4655475,165354
4028,Mccain Frozen Peas 500g,TRUE,338856,96206
4029,Mccain Gluten Free Potato Chips 750g,TRUE,3232578,690845
4030,Mccain Hash Browns Shredded 750g,TRUE,8217844,98299
4031,Mccain Healthy Choice Chicken Carbonara Frozen Meal 300g,TRUE,8057078,369451
4032,Mccain Lil Pizzas Snacks Ham & Cheese 4 Pack,TRUE,5188353,9660
4033,Mccain Mixed Vegetables Peas & Corn 500g,TRUE,8165897,54232
4034,Mccain Mixed Vegetables Peas & Super Sweet Corn 1kg,TRUE,8165241,95871
4035,Mccain Mixed Vegetables Peas Corn & Carrot 2kg,TRUE,8165842,322789
4036,Mccain Mixed Vegetables Peas Corn & Carrot 500g,TRUE,5394650,54233
4037,Mccain Peas 1kg,TRUE,8161535,96215
4038,Mccain Pickers Jalapeno Cheese Nuggets 230g,TRUE,8421614,909758
4039,Mccain Pizza Cheese & Bacon 500g,TRUE,181572,93831
4040,Mccain Pizza Ham & Pineapple 500g,TRUE,403765,96406
4041,Mccain Pizza Margherita 500g,TRUE,9289160,173140
4042,Mccain Pizza Meatlovers Bbq 500g,TRUE,7010250,252640
4043,Mccain Pizza Pocket Snacks Cheese & Bacon 4 Pack,TRUE,8697604,139610
4044,Mccain Pizza Slice Snacks Cheese & Bacon 2 Pack,TRUE,8544829,112352
4045,Mccain Pizza Slice Snacks Ham & Pineapple 2 Pack,TRUE,5179501,3496
4046,Mccain Pub Size Bacon Carbonara Meat Bacon Carbonara 500g,TRUE,5641374,283392
4047,Mccain Pub Size Bangers & Mash Frozen Meal 500g,TRUE,2944154,679345
4048,Mccain Pub Size Chicken Bacon Bake Frozen Meal 480g,TRUE,2944176,817102
4049,Mccain Pub Size Chicken Kiev Frozen Meal 480g,TRUE,2944165,679366
4050,Mccain Pub Size Crumbed Lamb 480g,TRUE,5641385,283948
4051,Mccain Pub Size Parma 480g,TRUE,3545256,54002
4052,Mccain Pub Size Southern Style 480g,TRUE,3237877,817068
4053,Mccain Pub Style Extra Crispy Chips 750g,TRUE,3455448,822845
4054,Mccain Pub Style Fries 750g,TRUE,5766020,34936
4055,Mccain Pub Style Onion Rings 500g,TRUE,3412478,741
4056,Mccain Pub Style Potato Wedges 750g,TRUE,5394810,53205
4057,Mccain Quick Cook Crinkle Cut Crunchy Chips 750g,TRUE,7083618,325361
4058,Mccain Quick Cook Fries Shoestring Crunchy,TRUE,4204319,139734
4059,Mccain Quick Cook Fries Straight Cut Crunchy 750g,TRUE,4204330,139518
4060,Mccain Quick Cook Hash Browns Crunchy,TRUE,5051483,225358
4061,Mccain Rustica Sourdough Roasted Cremini Mushrooms Pizza 445g,TRUE,6839606,313159
4062,Mccain Rustica Sourdough Salami & Double Smoked Leg Ham Pizza 430g,TRUE,6839468,315481
4063,Mccain Sliced Beans Sliced 500g,TRUE,8161499,42601
4064,Mccain Spinach & Ricotta Ravioli Healthy Choice Frozen Meal 350g,TRUE,4732237,662124
4065,Mccain Straight Sweet Potato Chips 750g,TRUE,2137800,854298
4066,Mccain Superfries Crinkle Cut 900g,TRUE,5066946,662935
4067,Mccain Superfries Shoestring 900g,TRUE,476022,662937
4068,Mccain Superfries Steak Cut 900g,TRUE,4204341,662932
4069,Mccain Superfries Straight Cut 900g,TRUE,91710,662933
4070,Mccain Supreme Pizza 500g,TRUE,251124,96415
4071,Mccormick Grill Mates Chipotle & Garlic American Bbq Dry Marinade 40g,TRUE,2471722,58546
4072,Mccormick Grill Mates Honey Sriracha American Bbq Dry Marinade 40g,TRUE,3220852,169772
4073,Mccormick Grill Mates Smokin Texas American Bbq Rub 40g,TRUE,2471879,445863
4074,Mccormick Grill Mates Tennessee Smokehouse American Bbq Rub 40g,TRUE,2471868,445854
4075,Mccormick Italian Herb Potatoes Recipe Base 40g,TRUE,5221380,550385
4076,Mccormick Sour Cream & Chive Potato Mash Recipe Base 40g,TRUE,5221379,591730
4077,Mcdonnells Curry Sauce Tub,TRUE,3724368,660194
4078,Mcguigan Zero Alcohol Free Rose 750ml,TRUE,3703890,88193
4079,Mcguigan Zero Alcohol Free Shiraz 750ml,TRUE,3705498,147836
4080,Mckenzie's Almond Flour 300g,TRUE,7488970,142421
4081,Mckenzie's Arrowroot Tapioca Flour 175g,TRUE,4480054,226010
4082,Mckenzie's Baking Aids Gelatine 100g,TRUE,9083120,255257
4083,Mckenzie's Baking Powder 125g,TRUE,5110298,7932
4084,Mckenzie's Baking Powder 300g,TRUE,2777664,574616
4085,Mckenzie's Bi Carb Soda 1kg,TRUE,5226882,428726
4086,Mckenzie's Bi Carb Soda 350g,TRUE,5824818,347118
4087,Mckenzie's Bi Carb Soda 500g,TRUE,473953,75201
4088,Mckenzie's Chickpea Flour 330g,TRUE,7488948,897407
4089,Mckenzie's Coconut Fine Desiccated 250g,TRUE,120024,28708
4090,Mckenzie's Coconut Shredded Loose 215g,TRUE,5228833,782242
4091,Mckenzie's Cream Of Tartar 125g,TRUE,4176326,205694
4092,Mckenzie's Dried Chickpeas 375g,TRUE,405986,22885
4093,Mckenzie's Five Bean Mix 375g,TRUE,4806978,210611
4094,Mckenzie's Green Lentil Whole 1kg,TRUE,3465667,439264
4095,Mckenzie's Himalayan Salt Rock Pink 400g,TRUE,6698424,749926
4096,Mckenzie's Natural Salt Sea 400g,TRUE,6694183,320992
4097,Mckenzie's Natural Sea Salt Grinder 410g,TRUE,3669340,260684
4098,Mckenzie's Pepper Black Whole 200g,TRUE,6694194,320994
4099,Mckenzie's Ready To Bake Cookies Choc Chip 10 Pack,TRUE,7694633,466691
4100,Mckenzie's Ready To Bake Cookies White Choc Macadamia 10 Pack,TRUE,7694644,463975
4101,Mckenzie's Rice Flour 375g,TRUE,199206,94275
4102,Mckenzie's Saffron 100mg,TRUE,3307542,827830
4103,Mckenzie's Tapioca Flour 300g,TRUE,7488960,820129
4104,Mckenzie's Vegan Egg Replacer 70g,TRUE,4357998,143255
4105,Mckenzie's Whole Black Peppercorns Grinder 200g,TRUE,3669430,111298
4106,Mckenzie's Wholemeal Spelt Flour 300g,TRUE,7488981,820203
4107,Mclintocks Vanilla Fresh Fridge Wipe & Deodorizer 500ml,TRUE,5139008,16381
4108,Mcobeauty Pro Deluxe Eye Set Each,TRUE,112376,112376
4109,Mcvitie's Digestives Choc Tops Dark Chocolate 100g,TRUE,5854692,262395
4110,Mcvitie's Digestives Milk Chocolate 266g,TRUE,5854739,263373
4111,Mcvitie's Digestives Original 355g,TRUE,6066602,263343
4112,Mcvities Go Ahead Crispy Slices Apple 174g,TRUE,6845370,340998
4113,Mcvities Go Ahead Crispy Slices Forest Fruit 174g,TRUE,6845380,340958
4114,Mcvitie's Jaffa Cakes,TRUE,5854740,254901
4115,Mcvities Lemtops Digestives 100g,TRUE,5604742,336680
4116,Meadowlea Original Spread Original 1kg,TRUE,224267,744831
4117,Meb Foods Khobz White Pita 5 Pack,TRUE,3340253,391891
4118,Meb Foods Khobz Wholemeal Pita 5 Pack,TRUE,3340344,391853
4119,Meet Plant Based Beef Free Strips 250g,TRUE,3990747,290131
4120,Melrose High Strength Turmeric Superblend 120g,TRUE,4317530,219679
4121,Melrose Mct Kick Start 250ml,TRUE,4316924,199082
4122,Melrose Mct Oil Brain Power 250ml,TRUE,4317563,199053
4123,Mennen Deodrant Stick Lady Speed Fresh Orchard 45g,TRUE,9287743,160645
4124,Mentos Fruit Chews 3 Pack,TRUE,1255211,742758
4125,Mentos Fruit Chews 37.5g Roll,TRUE,5469410,42336
4126,Mentos Mints 3 Pack,TRUE,1255200,742786
4127,Mentos Mints 37.5g Roll,TRUE,7676347,42340
4128,Meredith Dairy Dill Cheese 150g,TRUE,6671009,330227
4129,Meredith Dairy Goats Cheese 320g,TRUE,6671042,135884
4130,Meredith Dairy Goats Cheese 550g,TRUE,3275854,663973
4131,Meredith Dairy Goat's Cheese Chevre Plain 80g,TRUE,3275945,668984
4132,Meredith Dairy Plain Goats Cheese 150g,TRUE,6670935,316043
4133,Mersey Valley Classic Cheddar Cheese 235g,TRUE,4513200,244191
4134,Mersey Valley Classic Cheese 80g,TRUE,3276879,808121
4135,Mersey Valley Extra Tasty Cheese 180g,TRUE,6580526,302096
4136,Mersey Valley Original Cheddar Cheese 235g,TRUE,6533005,250854
4137,Mersey Valley Original Vintage Cheese 180g,TRUE,6580253,302105
4138,Mersey Valley Peppercorn Medley Cheddar Cheese 235g,TRUE,4512605,244154
4139,Mersey Valley Pickled Onion Cheese 80g,TRUE,3843356,808130
4140,Mersey Valley Ploughmans Cheddar Cheese 235g,TRUE,4513211,244194
4141,Mersey Valley Salt & Vinegar Cheddar Cheese Block 235g,TRUE,6846554,318679
4142,Mersey Valley Salt & Vinegar Cheddar Cheese Block 80g,TRUE,6845631,320676
4143,Messy Monkeys Wholegrain Bites Cheese,TRUE,4470979,183989
4144,Metamucil Fibre Caps 160 Pack,TRUE,8156568,232249
4145,Metamucil Fibre Caps 300 Pack,TRUE,3740885,118054
4146,Metamucil Lemon Lime Smooth Fibre Powder 114 Doses 673g,TRUE,3161538,683394
4147,Metamucil Natural Granular Fibre Powder 114 Doses 798g,TRUE,4165385,683164
4148,Metamucil Orange Smooth 425g X 2 Pack,TRUE,4994040,803741
4149,Metamucil Orange Smooth Fibre Powder 114 Doses 673g,TRUE,4497374,225322
4150,Metamucil Orange Smooth Fibre Powder 48 Doses 283g,TRUE,6904708,19848
4151,Metamucil Orange Smooth Fibre Powder 72 Doses 425g,TRUE,9676202,199089
4152,Metamucil Orange Smooth Fibre Powder Sachet 30 Pack,TRUE,9125140,720006
4153,Metamucil Wild Berry Smooth Fibre Powder 114 Doses 673g,TRUE,4165239,803742
4154,Mifroma Le Gruyere,TRUE,5443348,97912
4155,Mighty Soft Fruit Loaf Cafe Style 600g,TRUE,7111917,957684
4156,Mighty Soft Raisin Toast 600g,TRUE,7111860,236288
4157,Mil Lel Parmesan Cheese,TRUE,3274603,29050
4158,Mil Lel Shaved Parmesan 170g,TRUE,3843232,98063
4159,Mildura Orange & Mango Fruit Drink 3l,TRUE,1418178,739869
4160,Mildura Orange & Passionfruit Fruit Drink 3l,TRUE,1418167,739660
4161,Mildura Orange Fruit Drink 3l,TRUE,1012275,739656
4162,Mildura Orange Passionfruit Fruit Drink 500ml,TRUE,2478867,739699
4163,Milky Way Milk Chocolate Party Share Bag 15 Pieces 180g,TRUE,4382474,160902
4164,Minecraft Mini Figure Assortment Each,TRUE,4481545,9464
4165,Mingle Better Tangy Bbq Sauce Pouch 250g,TRUE,7060248,171282
4166,Mingle Better Tangy Tomato Sauce Pouch 250g,TRUE,7060317,170497
4167,Mingle Butter Chicken Recipe Base 30g,TRUE,3628058,68742
4168,Mingle Garlic & Herb All Natural Seasoning 50g,TRUE,3796562,170002
4169,Mingle Mexican Fiesta Taco All-natural Seasoning 50g,TRUE,6607021,259501
4170,Mingle Satay Recipe Base 30g,TRUE,3703583,135507
4171,Mingle Smokey Taco Mild Chipotle Recipe Base 30g,TRUE,7381230,217099
4172,Mingle Sri Lankan Coconut Turmeric Curry Recipe Base 30g,TRUE,5225212,280417
4173,Mingle Use Me On Everything All Natural Seasoning 50g,TRUE,3796530,169031
4174,Minor Figures Minor Figures Barista Oat Uht Milk 1l,TRUE,4309124,153170
4175,Minor Figures Minor Figures Barista Oat Uht Organic Milk 1l,TRUE,6522621,155063
4176,Mirabella 14w 1400lm Led Gls Everyday Globe Bayonet Cool White Each,TRUE,3634990,575553
4177,Mirabella 2w Led G95 Decorative Globe Edison Screw Amber Warm White,TRUE,6422900,575546
4178,Mirabella 7w Led Gls Decorative Globe Bayonet Warm White,TRUE,2963013,575567
4179,Mirabella Gls Es 11w 1000lm 4000k Cw 2 Pack,TRUE,6433736,197746
4180,Mirabella Gls Es 14w1400l 4000k Cw 2 Pack,TRUE,4488613,196164
4181,Mirabella Led Candle Bc 5w 470lm Warm White,TRUE,2790414,487051
4182,Mirabella Led Candle Filament Bayonet Cap 4w  470lm Warm White Globe Each,TRUE,2790425,197111
4183,Mirabella Led Candle Ses 5w 470lm Warm White 1 Pack,TRUE,2790447,487045
4184,Mirabella Led Gls Bayonet Cap 18w 1800lm Cool White Light Globe,TRUE,2044313,198174
4185,Mirabella Led Gls Bayonet Cap 5w 470lm Cool White Light Globe,TRUE,4488191,208889
4186,Mirabella Led Gls Bayonet Cap 9w 806lm Cool White 2 Pack,TRUE,4488486,197353
4187,Mirabella Led Gls Bayonet Cap 9w 806lm Warm  White Light Globe 2 Pack,TRUE,4488453,196997
4188,Mirabella Led Gls Bc 11w 1000lm Cool White 2 Pack,TRUE,6433328,196998
4189,Mirabella Led Gls Bc 11w 1000lm Warm White 2 Pack,TRUE,6433044,197099
4190,Mirabella Led Gls Bc 14w 1400lm Cool White Each,TRUE,4488588,196144
4191,Mirabella Led Gls Bc 14w 1400lm Warm White 2 Pack,TRUE,4488555,196524
4192,Mirabella Led Gls Bc 5w 470lm  Globe Warm White,TRUE,4485615,197743
4193,Mirabella Led Gls Edison Screw 9w 806lm Cool White Globe 2 Pack,TRUE,4488511,197386
4194,Mirabella Led Gls Edison Screw 9w 806lm Cool White Light Globe Each,TRUE,2044357,30597
4195,Mirabella Led Gls Edison Screw 9w 806lm Warm White Light Globe 2 Pack,TRUE,4488497,196153
4196,Mirabella Led Gls Es 11w 1000lm Warm White 2 Pack,TRUE,6433259,196879
4197,Mirabella Led Gls Es 14w 1400lm  Globe Warm White 2 Pack,TRUE,4488602,196105
4198,Mirabella Led Gls Es 5w 470lm  Globe Cool White,TRUE,4488442,197656
4199,Mirabella Led Gls Es 5w 470lm Globe Warm White,TRUE,4488420,197128
4200,Mirabella Led Pilot T26 Edison Screw 1.2w 70lm Warm White Globe Each,TRUE,3633717,198468
4201,Mirabella Led R80 Reflector Edison Screw 10w 806lm Warm White Globe Each,TRUE,3635086,71595
4202,Mirabella Led Small Edison Screw 5w 470lm Warm White Light Globe Each,TRUE,2044492,30581
4203,Mirabella Metal Solar Owl White,TRUE,3724222,275066
4204,Mirabella Pilot Ses 15w Clear Light Globe 2 Pack,TRUE,5950700,198249
4205,Mirabella Tubular Ses 40w Clear Clear Light Globe 2 Pack,TRUE,2049179,198151
4206,Miso Tasty White Miso Paste 200g,TRUE,5016325,122044
4207,Mission Carb Balance Original Wraps 6 Pack 6 pack,TRUE,8566038,919345
4208,Mission Chunky Salsa Medium 300g,TRUE,3801345,137629
4209,Mission Corn Chips Cheesy Nachos 230g,TRUE,1277575,728159
4210,Mission Corn Chips Chilli & Lime 230g,TRUE,1277484,379739
4211,Mission Corn Chips Deli Round 500g,TRUE,3800444,356772
4212,Mission Corn Chips Extreme Cheese 230g,TRUE,7368582,362694
4213,Mission Mild Salsa Chunky 300g,TRUE,3800987,137673
4214,Mission Mini Wholegrain Wraps 8 Pack,TRUE,5862588,389402
4215,Mission Naan Bread Garlic & Herb 4 Pack,TRUE,5193637,339439
4216,Mission Naan Bread Plain 4 Pack 280g,TRUE,5193681,339435
4217,Mission Original Tortillas 12 Pack,TRUE,6767709,333915
4218,Mission Salt Reduced Tortillas 12 Pack,TRUE,6358255,315482
4219,Mission Soft & Fluffy Butter Flavoured Wraps 12 Pack,TRUE,5862475,389384
4220,Mission Street Mini Tacos 10 Pack,TRUE,3801301,610345
4221,Mission Tortilla Strips White Corn 230g,TRUE,7368571,362693
4222,Mission Tortilla Triangles Jalapeno Poppers,TRUE,5220140,265693
4223,Mission Tortilla Triangles Taco,TRUE,5219876,265403
4224,Mission White Corn Gluten-free Tortillas 12 Pack,TRUE,6768745,379736
4225,Mission White Strip Corn Chips 500g,TRUE,2921830,608248
4226,Mission Wraps Mini Original 8 Pack,TRUE,7863592,320195
4227,Mission Wraps Original 8 Pack,TRUE,6955662,320194
4228,Mission Wraps Spinach & Herb 8 Pack,TRUE,7620921,320197
4229,Mission Wraps Wholegrain 8 Pack 567g,TRUE,7863480,384286
4230,Mission Yellow Corn Tortilla Strips 230g,TRUE,3208256,680480
4231,Mitchum Clinical 8 Hour Sport For Men Antiperspirant & Deodorant 45g,TRUE,1726420,779231
4232,Mitchum Clinical Gel 48h Powder Fresh Antiperspirant & Deodorant 57g,TRUE,2671142,459777
4233,Mitchum Men's Roll On Sport Antiperspirant & Deodorant 50ml,TRUE,5286760,1666
4234,Mitchum Men's Roll On Unscented Antiperspirant & Deodorant 50ml,TRUE,64513,41420
4235,Mitchum Natural Deodorant Coconut 40g,TRUE,3823246,174613
4236,Mitchum Women's Roll On Powder Fresh Antiperspirant & Deodorant 50ml,TRUE,5061035,47334
4237,Mitchum Women's Roll On Shower Fresh Antiperspirant & Deodorant 50ml,TRUE,8730302,795293
4238,Moccona Barista Reserve Capsules Dark Roast Espresso 10 Pack,TRUE,3193410,687785
4239,Moccona Barista Reserve Capsules Extra Dark Roast Espresso 10 Pack,TRUE,3193421,687786
4240,Moccona Barista Reserve Capsules Medium Roast Lungo 10 Pack,TRUE,3512632,687787
4241,Moccona Cadbury Mocha Sachets 8 Pack,TRUE,4823999,213595
4242,Moccona Caramel Latte Coffee Sachets 30 Pack,TRUE,4405591,176950
4243,Moccona Coffee Sachets Cappuccino 10 Pack,TRUE,4405627,174914
4244,Moccona Coffee Sachets Cappuccino 30 Pack,TRUE,4405558,175685
4245,Moccona Coffee Sachets Caramel Latte 10 Pack,TRUE,4405536,175028
4246,Moccona Coffee Sachets Latte 10 Pack,TRUE,4405638,174480
4247,Moccona Coffee Sachets Latte 30 Pack,TRUE,4405569,174717
4248,Moccona Coffee Sachets Strong Cappuccino 10 Pack,TRUE,4405649,174190
4249,Moccona Coffee Sachets Strong Cappuccino 30 Pack,TRUE,4405570,175603
4250,Moccona Coffee Sachets Vanilla Latte 10 Pack,TRUE,4405650,175526
4251,Moccona Double Shot Latte Coffee Sachets 10 Pack,TRUE,8058208,175458
4252,Moccona Freeze Dried Instant Coffee Caramel 95g,TRUE,9928848,732562
4253,Moccona Freeze Dried Instant Coffee Classic Dark Roast 100g,TRUE,5018874,248497
4254,Moccona Freeze Dried Instant Coffee Classic Dark Roast 200g,TRUE,5018863,248520
4255,Moccona Freeze Dried Instant Coffee Classic Dark Roast 400g,TRUE,6835015,256700
4256,Moccona Freeze Dried Instant Coffee Classic Decaffeinated 100g,TRUE,25249,49275
4257,Moccona Freeze Dried Instant Coffee Classic Medium Roast 100g,TRUE,303556,38078
4258,Moccona Freeze Dried Instant Coffee Classic Medium Roast 200g,TRUE,231251,35681
4259,Moccona Freeze Dried Instant Coffee Classic Medium Roast 400g,TRUE,9693915,208575
4260,Moccona Freeze Dried Instant Coffee Classic Medium Roast 50g,TRUE,173144,32695
4261,Moccona Freeze Dried Instant Coffee French Style 200g,TRUE,7479324,341165
4262,Moccona Freeze Dried Instant Coffee Hazelnut 95g,TRUE,9928859,732545
4263,Moccona Ristretto 200g,TRUE,3512654,6247
4264,Mogu Mogu Drink Lychee 320ml,TRUE,6144036,829182
4265,Moira Mac's Classic Roasted Chicken Breast 350g,TRUE,2865262,176001
4266,Moira Mac's Portuguese Roasted Chicken Breast 350g,TRUE,2865273,175691
4267,Moki Life Lightning 90cm Cables Twin Pack 90cm 2 Pack,TRUE,5618215,172579
4268,Moki Life Lightning To Usb Syncharge Cable 90cm (mfi) Each,TRUE,5618634,99546
4269,Moki Life Lightning Typec 90cm Cable Each,TRUE,5619047,172857
4270,Moki Life Metallics Earphones Assorted Each,TRUE,5643493,100325
4271,Moki Life Micro Usb To Usb Syncharge Cable 90cm Each,TRUE,5618441,97109
4272,Moki Life Type-c To Usb Syncharge Cable 90cm Each,TRUE,5619003,99964
4273,Monini Classico Extra Virgin Olive Oil 750ml,TRUE,3526604,663196
4274,Monini Organic Extra Virgin Olive Oil 500ml,TRUE,4982450,807200
4275,Monster Energy Drink Ultra Fiesta Mango Flavour 500ml,TRUE,4402516,174492
4276,Monster Energy Green Multipack Cans 500ml X4 Pack,TRUE,2785094,361734
4277,Monster Energy Juice Mango Loco 500ml X4 Pack,TRUE,3290712,708119
4278,Monster Energy Mango Loco Can 500ml,TRUE,3290778,698612
4279,Monster Energy Pipeline Punch Can 500ml,TRUE,7717116,803888
4280,Monster Energy Ultra Can 500ml,TRUE,2787147,489787
4281,Monster Energy Ultra Gold Cans 500ml X 4 Pack,TRUE,6013038,275018
4282,Monster Energy Ultra Multipack Cans 500ml X4 Pack,TRUE,8592956,511504
4283,Monster Energy Ultra Rosa Can 500ml,TRUE,3990077,124312
4284,Monster Energy Ultra Rosa Multipack Cans 500ml X4 Pack,TRUE,3990033,143253
4285,Monster Energy Zero Sugar Cans 500ml X 4 Pack 4 pack,TRUE,7717105,690722
4286,Moondarra Cream Cheese Honey & Pistachio 120g,TRUE,3029767,970291
4287,Moondarra Herbs & Capsicum Soft & Creamy Cheese 120g,TRUE,5438100,246814
4288,Morning Fresh Botanics Bergamot & Bitter Orange Dishwashing Liquid 680ml,TRUE,7823215,677992
4289,Morning Fresh Dishwashing Liquid Lemon 900ml,TRUE,9735935,208111
4290,Morning Fresh Dishwashing Liquid Original 400ml,TRUE,6318181,829544
4291,Morning Fresh Dishwashing Liquid Original 900ml,TRUE,9736075,208112
4292,Morning Fresh Dishwashing Liquid Raspberry & Crisp Apple 900ml,TRUE,3208890,588994
4293,Morning Fresh Dishwashing Liquid Refil Limited Edition Citrus Burst 800ml,TRUE,7822653,698705
4294,Morning Fresh Green Bottle For Life Lemon Dishwashing Liquid Refillable 500ml,TRUE,5109641,217116
4295,Morning Fresh Ultimate Lemon Dishwashing Liquid Washing Up Dish Wash 350ml,TRUE,2861512,586677
4296,Morning Fresh Ultimate Original Dishwashing Liquid Washing Up Dish Wash 350ml,TRUE,2861523,586843
4297,Morning Fresh Ultimate Power Clean Citrus Dishwashing Dish Kitchen Spray 500ml,TRUE,3979245,154950
4298,Morning Sun Apricot & Almond Breakfast Cereal 650g,TRUE,376980,336408
4299,Moro Balsamic Vinegar Of Modena 500ml,TRUE,7113978,35467
4300,Moro Dressings Italian Glaze 118ml,TRUE,2734796,767044
4301,Moro Extra Virgin Olive Oil 1l,TRUE,5118100,83991
4302,Moro Extra Virgin Olive Oil 2.2l,TRUE,7513309,310022
4303,Moro Extra Virgin Olive Oil 4 L,TRUE,5153360,83992
4304,Moro Extra Virgin Olive Oil 500ml,TRUE,5118132,25065
4305,Moro Light Taste Olive Oil 1l,TRUE,5118110,370440
4306,Moro Light Taste Olive Oil 500ml,TRUE,5118143,49304
4307,Moro Mild Taste Olive Oil 2.2 L,TRUE,7513310,309547
4308,Moro Mild Taste Olive Oil 500ml,TRUE,5118154,49301
4309,Moro Sherry Vinegar 250ml,TRUE,3497550,636072
4310,Moro Vinegar Red Wine 500ml,TRUE,9674229,195091
4311,Moro Vinegar White Wine 500ml,TRUE,9674218,195090
4312,Mortein Fast Knockdown Low Allergenic Fly & Mosquito Spray 350g,TRUE,3024898,353657
4313,Mortein Naturgard Easy Reach Crawling Insect Spray 320g,TRUE,5396736,242082
4314,Mortein Naturgard Eucalyptus Fly & Mosquito Spray 320g,TRUE,4448007,174425
4315,Mortein Naturgard Multi-insect Spray 300g,TRUE,5398243,240591
4316,Mortein Naturgard Odourless Multi Insect Automatic Spray Refill 152g,TRUE,4448233,173961
4317,Mortein No View No Touch Mouse Trap 2 Pack,TRUE,3573513,59833
4318,Mortein Odourless Flying Insect Spray 350g,TRUE,5817142,92338
4319,Mortein Powergard All-in-one Multi-insect Killer Eucalyptus 300g,TRUE,3849115,108828
4320,Mortein Powergard Easy Reach Crawling Insect Surface Spray 350g,TRUE,4448448,174178
4321,Mortein Powergard Flea & Crawling Insect Control Bomb 3 Pack,TRUE,5399654,242046
4322,Mortein Powergard Flying Insect Spray 300g,TRUE,3014169,644444
4323,Mortein Powergard Odourless Multi-insect Automatic Spray 154g,TRUE,3573557,59120
4324,Mother Earth Chocolate Chip Oaty Slice 6 Pack 240g,TRUE,1251833,721581
4325,Mother Energy Drink Frosty Berry Multipack Cans 500ml X4 Pack,TRUE,2026253,793509
4326,Mother Energy Drink Original Can 500ml,TRUE,6526906,315125
4327,Mother Energy Drink Original Multipack Cans 500ml X4 Pack,TRUE,4942320,324461
4328,Mother Lava Guava Energy Drink Cans 500ml X 4 Pack,TRUE,3312000,223932
4329,Mother's Recipe Mango Pickle Mild 500g,TRUE,3335286,421191
4330,Mother's Recipe Mixed Pickle 500g,TRUE,3335300,421202
4331,Mount Franklin Lightly Sparkling Mineral Water Passionfruit 250ml X 6 Pack,TRUE,6266929,287016
4332,Mount Franklin Lightly Sparkling Raspberry 375ml X10 Pack,TRUE,3738410,80047
4333,Mount Franklin Lightly Sparkling Water 450ml,TRUE,7429723,333023
4334,Mount Franklin Lightly Sparkling Water Lemon Bottle 1.25l,TRUE,7910670,332732
4335,Mount Franklin Lightly Sparkling Water Lime Bottle 1.25l,TRUE,9886657,725866
4336,Mount Franklin Lightly Sparkling Water Lime Cans 250ml X 6 Pack,TRUE,5622960,242317
4337,Mount Franklin Lightly Sparkling Water Lime Multipack Cans 375ml X10 Pack,TRUE,3738420,77938
4338,Mount Franklin Lightly Sparkling Water Mango 375ml X10 Pack,TRUE,4144578,176210
4339,Mount Franklin Lightly Sparkling Water Mango Flavour Cans 250ml X 6 Pack,TRUE,5622948,242089
4340,Mount Franklin Lightly Sparkling Water Natural Bottle 1.25l,TRUE,7081180,332730
4341,Mount Franklin Lightly Sparkling Water Pasionfruit Multipack Cans 375ml X10 Pack,TRUE,3847914,136874
4342,Mount Franklin Lightly Sparkling Water Passionfruit 1.25l,TRUE,5088392,221494
4343,Mount Franklin Lightly Sparkling Water Pineapple 1.25l,TRUE,7081180,925726
4344,Mount Franklin Lightly Sparkling Water Raspberry Cans 250ml X 6 Pack,TRUE,5622959,242611
4345,Mount Franklin Lightly Sparkling Water Wild Berry Bottle 1.25l,TRUE,4678109,178132
4346,Mount Franklin Mineral Water Lightly Sparkling Lime Bottle 450ml,TRUE,2117224,760280
4347,Mount Franklin No Sugar Lightly Sparkling Watermelon Water Cans 10 X375ml,TRUE,5623601,221713
4348,Mount Franklin Spring Water Bottle 1.5l,TRUE,5161084,15917
4349,Mount Franklin Spring Water Bottle 600ml,TRUE,7014331,45533
4350,Mountain Dew Energised Soft Drink Bottle 1.25l,TRUE,9855562,727383
4351,Movicol Lemon Lime Sachets 30 Pack,TRUE,1755462,885152
4352,Movietime Popcorn Bag Multi Coloured 150g,TRUE,5045200,28263
4353,Mr Beast Feastables Deez Nutz 60g,TRUE,7524178,326743
4354,Mr Chen's Dumpling Favourites 500g,TRUE,8921752,60175
4355,Mr Chen's Ginger Prawn Dumplings 450g,TRUE,8921402,106540
4356,Mr Chen's Gluten Free Prawn Hargow Dumpling 204g,TRUE,6617830,652578
4357,Mr Chen's Meal Kit Thai Basil Chilli Stir-fry With Rice 376g,TRUE,7362429,234427
4358,Mr Chen's Microwave Easy Snack Pack Bbq Pork Buns 110g,TRUE,5292388,215549
4359,Mr Chen's Pad Thai Meal Kit 324g,TRUE,7362430,234701
4360,Mr Chen's Pork & Chive Dumplings 550g,TRUE,8871880,106480
4361,Mr Chen's Prawn Hargow Dumplings 300g,TRUE,8080411,705130
4362,Mr Chen's Shanghai Soup Dumplings 240g,TRUE,8877570,107630
4363,Mr Hamfrey's Microwavable Pork Crackle Original 35g,TRUE,3701453,55412
4364,Mr Kipling Choc Slice 6 Pack,TRUE,4150672,814598
4365,Mr Kipling French Fancies 8 Pack,TRUE,3475490,58179
4366,Mr Kipling Lemon Bakewell Tarts 6 Pack 6 pack,TRUE,5016391,245028
4367,Mr Kipling Lemon Slice 6 Pack,TRUE,1647164,607942
4368,Mr Sheen Aerosol Multi Surface Polish Regular 250g,TRUE,7044376,83301
4369,Mr Sheen Trigger Spray Multi Surface Polish Pot Pourri 375ml,TRUE,7045110,83305
4370,Mr. Clean Car Wash Sponge Each,TRUE,7058993,503586
4371,Mrs Macs Microwave Beef Pie Frozen 175g,TRUE,5116658,221025
4372,Mrs Macs Microwave Giant Sausage Roll Frozen 175g,TRUE,5117708,219967
4373,Mt Elephant Choc Chunk Wholefood Brownie Mix 350g,TRUE,7682124,210815
4374,Mt Elephant Double Choc Superfood Cookie Mix 375g,TRUE,7682135,211628
4375,Mtr Ready To Eat Bhindhi Masala 300g,TRUE,2194258,753085
4376,Mtr Ready To Eat Dal Fry 300g,TRUE,2194269,752585
4377,Mtr Ready To Eat Dal Makhani 300g,TRUE,2194270,356673
4378,Multix Aluminium Foil 30m,TRUE,432978,91642
4379,Multix Drawtight Roll Garbage Bags 56l 20 Pack,TRUE,5590342,72563
4380,Multix Easy Tear Off Freezer Bags Large 40 Pack,TRUE,397775,31018
4381,Multix Easy Tear Off Freezer Bags Medium 80 Pack,TRUE,397786,35460
4382,Multix Easy Tear Off Freezer Bags Small 120 Pack,TRUE,429306,38155
4383,Multix Extra Wide Garbage Bags 50 Pack,TRUE,7613857,369957
4384,Mum Anti Perspirant Deodorant Dry Cool Pink All Day 50ml,TRUE,5316680,48664
4385,Munchme Almond Blueberry 120g,TRUE,3893718,114577
4386,Munchme Cashew Sesame 120g,TRUE,3893682,114622
4387,Munchme Cashew Sesame 60g,TRUE,7364220,738570
4388,Munchme Pistachio Cranberry 120g,TRUE,3893730,111269
4389,Munchme Pumpkin Seed 120g,TRUE,3893740,114562
4390,Munchme Pumpkin Seed Snack 60g,TRUE,7364366,189427
4391,Munchme Roasted Almond 120g,TRUE,3893751,113660
4392,Munchme Roasted Almond Cashew 120g,TRUE,3893773,115652
4393,Murine Eye Drops Relief 15ml,TRUE,197801,30449
4394,Murine Eye Drops Tears For Eyes 15ml,TRUE,5409770,1536
4395,"Musashi Crisp Protein Bar Chocolate Peanut, 60g",TRUE,4292430,153164
4396,"Musashi Crisp Protein Bar Vanilla Caramel, 60g",TRUE,4292429,153264
4397,"Musashi High Protein Bar Chocolate Brownie, Low Carb, 90g",TRUE,2507320,869169
4398,"Musashi High Protein Powder Chocolate Milkshake, 20 Serves, 900g",TRUE,3748672,262252
4399,"Musashi High Protein Powder Vanilla Milkshake, 20 Serves, 900g",TRUE,3748694,262253
4400,"Musashi High Protein Shake Chocolate, 99% Fat Free, 375ml",TRUE,3148686,676994
4401,"Musashi Plant Protein Vanilla, Vegan Friendly, 900g",TRUE,6040642,229702
4402,"Musashi Pre Workout Powder Purple Grape, 25 Serves 225g",TRUE,3476517,73232
4403,"Musashi Protein Cookie Choc Chip, Low Sugar Snack, 58g",TRUE,5081553,209105
4404,Musashi Shred & Burn Chocolate Milkshake Protein Powder 900g,TRUE,4292418,97217
4405,"Musashi Shred & Burn Protein Shake Chocolate Milkshake, Low Carb, 375ml",TRUE,3470500,821066
4406,"Musashi Wafer Protein Bar Chocolate Mint, Naturally Occuring Bcaas 40g",TRUE,5077363,153328
4407,"Musashi Wafer Protein Bar Chocolate, Bcaas, 40g",TRUE,3398650,699980
4408,"Musashi Wafer Protein Bar Vanilla, Bcaas, 40g",TRUE,3398672,700014
4409,Mutti Baby Roma Tomatoes 400g,TRUE,1025142,795295
4410,Mutti Cherry Tomatoes 400g,TRUE,2612948,290300
4411,Mutti Gourmet Pasta Sauce Rossoro Tomatoes Grilled Vegetables 400g,TRUE,5307929,216868
4412,Mutti Gourmet Pasta Sauce Rossoro Tomatoes Parmigiano Reggiano 400g,TRUE,5308353,217642
4413,Mutti Gourmet Pasta Sauce Rossoro Tomatoes With Genovese Basil 400g,TRUE,5306620,216869
4414,Mutti Parma Polpa Finely Chopped Tomatoes 790g,TRUE,3883860,131559
4415,Mutti Parma Polpa Finely Chopped Tomatoes With Basil 400g,TRUE,5109619,131555
4416,Mutti Parma Sugo Semplice Basil Pasta Sauce 400g,TRUE,2768299,81715
4417,Mutti Parma Sugo Semplice Parmigiano Reggiano Pasta Sauce 400g,TRUE,2768313,81712
4418,Mutti Passata 700g,TRUE,1809266,795297
4419,Mutti Passata Gastronomia Baby Roma Tomatoes 400g,TRUE,3591162,81719
4420,Mutti Passata Gastronomia Cherry Tomatoes 400g,TRUE,6327353,81718
4421,Mutti Passata Tomato Puree 400g,TRUE,2349503,290301
4422,Mutti Polpa Chopped Tomato 210g,TRUE,6311116,52604
4423,Mutti Polpa Chopped Tomatoes Organic 400g,TRUE,3883871,134338
4424,Mutti Polpa Finely Chopped Tomatoes With Garlic 400g,TRUE,5071480,131557
4425,Mutti Sugo Semplice Bolognese Pasta Sauce 400g,TRUE,6327149,280403
4426,Mutti Whole Peeled Tomatoes 400g,TRUE,2612959,795621
4427,My Eco Bag Compostable Kitchen Bags Mini 8l 25 Pack,TRUE,5554350,105604
4428,My Little Pony Magic Ink Each,TRUE,6398759,238688
4429,Myaura Lime Body Wash 300ml,TRUE,5850738,223813
4430,Myaura Watermelon Body Wash 300ml,TRUE,5850716,223727
4431,Mylanta 2go Antacid Double Strength Chewable Tablets Lemon Mint 24 Pack,TRUE,4801839,232260
4432,Mylanta 2go Antacid Double Strength Chewable Tablets Lemon Mint 48 Pack,TRUE,4804940,232259
4433,Mylanta Fastchews Antacid Tablets Mint 3 X 8 Pack,TRUE,3450761,820971
4434,Nads Hair Removal Cream For Men 200ml,TRUE,2277945,248104
4435,Nads Strawberries & Cream Waxing Dots 200g,TRUE,5854808,226467
4436,Nair Bladeless Shave Rosewater 142g,TRUE,5854783,226472
4437,Nair Hair Removal Cream Shower Power Max 312g,TRUE,7660336,355278
4438,Nair Hair Removal Shower Cream Sensitive Coconut Oil 357g,TRUE,4477413,164654
4439,Nair Sensitive Wax Strips 40 Pack,TRUE,2904692,46592
4440,Naked Life Non Alcoholic Classic Gin & Tonic 250ml X4 Pack,TRUE,4451690,179268
4441,Naked Life Non Alcoholic Italian Spritz 250ml X4 Pack,TRUE,4453084,179818
4442,Naked Life Non Alcoholic Margarita 250ml X4 Pack,TRUE,4451680,179179
4443,Naked Life Non Alcoholic Wimbledon Spritz 250ml X4 Pack,TRUE,4456694,179448
4444,Naked Life Non Alcoholic Yuzu Sake 250ml X4 Pack,TRUE,4456708,179688
4445,Nando's Lemon & Herb Peri-peri Quick Marinade 260g,TRUE,8451240,701943
4446,Nando's Lemon & Herb Rub Spice Seasoning 25g,TRUE,2473310,581135
4447,Nando's Medium Peri-peri Chilli Sauce Peri Peri Sauce 250g,TRUE,2789620,473749
4448,Nando's Medium Peri-peri Quick Marinade 262g,TRUE,9899488,720003
4449,Nando's Medium Rub Spice Seasoning 25g,TRUE,2473309,581165
4450,Nando's Mild Peri-peri Chilli Sauce Sauce 250g,TRUE,2412360,844408
4451,Nando's Peri Peri Rub Garlic Medium 25g,TRUE,5105968,232228
4452,Nando's Perinaise Garlic Peri-peri Mayonnaise Sauce 265g,TRUE,4277356,94176
4453,Nando's Perinaise Hot Peri-peri Mayonnaise Sauce 265g,TRUE,1727638,473744
4454,Nando's Perinaise Mild Peri-peri Mayonnaise Sauce 265g,TRUE,1412874,473746
4455,Nando's Perinaise Mild Peri-peri Mayonnaise Sauce 465g,TRUE,7070070,880522
4456,Nando's Perinaise Vegan Peri-peri Mayonnaise Sauce 265g,TRUE,4277345,167094
4457,Nando's Peri-peri Spice Chilli Salt 50g,TRUE,3219682,581143
4458,Nando's Xx Hot Peri-peri Chilli Sauce 250g,TRUE,3499308,122172
4459,Nanna's Apple Crumble,TRUE,9718506,87076
4460,Nanna's Family Pies & Desserts Apple Pie 600g,TRUE,187477,96610
4461,Nanna's Frozen Crepes,TRUE,2523586,942352
4462,Nanna's Multipack Pies & Desserts Apple & Blackberry Pie 4 Pack,TRUE,7686282,37552
4463,Nanna's Multipack Pies & Desserts Apple Pie 4 Pack,TRUE,2266246,800706
4464,Napro Palette 5.99 Rosewood Violet Permanent Colour Each,TRUE,6448879,268733
4465,Napro Palette 6.0 Natural Light Brown Permanent Colour Each,TRUE,3616922,52726
4466,Napro Palette 7.0 Light Brown Permanent Colour Each,TRUE,6449180,260406
4467,National Curried Chicken Pies 2 Pack 2 pack,TRUE,3764883,520213
4468,"National Pies Chunky Beef, Red Wine & Mushroom Pies 2 Pack 2 pack",TRUE,5763510,179733
4469,National Pies Classic Beef & Cheese Pie 2 Pack 2 pack,TRUE,3764872,94245
4470,National Pies Classic Beef & Pepper Pies 2 Pack 2 pack,TRUE,3764908,691493
4471,Naturale 100% Recycled Toilet Tissue 3 Ply 180 Sheets 12 Pack,TRUE,4813703,173155
4472,Nature Valley Salted Caramel Protein Nut Bars 4 Pack,TRUE,7083174,377286
4473,Natures Commonscents Bodywash Goats Milk & Paw Paw 600ml,TRUE,2274492,813638
4474,Natures Commonscents Goats Milk Body Wash 600ml,TRUE,2274470,672771
4475,Natures Organics Fruits Conditioner Balance Apple Fresh 500ml,TRUE,5859357,104199
4476,Natures Organics Fruits Conditioner Restore Coconut Lime 500ml,TRUE,2290965,683389
4477,Natures Organics Fruits Conditioner Shine Wild Berry 500ml,TRUE,8326781,104200
4478,Natures Organics Fruits Shampoo Balance Apple Fresh 500ml,TRUE,5859302,104193
4479,Natures Organics Fruits Shampoo Restore Coconut Lime 500ml,TRUE,2290954,683388
4480,Natures Organics Fruits Shampoo Shine Wild Berry 500ml,TRUE,8326770,104197
4481,"Nature's Own Calcium, Magnesium & Vitamin D Tablets For Bone Health 120 Pack",TRUE,3758520,205356
4482,Nature's Own Complete Sleep Advanced Tablets For Stress Relief 30 Pack,TRUE,9499446,153407
4483,Nature's Own Garlic Vitamin C + Horseradish Triple Strength Tablets 60 Pack,TRUE,2279383,827709
4484,Nature's Own Glucosamine Sulfate & Chondroitin Tablets For Joints 200 Pack,TRUE,4658597,155345
4485,Nature's Own Plant Based Omega 3 Capsules 125 Pack,TRUE,5806532,306592
4486,"Nature's Own Sleep Ezy Capsules With Hops, Valerian + Chamomile 100 Pack",TRUE,2898964,940166
4487,Nature's Own Vitamin B12 1000mcg Vitamin B Tablets For Energy 60 Pack,TRUE,9692854,205300
4488,Nature's Own Vitamin B3 500mg Vitamin B Tablets For Energy 60 Pack,TRUE,3470292,678276
4489,Nature's Own Vitamin D 1000iu D3 Capsules For Bone Health + Immunity 400 Pack,TRUE,5330228,243816
4490,Nature's Own Zinc + Vitamin C Chewable Tablets For Immune Support,TRUE,5330294,205349
4491,Nature's Way Adult Vita Gummies Hair Skin & Nails 60 Pack,TRUE,2564415,942010
4492,Nature's Way Adult Vita Gummies Probiotic & Prebiotic 65 Pack,TRUE,5347504,235578
4493,Nature's Way Advanced Omega Triple Strength Fish Oil 60 Pack,TRUE,8097550,376268
4494,Nature's Way Apple Cider Vinegar Gummies 65 Pack,TRUE,3753210,85116
4495,Nature's Way Ashwagandha Hard Capsules 50 Pack,TRUE,4808645,206486
4496,Nature's Way Beauty Collagen Gummies 40 Pack,TRUE,2897338,531548
4497,Nature's Way Beauty Collagen Mature Skin Gummies Orange Flavoured 40 Pack,TRUE,3753220,85103
4498,Nature's Way Beauty Collagen Tablets 60 Pack,TRUE,2564357,642324
4499,Nature's Way Glucosamine Tablets 1500mg 180 Pack,TRUE,6542083,306795
4500,Nature's Way High Strength Iron + Vitamin C & B12 Tablets 30 Pack,TRUE,4207984,149296
4501,Nature's Way Immunity Defense Garlic & Horseradish Immune Support 200 Pack,TRUE,9314733,169114
4502,Nature's Way Kids Omega-3 Fish Oil Smart Trio 60 Pack,TRUE,3470452,775078
4503,Natures Way Kids Smart High Strength Vita Gummies Triple Immune Support 50 Pack,TRUE,5804592,306658
4504,Nature's Way Kids Smart Iron Chewable Tablets 50 Pack,TRUE,3454580,57335
4505,Nature's Way Kids Smart Probiotic Choc Balls 50 Pack,TRUE,1279129,725423
4506,Nature's Way Kids Smart Vita Gummies Calm & Sleep 50 Pack,TRUE,5351057,236186
4507,Nature's Way Kids Smart Vita Gummies Eye Health 50 Pack,TRUE,3279469,846443
4508,Natures Way Kids Smart Vita Gummies Immune Support 120 Pack,TRUE,4223674,306710
4509,Nature's Way Kids Smart Vita Gummies Iron + Vitamin C 60 Pack,TRUE,4206711,151133
4510,Nature's Way Kids Smart Vita Gummies Multi + Vegies 60 Pack,TRUE,7969028,360600
4511,Nature's Way Kids Smart Vita Gummies Multivit + Iron Pastilles 40 Pack,TRUE,5818203,303953
4512,Nature's Way Kids Smart Vita Gummies Omega 120 Pack,TRUE,3753129,57344
4513,Nature's Way Kids Smart Vita Gummies Omega-3 Dha Fish Oil 60 Pack,TRUE,8162629,360601
4514,Nature's Way Kids Smart Vita Gummies Probiotic  Prebiotic Pastilles 50 Pack,TRUE,6496601,304185
4515,Nature's Way Kids Smart Vita Gummies Vitamin C + Zinc 60 Pack,TRUE,7969061,360599
4516,Nature's Way Kids Smart Vita Gummies Vitamin C Plus Zinc 120 Pack,TRUE,3629072,57343
4517,Nature's Way Kids Smart Vita Gummies Vitamin D Pastilles 50 Pack,TRUE,5804628,300874
4518,Nature's Way Kids Smart Vita-gummies Calcium 60 Pack,TRUE,9114020,705869
4519,Nature's Way Kids Smart Vita-gummies Multivitamin 120 Pack,TRUE,8097221,705837
4520,Nature's Way Kids Smart Vita-gummies Sugar Free Multi Trio 75 Pack,TRUE,3279505,674888
4521,Nature's Way Kids Vita Gummies Immunity 60 Pack,TRUE,1281404,751259
4522,Nature's Way Magnesium & Turmeric Tablets 150 Pack,TRUE,2897214,155581
4523,Nature's Way Magnesium Tablets 150 Pack,TRUE,6497025,306793
4524,Nature's Way Odourless Fish Oil 1000mg 450 Pack,TRUE,5359300,87390
4525,Nature's Way Odourless Fish Oil 1500mg 200 Pack,TRUE,7389276,88762
4526,Nature's Way Protein Powder Chocolate 375g,TRUE,9314766,169204
4527,Nature's Way Protein Powder Vanilla 375g,TRUE,5687604,192635
4528,Nature's Way Restore Daily Probiotic Chocballs 60 Pack,TRUE,9936573,711581
4529,Nature's Way Restore Probiotic 30 Billion 30 Pack,TRUE,1758755,780065
4530,Nature's Way Restore Probiotic 50 Billion 30 Pack,TRUE,4206700,155281
4531,Nature's Way Restore Probiotic Daily Health & Prebiotic 90 Pack,TRUE,2897190,780054
4532,Nature's Way Restore Probiotic Daily Health 28 Pack,TRUE,7518368,157069
4533,Nature's Way Restore Probiotic Gummies 60 Pack,TRUE,6496678,306345
4534,Nature's Way Sleeping Tablets 60 Pack,TRUE,3455255,120063
4535,Natures Way Slim Right Slimming Meal Replacement Chocolate Flavour,TRUE,4236235,91808
4536,Natures Way Slim Right Slimming Meal Vanilla Flavour,TRUE,4235866,91789
4537,Nature's Way Vita Gummies Vitamin D 120 Pack,TRUE,9925861,733388
4538,Nature's Way Vitagummies For Adults Daily Fibre 110 Pack,TRUE,1216253,725413
4539,Nature's Way Vitagummies For Adults Vitamin C 120 Pack,TRUE,9114268,711536
4540,Nature's Way Vitamin C & Zinc & Echinacea Immune Support 100 Pack,TRUE,3470420,815335
4541,Naturopathica Curcumax Turmeric Daily 3100mg Tablets 80 Pack,TRUE,2897291,150790
4542,Naturopathica Fat Blaster Chocolate Shake,TRUE,3139186,627658
4543,Naturopathica Fat Blaster Mocha Shake,TRUE,3139211,627659
4544,Naturopathica Fat Blaster Raspberry Shake,TRUE,3139222,627673
4545,Naturopathica Fat Blaster Vanilla Shake,TRUE,3139200,627674
4546,Natvia 100% Natural Sweetener 350g,TRUE,7497483,534207
4547,Natvia Gold Sweetener 250g,TRUE,4827617,104327
4548,Natvia Sweetener Sticks 40 Pack,TRUE,7497461,741011
4549,Neat Feat Spandex Gel Metatarsal Cushion Each,TRUE,6420541,81607
4550,Nerada Loose Leaf Tea 250g,TRUE,145127,33072
4551,Nerada Organic Camomile Tea Bags 40 Pack,TRUE,6384980,262165
4552,Nerada Organic Lemon & Ginger Tea Bags 40 Pack,TRUE,1412954,326720
4553,Nerada Organic Peppermint Tea Bags 40 Pack 60g,TRUE,6384969,262170
4554,Nerada Organic Rooibos & Vanilla Tea Bags 50 Pack,TRUE,6378616,319056
4555,Nerada Tea Bags 100 Pack 200g,TRUE,496507,76493
4556,Nerada Tea Bags 200 Pack 400g,TRUE,24304,75979
4557,Nerada Tea Bags 50 Pack 100g,TRUE,362781,91963
4558,Nescafe 98% Sugar Free Caramel Latte Coffee Sachets 10 Pack,TRUE,3984100,115795
4559,Nescafe 98% Sugar Free Choc Hazelnut Mocha Coffee Sachets,TRUE,6316583,224622
4560,Nescafe 98% Sugar Free Latte Coffee Sachets 10 Pack,TRUE,3984096,115138
4561,Nescafe 98% Sugar Free Mocha Coffee Sachets,TRUE,4929570,159506
4562,Nescafe 98% Sugar Free Mocha Coffee Sachets 10 Pack,TRUE,3984110,115794
4563,Nescafe 98% Sugar Free Vanilla Malt Latte Coffee Sachets 10 Pack,TRUE,6316594,222700
4564,Nescafe Blend 43 Instant Coffee 150g,TRUE,8228669,33835
4565,Nescafe Blend 43 Instant Coffee 500g,TRUE,202672,35694
4566,Nescafe Blend 43 Instant Coffee 50g,TRUE,116220,33832
4567,Nescafe Cappuccino Coffee Sachets 10 Pack,TRUE,9577540,195108
4568,Nescafe Cappuccino Coffee Sachets 26 Pack,TRUE,2868023,549559
4569,Nescafe Caramel Latte Coffee Sachets 10 Pack,TRUE,4461854,226908
4570,Nescafe Caramel Latte Coffee Sachets 26 Pack,TRUE,2867993,549613
4571,Nescafe Colombia Decaf Farmers Origins Nespresso Approved Coffee Pods 10 Pack,TRUE,3890607,151045
4572,Nescafe Colombia Farmers Origins Nespresso Approved Coffee Pods 10 Pack,TRUE,6196620,301155
4573,Nescafe Decaf Cappuccino Coffee Sachets 10 Pack,TRUE,4976956,22780
4574,Nescafe Dolce Gusto Ristretto Ardenza Spicy & Peppery 16 Pack 16 pack,TRUE,8059743,661657
4575,Nescafe Double Shot Latte Coffee Sachets 10 Pack,TRUE,5578165,242067
4576,Nescafe Farmers Origins Africas Nespresso Approved Coffee Pods 10 Pack,TRUE,3890630,151200
4577,Nescafe Farmers Origins Brazil Nespresso Approved Coffee Pods 10 Pack,TRUE,3890629,151242
4578,Nescafe Farmers Origins India Nespresso Approved Coffee Pods 10 Pack,TRUE,3890640,151201
4579,Nescafe Gold Orginal Soluble Instant Coffee 100g,TRUE,8049750,687035
4580,Nescafe Gold Orginal Soluble Instant Coffee 200g,TRUE,8048033,687062
4581,Nescafe Gold Short Black Soluble Instant Coffee 100g,TRUE,8050829,686999
4582,Nescafe Gold Smooth Soluble Instant Coffee 180g,TRUE,3208201,703743
4583,Nescafe Hazelnut Latte Coffee Sachets 10 Pack,TRUE,4491550,226666
4584,Nescafe Hazelnut Latte Coffee Sachets 26 Pack,TRUE,4156861,549619
4585,Nescafe Latte Coffee Sachets 10 Pack,TRUE,4156883,22823
4586,Nescafe Mocha Coffee Sachets 10 Pack,TRUE,4461832,226106
4587,Nescafe Mocha Coffee Sachets 26 Pack,TRUE,2868001,549621
4588,Nescafe Scorched Almond Mocha Coffee Sachets,TRUE,4926652,144031
4589,Nescafe Starbucks Medium Roast Premium Instant Coffee 90g,TRUE,3771798,101681
4590,Nescafe Strong Cappuccino Coffee Sachets 10 Pack,TRUE,5694097,259079
4591,Nescafe Strong Cappuccino Coffee Sachets 26 Pack,TRUE,2868034,549624
4592,Nescafe Vanilla Latte Coffee Sachets 10 Pack,TRUE,4462846,226906
4593,Nescafe Vanilla Latte Coffee Sachets 26 Pack,TRUE,2868012,549623
4594,Nescafe White Choc Mocha Inspired By Milkybar Coffee Sachets,TRUE,4926630,222954
4595,Nesquik Chocolate 500g,TRUE,116107,33889
4596,Nestle Aero Hot Chocolate 10 Pack,TRUE,3735400,85567
4597,Nestle Aero Peppermint 118g Block,TRUE,7157168,370559
4598,Nestle Aero Peppermint 40g Bar,TRUE,5823950,330355
4599,Nestle Bakers Choice Cocoa 190g,TRUE,8966229,755111
4600,Nestle Bakers' Choice Dark Choc Bits 200g,TRUE,299903,490008
4601,Nestle Bakers' Choice Dark Choc Melts 290g,TRUE,447578,489888
4602,Nestle Bakers' Choice Milk Choc Bits 200g,TRUE,333852,490082
4603,Nestle Bakers' Choice Milk Choc Bits Value Pack 375g,TRUE,3834050,490090
4604,Nestle Bakers' Choice Milk Choc Melts 290g,TRUE,305008,490001
4605,Nestle Bakers' Choice White Choc Bits 200g,TRUE,5222586,490083
4606,Nestle Bakers' Choice White Choc Melts 290g,TRUE,472848,490010
4607,Nestle Carnation Creamy Evaporated Milk 340ml,TRUE,3964496,150443
4608,Nestle Carnation Light & Creamy Evaporated Milk 340ml,TRUE,3964510,151917
4609,Nestle Carnation Lite Cooking Cream 300ml,TRUE,3989624,150173
4610,Nestle Coffee & Milk Tin 395g,TRUE,3995999,160019
4611,Nestle Coffee Mate Coffee Flavouring Whitener 400g,TRUE,9693948,212816
4612,Nestle Malted Milk 500g,TRUE,8221794,103284
4613,Nestle Milkybar 11 Piece Share Pack 158g,TRUE,6991746,306622
4614,Nestle Milkybar Milk & Cookies,TRUE,8189705,370563
4615,Nestle Milkybar White Chocolate Block,TRUE,7767770,98341
4616,Nestle Milo 30% Less Added Sugar 395g,TRUE,3520277,875163
4617,Nestle Milo Choc-malt 1kg,TRUE,3854396,192985
4618,Nestle Milo Choc-malt 200g,TRUE,6414618,274341
4619,Nestle Milo Dipped Snack Bars With White Chocolate 10 Pack,TRUE,8221251,797102
4620,Nestle Milo Energy Dairy Snack 150g,TRUE,3116078,623659
4621,Nestle Milo Pro 700g,TRUE,6276616,291873
4622,Nestle Milo Protein Cereal 535g,TRUE,7019313,387014
4623,Nestle Nesquik Breakfast Cereal,TRUE,4944891,247242
4624,Nestle Plaistowe 70% Cocoa Baking Chocolate Block 180g,TRUE,5249243,227127
4625,Nestle Plaistowe Cocoa Premium 180g,TRUE,9867700,723948
4626,Nestle Plaistowe Dark Chocolate Baking Block 180g,TRUE,5249232,227337
4627,Nestle Plaistowe Milk Chocolate Baking Block 180g,TRUE,5249221,227173
4628,Nestle Plaistowe White Chocolate Baking Block 180g,TRUE,9536101,188643
4629,Nestle Reduced Fat Uht Cream 230ml,TRUE,3964521,151706
4630,Nestle Rolo 52g,TRUE,2932064,36456
4631,Nestle Rolo Milk Chocolate Caramel Block,TRUE,5763316,87173
4632,Nestle Skim Sweetened Condensed Milk 410g,TRUE,3964532,151067
4633,Nestle Smarties Box 50g,TRUE,142413,98471
4634,Nestle Smarties Incredible Egg 200g,TRUE,7059919,414510
4635,Nestle Smarties Party Size 340g,TRUE,9405840,348166
4636,Nestle Soothers Throat Lozenge Eucalyptus & Menthol 3 Pack,TRUE,5096437,2979
4637,Nestle Soothers Throat Lozenges Blackcurrant 30 Pack,TRUE,5516011,66427
4638,Nestle Sweetened Condensed Milk 170g,TRUE,3774617,169393
4639,Nestle Sweetened Condensed Milk 395g,TRUE,4727612,105914
4640,Nestle Top N Fill Caramel 395g,TRUE,3968680,85133
4641,Neutrogena Advanced Acne Serum 30ml,TRUE,4320284,168999
4642,Neutrogena Beach Defence Spray Sunscreen Spf 50 184g,TRUE,1479988,765233
4643,Neutrogena Deep Clean Cream Face Cleanser 200g,TRUE,7714990,13063
4644,Neutrogena Deep Clean Facial Cleanser 200ml,TRUE,7714231,13365
4645,Neutrogena Deep Clean Foaming Face Cleanser 175g,TRUE,9617134,196946
4646,Neutrogena Deep Clean Invigorating Foaming Face Scrub 125ml,TRUE,5302685,253606
4647,Neutrogena Fresh Foaming Cleanser,TRUE,7313183,248761
4648,Neutrogena Hydro Boost Hyaluronic Acid Face Cleanser Water Gel 145ml,TRUE,2995778,630647
4649,Neutrogena Hydro Boost Hyaluronic Acid Hydrating Hydrogel Face Mask,TRUE,3240645,676209
4650,Neutrogena Hydro Boost Hyaluronic Acid Night Cream Face Moisturiser 50g,TRUE,5427625,798188
4651,Neutrogena Oil Free Acne Face Scrub 125ml,TRUE,3962140,258417
4652,Neutrogena Oil Free Acne Wash Face Cleanser 175ml,TRUE,9245583,168379
4653,Neutrogena Ultra Sheer Body Lotion Sunscreen Spf 50 85ml,TRUE,6402652,765738
4654,Neutrogena Ultra Sheer Face Lotion Sunscreen Spf 50 88ml,TRUE,6402641,795386
4655,Nevana Pizza Base 12 Pack,TRUE,5618146,226581
4656,New Chinese Garden Honey Chicken Gluten Free Meal Kit Frozen Meal 320g,TRUE,6617808,182479
4657,Nexba Mixed Berry Sugar-free Kombucha 330ml X 4 Pack,TRUE,3529191,808011
4658,Nibblish Gently Baked Mango 80g,TRUE,5616129,244038
4659,Nibblish Gently Baked Pineapple 80g,TRUE,5616140,244823
4660,Nicabate Minis Extra Strength 4mg Lozenges Mint 20 Pack,TRUE,7003834,387443
4661,"Nicabate Nicabate Clear Patch Quit Smoking Step 1, 21 Mg 14 Pack",TRUE,6137904,277752
4662,"Nicabate Nicabate Clear Patch Quit Smoking Step 2, 14 Mg 7 Pack",TRUE,5069310,249252
4663,Nicabate Quit Smoking Chewing Gum Extra Strength 4mg Nicotine 100 Pack,TRUE,2837471,519449
4664,Nicabate Quit Smoking Chewing Gum Extra Strength 4mg Nicotine 200 Pack,TRUE,3414032,62903
4665,Nicabate Quit Smoking Chewing Gum Extra Strength 4mg Nicotine 30 Pack,TRUE,3733610,618654
4666,Nicabate Quit Smoking Chewing Gum Regular Strength 2mg Nicotine 100 Pack,TRUE,2837450,519447
4667,Nicabate Quit Smoking Chewing Gum Regular Strength 2mg Nicotine 200 Pack,TRUE,3414054,62922
4668,Nicabate Quit Smoking Chewing Gum Regular Strength 2mg Nicotine 30 Pack,TRUE,3733620,618656
4669,Nicabate Quit Smoking Mini Lozenge 4mg Nicotine 60 Pack,TRUE,7003867,387502
4670,Nicaway Nicaway Stop Smoking Mint Gum 2mg 96 Pack,TRUE,5005726,764208
4671,Nicaway Nicaway Stop Smoking Mint Gum 4mg 96 Pack,TRUE,5005941,764209
4672,Nicaway Nicotine Mint Gum 2mg,TRUE,3990000,274772
4673,Nice & Natural Fruit Strings Strawberry 136g,TRUE,1018329,334160
4674,Nice & Natural Nut Butter Bars Peanut Butter & Salted Caramel 5 Pack,TRUE,5153585,340978
4675,Nice & Natural Thick Shake Bars Chocolate Flavoured 6 Pack,TRUE,6397621,238058
4676,Nice & Natural Thick Shake Bars Strawberry Flavour 6 Pack,TRUE,6397643,237381
4677,Nice & Natural Thickshake Bars Vanilla 6 Pack,TRUE,6397600,348636
4678,Nicorette Gum Classic 4mg Extra Strenth 210 Pack,TRUE,8916468,528280
4679,Nicorette Gum Fresh Fruit 4mg Extra Strenth 210 Pack,TRUE,8916526,519534
4680,Nicorette Nicotine Gum Classic 2mg Regular Strength 210 Pack 210 pack,TRUE,8916479,506574
4681,Nicorette Quit Smoking Extra Strength Cooldrops Lozenge Icy Mint 4 X 20 Pack,TRUE,1744171,780628
4682,Nicorette Quit Smoking Extra Strength Icy Mint Gum 4mg,TRUE,2838190,519075
4683,Nicorette Quit Smoking Extra Strength Nicotine Gum Classic,TRUE,8791078,370978
4684,Nicorette Quit Smoking Extra Strength Nicotine Gum Freshfruit 75 Pack,TRUE,3163588,800066
4685,Nicorette Quit Smoking Extra Strength Nicotine Gum Icy Mint 75 Pack,TRUE,8790950,370977
4686,Nicorette Quit Smoking Extra Strength Nicotine Gum Spearmint,TRUE,3878623,118696
4687,Nicorette Quit Smoking Nicotine 16 Hour Invisipatch Step 1 25mg 7 Pack,TRUE,2864769,762851
4688,Nicorette Quit Smoking Nicotine 16 Hour Invisipatch Step 2 15mg,TRUE,5018138,140470
4689,Nicorette Quit Smoking Quickmist Nicotine Mouth Spray Coolberry 2 X 150 Pack,TRUE,3878168,65268
4690,Nicorette Quit Smoking Quickmist Nicotine Mouth Spray Freshmint 150 Pack,TRUE,9982082,733564
4691,Nicorette Quit Smoking Quickmist Nicotine Mouth Spray Freshmint 2 X 150 Pack,TRUE,3733664,683857
4692,Nicorette Quit Smoking Quickmist Smart Track Mouth Spray Freshmint,TRUE,5018105,203793
4693,Nicorette Quit Smoking Regular Strength Cooldrops Lozenge Icy Mint 4 X 20 Pack,TRUE,1744150,780622
4694,Nicorette Quit Smoking Regular Strength Fresh Fruit Gum 2mg 75 Pack,TRUE,3163577,800065
4695,Nicorette Quit Smoking Regular Strength Nicotine Gum Classic,TRUE,8791067,370979
4696,Nicorette Quit Smoking Regular Strength Nicotine Gum Classic,TRUE,3878645,138502
4697,Nicorette Quit Smoking Regular Strength Nicotine Gum Icy Mint,TRUE,2838113,519074
4698,Nicorette Quit Smoking Regular Strength Nicotine Gum Icy Mint 75 Pack,TRUE,8790949,370976
4699,Nicorette Quit Smoking Regular Strength Nicotine Gum Spearmint,TRUE,3878587,117914
4700,Nifti All Purpose Cleaner Trigger Spray 500ml,TRUE,221462,44374
4701,Nissin Noodle Bowl Xo Seafood 110g,TRUE,1383710,828196
4702,Nivea 3 In 1 Anti Age Care Hand Cream Enriched With Q10 100ml,TRUE,3994431,147872
4703,Nivea Aloe & Soothing Hydrating Body Lotion 400ml,TRUE,3727140,72569
4704,Nivea Black & White Fresh Aerosol Antiperspirant Deodorant 250ml,TRUE,3048885,635386
4705,Nivea Black & White Max Protection Antiperspirant Deodorant 250ml,TRUE,4474324,165472
4706,Nivea Black&white Invisible Aerosol Antiperspirant Deodorant 250ml,TRUE,1996403,790566
4707,Nivea Cellular Lift Expert Anti-age Night Cream Moisturiser 50ml,TRUE,4957102,196583
4708,Nivea Cherry Blossom & Jojoba Oil Infused Body Lotion 400ml,TRUE,3419171,819947
4709,Nivea Cocoa Butter Body Lotion 48 Hour Deep Moisturiser 400ml,TRUE,3240543,674479
4710,Nivea Coconut & Monoi Oil Infused Body Lotion 400ml,TRUE,3727151,72570
4711,Nivea Crème Soft Care Body Soap Twin Pack 100g X 2 Pack,TRUE,7601610,364482
4712,Nivea Double Effect Aerosol Antiperspirant Deodorant 250ml,TRUE,1996414,790569
4713,Nivea Express Hydration Body Lotion Fast Absorbing Moisturiser 400ml,TRUE,7199000,370877
4714,Nivea Extra Gentle Eye Makeup Remover With Provitamin B5 120ml,TRUE,2458327,13865
4715,Nivea Gentle Biodegradable Face Cleansing Makeup Wipes 25 Pack,TRUE,9357747,147590
4716,Nivea Gentle Exfoliating Face Scrub For Normal & Combination Skin 150ml,TRUE,3978184,138040
4717,Nivea Hydrating Night Cream Face Moisturiser With Vitamin E 50ml,TRUE,8581982,381551
4718,Nivea Intense Protection Deodorant Spray Fresh 250ml,TRUE,5309673,311195
4719,Nivea Intense Protection Fresh Roll On Deodorant 50ml,TRUE,5311234,699670
4720,Nivea Lip Care Pomegranate Shine Lip Balm For Dry Lips 4.8g,TRUE,5461350,229472
4721,Nivea Lip Care Watermelon Shine Lip Balm For Dry Lips 4.8g,TRUE,4322494,103147
4722,Nivea Lip Hydrocare Lip Balm With Spf15 For Dry & Cracked Lips 4.8g,TRUE,6693996,273110
4723,Nivea Lip Original Moisturising Lip Balm For Dry & Cracked Lips 4.8g,TRUE,9479890,567595
4724,Nivea Lip Repair & Protect Lip Balm For Dry Lips & Cracked Lips 4.8g,TRUE,9479937,188405
4725,Nivea Men 72hr Anti Perspirant Fresh Sensation 250ml,TRUE,6380141,265743
4726,Nivea Men Active Clean 3 In 1 Shower Gel & Body Wash 500ml,TRUE,2497817,893149
4727,Nivea Men Anti Age Face Moisturiser With Hyaluronic Acid 50ml,TRUE,4476760,157322
4728,Nivea Men Black & White Fresh Roll On Deodorant 50ml,TRUE,3049006,635387
4729,Nivea Men Black & White Max Protection Aerosol Deodorant 250ml,TRUE,4474313,165474
4730,Nivea Men Black & White Original Antiperspirant Deodorant 250ml,TRUE,1184598,748677
4731,Nivea Men Black & White Original Roll On Deodorant 50ml,TRUE,8445011,381128
4732,Nivea Men Black&white Fresh Aerosol Antiperspirant Deodorant 250ml,TRUE,3048896,635384
4733,Nivea Men Cool Kick Aerosol Antiperspirant Deodorant 250ml,TRUE,1184623,748713
4734,Nivea Men Cool Kick Antiperspirant Roll On Deodorant 50ml,TRUE,4282491,231635
4735,Nivea Men Deep 3 In 1 Shower Gel & Body Wash 500ml,TRUE,3234370,809461
4736,Nivea Men Deep Aerosol Antiperspirant Deodorant 250ml,TRUE,3234347,699889
4737,Nivea Men Deep Amazonia Aerosol Antiperspirant Deodorant 250ml,TRUE,3820951,77792
4738,Nivea Men Deep Antiperspirant Roll On Deodorant 50ml,TRUE,3363022,699589
4739,Nivea Men Deep Clean Face Wash & Face Cleanser With Aloe Vera 150ml,TRUE,2862413,575868
4740,Nivea Men Deep Espresso Aerosol Antiperspirant Deodorant 250ml,TRUE,3820918,77832
4741,Nivea Men Deep Face Wash & Beard Wash 100ml,TRUE,3365571,803240
4742,Nivea Men Deep Rapid Acne Clear Face Wash For Acne Prone Skin 150ml,TRUE,5311303,218700
4743,Nivea Men Deep Shaving Gel For All Skin Types 200ml,TRUE,3234369,803241
4744,Nivea Men Everyday Active Aerosol Antiperspirant Deodorant 250ml,TRUE,1184587,748712
4745,Nivea Men Everyday Active Fresh Antiperspirant Deodorant 250ml,TRUE,3363000,699896
4746,"Nivea Men Hydrating Moisturiser For Face, Hands & Body 150ml",TRUE,2274233,827111
4747,Nivea Men Intense Protection Fresh Roll On Deodorant 50ml,TRUE,5355182,234616
4748,Nivea Men Intense Protection Sport Roll On Deodorant 50ml,TRUE,5311201,229206
4749,Nivea Men Intense Protection Strength Roll On Deodorant 50ml,TRUE,5311212,749477
4750,Nivea Men Originals Moisturising Shaving Foam 200ml,TRUE,8477798,111339
4751,Nivea Men Power Refresh Shower Gel & Body Wash 24 Hour Effect 500ml,TRUE,1749914,779510
4752,Nivea Men Protect & Care Face Moisturiser Cream With Spf15 75ml,TRUE,5184341,248324
4753,Nivea Men Protect & Care Face Wash & Exfoliating Face Scrub 125ml,TRUE,3127471,575099
4754,Nivea Men Protect & Care Moisturising Shaving Gel 200ml,TRUE,5209737,248013
4755,Nivea Men Sensitive 3 In 1 Shower Gel & Body Wash 500ml,TRUE,2862286,754992
4756,Nivea Men Sensitive Aerosol Antiperspirant Deodorant 250ml,TRUE,1184612,748714
4757,Nivea Men Sensitive Anti-irritation Stubble Shaving Gel 200ml,TRUE,3819136,79894
4758,Nivea Men Sensitive Face Wash With Chamomile & Vitamin E 100ml,TRUE,6786871,320599
4759,Nivea Men Sensitive Protective Face Moisturiser Cream With Spf15 75ml,TRUE,4496407,225026
4760,Nivea Men Sensitive Shave Balm 5 In 1 Protection 50ml,TRUE,8478145,111999
4761,Nivea Men Sensitive Shave Foam With 5 In 1 Protection 200ml,TRUE,1740647,263140
4762,Nivea Men Sensitive Shave Gel With Chamomile & Vitamin E 200ml,TRUE,8477914,111340
4763,Nivea Men Skin Energy Face Wash Gel With Vitamin+ & Caffeine 150ml,TRUE,7434993,340577
4764,Nivea Men Skin Energy Moisturising Face Cream With Caffeine 50ml,TRUE,9875763,146113
4765,Nivea Men Stress Protect Aerosol Antiperspirant Deodorant 250ml,TRUE,1184601,749506
4766,Nivea Micellar Biodegradable Face Cleansing Makeup Wipes 25 Pack,TRUE,2794142,148303
4767,Nivea Pearl & Beauty Aerosol Antiperspirant Deodorant 250ml,TRUE,3821149,855564
4768,Nivea Pearl & Beauty Fine Fragrance Antiperspirant Deodorant 250ml,TRUE,5311267,196783
4769,Nivea Pearl & Beauty Fine Fragrance Antiperspirant Deodorant 50ml,TRUE,5311289,229373
4770,Nivea Pearl & Beauty Roll On Antiperspirant Deodorant 50ml,TRUE,5312077,253574
4771,Nivea Pore Purifying 3 In 1 Cleanser For Skin With Impurities 150ml,TRUE,5460347,147536
4772,Nivea Pure Invisible Antiperspirant Roll On Deodorant 50ml,TRUE,4715828,231634
4773,Nivea Q10 Anti Wrinkle Eye Cream With Q10 & Creatine 15ml,TRUE,3419240,819946
4774,Nivea Q10 Anti Wrinkle Mature Day Cream Face Moisturiser 50ml,TRUE,3727184,73004
4775,Nivea Q10 Anti Wrinkle Mature Night Cream Face Moisturiser 50ml,TRUE,3727195,72668
4776,Nivea Q10 Plus Firming Body Lotion With Vitamin C 400ml,TRUE,7200019,89596
4777,Nivea Refreshing Biodegradable Face Cleansing Makeup Wipes 25 Pack,TRUE,8480690,113896
4778,Nivea Refreshing Facial Toner For Normal & Combination Skin 200ml,TRUE,3978173,138039
4779,Nivea Rich Lather Coconut & Jojoba Oil Body Wash & Shower Gel 1l,TRUE,3227206,694039
4780,Nivea Rich Lather Natural Aloe Vera Moisturising Body Wash 1l,TRUE,3517374,51646
4781,Nivea Rich Lather Passion Fruit & Manoi Oil Body Wash 1l,TRUE,3832054,103900
4782,Nivea Rich Lather Soft & Almond Oil Body Wash & Shower Gel 1l,TRUE,3227217,694036
4783,Nivea Rich Nourishing Body Lotion Deep Moisturiser For Dry Skin 400ml,TRUE,7198992,28694
4784,Nivea Sensitive Protect Roll On Antiperspirant Deodorant 50ml,TRUE,2670649,728639
4785,Nivea Smooth Hand Care & Nail Care Hand & Nail Cream 100ml,TRUE,7047909,147780
4786,Nivea Soft Crème Infused With Jojoba Oil & Vitamin E 200ml,TRUE,6086596,26807
4787,Nivea Sun Kids Protect & Play Spf50 Roll-on Sunscreen 65ml,TRUE,9870941,764346
4788,Nivea Sun Protect & Moisture Lock Spf50+ Sunscreen 400ml,TRUE,2794164,402160
4789,Nivea Sun Protect & Moisture Lock Spf50+ Sunscreen Lotion 100ml,TRUE,2794175,503231
4790,Nivea Sun Protect & Moisture Lock Spf50+ Sunscreen Spray 300ml,TRUE,2995814,634267
4791,Nivea Sun Sensitive Protect Spf50 Sunscreen Lotion 100ml,TRUE,3531670,56040
4792,Nivea Sun Sensitive Protect Spf50 Sunscreen Lotion 200ml,TRUE,3531692,56041
4793,Nivea Sun Ultra Sport Cooling Spf50+ Sunscreen Spray 200ml,TRUE,2459603,793748
4794,Nivea Sun Ultra Sport Cooling Sunscreen Trigger Spray Spf50+ 300ml,TRUE,3283568,699407
4795,No Pong Fragrance Free Vegan Solid Deodorant 35g,TRUE,5311879,140803
4796,No Vac Instant Spot & Stain Remover 290g,TRUE,3060235,92818
4797,No Vac Sanitiser & Deodoriser Carpet Fresh Pet 290g,TRUE,8149879,272457
4798,No Vac Sanitiser & Deodoriser Carpet Garden Breeze 290g,TRUE,8143941,204867
4799,No Vac Sanitiser & Deodoriser Carpet Purifying Breeze 290g,TRUE,3060235,776080
4800,No Way Collagen Choc Orange Jelly Bar 60g,TRUE,6190180,198654
4801,Nobby's Crispy Bacon Bite Snacks 40g,TRUE,3852437,82264
4802,Nobby's Pork Crackle Spicy Barbecue Snacks 50g,TRUE,4383808,141771
4803,Nobby's Salted Beer Nuts 375g,TRUE,184253,23089
4804,Nobby's Salted Peanuts 375g,TRUE,169828,95889
4805,Nomo Caramel Chocolate Bar 38g,TRUE,6341605,290047
4806,Nongshim Stir Fry Shin Ramyun,TRUE,3992833,252207
4807,Norco Elbo Style Cheese Block 500g,TRUE,447556,647416
4808,Norco Full Cream Milk 2l,TRUE,3892839,44528
4809,Norco Ice Cream Chocolate Choc Cookie 2l,TRUE,7087084,387746
4810,Norco Skim Milk 2l,TRUE,6474744,260729
4811,Normandie Pate Chicken With Cognac 150g,TRUE,476420,30035
4812,Normandie Pate Chicken With Cointreau,TRUE,5686394,64363
4813,Normandie Pate Pods Mixed Pack 200g,TRUE,1861619,784926
4814,Norsca Aerosol Deodorant Finger Lime & Gardenia 130g,TRUE,6374557,300990
4815,Norsca Aerosol Deodorant Rosemary & Australian Thyme 130g,TRUE,6374535,299370
4816,Norsca Aerosol Deodorant Salt Bush & Coconut 130g,TRUE,6374502,303946
4817,Norsca Anti-perspirant Forest Fresh 130g,TRUE,6405617,296621
4818,Norsca Anti-perspirant Instant Adrenaline 130g,TRUE,6405606,303948
4819,Norsca Deodorant Roll On Forest Fresh 50ml,TRUE,5171044,37747
4820,Noshu 95% Sugar Free White Choc Baking Chips,TRUE,3591457,28907
4821,Noshu 97% Sugar Free Caramel Mud Cakes 170g,TRUE,7171089,387504
4822,Noshu 97% Sugar Free Caramel Spice Donut 45g,TRUE,5120586,940815
4823,Noshu 97% Sugar Free Dark Choc & Raspberry Donut 45g,TRUE,5120575,940893
4824,Noshu 97% Sugar Free Dark Choc Baking Chips,TRUE,4357841,143626
4825,Noshu 97% Sugar Free Strawberry Donut 45g,TRUE,7265230,677742
4826,Noshu 98% Sugar Free Buttermilk Pancake Mix 240g,TRUE,3997032,115760
4827,Noshu 99% Sugar Free Low Carb Pancake Mix 240g,TRUE,3765693,84629
4828,Noshu Birthday Cake Donut 45g,TRUE,5120430,72553
4829,Noshu Less Sugar Milk Chocolate Wafer Crisp Bites 100g,TRUE,6435163,236126
4830,Noshu Less Sugar White Chocolate Raspberry Bites 100g,TRUE,6435185,236826
4831,Noshu Low Carb Cherry & Coconut Indulgence Bars 5 Pack,TRUE,4256662,172586
4832,Noshu Low Carb Coconut Bliss Indulgence Bars 5 Pack,TRUE,4256673,172607
4833,"Noshu Low Carb Nut Bars Chocolate, Berry & Roasted Almond 5 Pack",TRUE,5200379,221066
4834,Noshu Low Carb Peanut & Caramel Nougat Indulgence Bars 5 Pack,TRUE,4256684,174352
4835,Noshu Sugar Free Banana Bread,TRUE,5111440,242149
4836,Noway Collagen Bar Birthday Cake 45g,TRUE,6175608,257379
4837,Noway Collagen Jelly Bar Belgian Choc 60g,TRUE,6190259,199016
4838,Noway Collagen Marshmallow Bar Strawberry 45g,TRUE,6175594,256306
4839,Noway Collagen Marshmallow Bar Vanilla 45g,TRUE,6175583,255319
4840,Nudie 100% Apple Juice 2l,TRUE,7895817,359119
4841,Nudie 100% Orange Juice 400ml,TRUE,3724390,701518
4842,"Nudie Antioxidant Carrot, Turmeric, Orange, Apple & Lime 1l",TRUE,5626676,190802
4843,Nudie Coco Juice Apple Mixed Berries & Coconut Water 400ml,TRUE,8885386,882329
4844,"Nudie Immunity Hit Beetroot, Carrot, Orange, Pear & Ginger 1l",TRUE,5626654,190178
4845,Nudie Nothing But Apples Cloudy Juice 3l,TRUE,3184704,665417
4846,Nudie Nothing But Orange Double Pulp 2l,TRUE,2802921,448581
4847,Nudie Nothing But Orange Pulp Free 400ml,TRUE,3893489,64365
4848,Nudie Nothing But Oranges Pulp Free Juice 1l,TRUE,8738552,801811
4849,Nudie Nothing But Oranges Pulp Free Juice 2l,TRUE,8738439,702170
4850,Nudie Nothing But Oranges With Pulp 2l,TRUE,7895759,359118
4851,Nudie Nothing But Winter Goodness Juice,TRUE,2917526,302584
4852,Nudie Probiotic Smoothie Mango Pear Passionfruit Orange Banana 400ml,TRUE,4477752,231289
4853,"Nudie Probiotic Smoothie Strawberry, Raspberry, Pear, Orange Banana 400ml",TRUE,4477763,231291
4854,Nuffin Beetroot Dip 200g,TRUE,8711261,239188
4855,Nuffin Hommus Dip 200g,TRUE,7757530,208397
4856,Nu-lax Laxatives Natural Fruit 250g,TRUE,113674,7945
4857,Nurofen Pain And Inflammation Relief Caplets 200mg Ibuprofen 24 Pack,TRUE,9677920,203640
4858,Nurofen Pain And Inflammation Relief Tablets 200mg Ibuprofen 24 Pack,TRUE,9677985,203647
4859,Nurofen Zavance Fast Pain Relief Caplets 256mg Ibuprofen 24 Pack,TRUE,6841131,320783
4860,Nurofen Zavance Fast Pain Relief Liquid Capsules Ibuprofen 20 Pack,TRUE,7273136,333586
4861,Nurofen Zavance Fast Pain Relief Tablets 256mg Ibuprofen 24 Pack,TRUE,6841110,320786
4862,Nutella B-ready Biscuit Multipack 6 Pack,TRUE,3935909,129892
4863,Nutella Hazelnut Chocolate Spread 12pack,TRUE,2117111,795886
4864,Nutella Hazelnut Chocolate Spread 220g,TRUE,9468045,187099
4865,Nutella Hazelnut Chocolate Spread 400g,TRUE,9032651,147312
4866,Nutella Hazelnut Chocolate Spread 750g,TRUE,6690772,147314
4867,Nuttelex Buttery 1kg,TRUE,4514859,85577
4868,Nuttelex Buttery Table Spread 500g,TRUE,3056920,899765
4869,Nuttelex Polyunsaturated Margarine Spread 500g,TRUE,209161,41285
4870,Nyal Cold & Flu Fighter Day & Night Tablets 24 Pack,TRUE,4968470,188092
4871,Nyal Paracetamol Capsules,TRUE,5014953,141094
4872,Oak Caramel Coffee Flavoured Milk 600ml,TRUE,7066856,391924
4873,Oak Chocolate Flavoured Milk,TRUE,2929897,878734
4874,Oak Chocolate Milk 2l,TRUE,13090,10384
4875,Oak Paddle Pop Rainbow Milk,TRUE,5073329,263700
4876,Oak Strawberry Milk 2l,TRUE,5467233,481884
4877,Oakwood Automotive Leather Protection Pack Each,TRUE,7059090,227124
4878,Oakwood Leather Clean Soap 250ml,TRUE,3796835,497143
4879,Oakwood Leather Polish Conditioner Wipes 20 Pack,TRUE,9189711,712508
4880,Oakwood Leather Wipes 16 Pack,TRUE,6531699,791333
4881,Oakwood Renovating Shoe Polish 65g,TRUE,6436440,81625
4882,Oakwood Sneaker Wipes 16 Pack,TRUE,6420870,142203
4883,Oakwood Wood Wipes 20 Pack,TRUE,1268224,825739
4884,Oasis Ground Coffee Greek Style 200g,TRUE,204328,29734
4885,Oates Dual Action Microfibre Flat Mop Refill Each,TRUE,3862190,301065
4886,Oates Mop Tiltamatic Sponge Refill 2 Pack,TRUE,5199622,210745
4887,Oates Spin & Clean Compact Spin Mop & Bucket Set Each,TRUE,5954187,289249
4888,Oates Tiltamatic Squeeze Mop Each,TRUE,112503,114592
4889,Oatly! Oat Milk Barista Edition 1l,TRUE,3488980,847886
4890,Ob Finest 3 Seed Crisps 110g,TRUE,3524347,56857
4891,Ob Finest Activated Charcoal Wafer Crackers 100g,TRUE,8882832,669012
4892,Ob Finest Crackers Fig & Cranberry 130g,TRUE,8882843,262294
4893,Ob Finest Fruit Paste Pear 100g,TRUE,3053091,239614
4894,Ob Finest Gluten Free Date & Almond Crackers 130g,TRUE,5185661,182830
4895,Ob Finest Gluten Free Original Wafer 100g,TRUE,3053080,558373
4896,Ob Finest Gluten Free Speciality Crackers Fig & Pistachio 130g,TRUE,3635199,60276
4897,Ob Finest Mixed Cracker Selection Double Pack 160g,TRUE,6272364,270684
4898,Ob Finest Parmesan Crisps 85g,TRUE,3524540,60468
4899,Ob Finest Quince Paste 100g,TRUE,2792431,633638
4900,Ob Finest Sourdough Crispbread Ancient Grain,TRUE,5185683,180224
4901,Ob Finest Sourdough Crispbread Natural 110g,TRUE,3635133,67767
4902,Ob Finest Sourdough Crispbread Wholemeal 110g,TRUE,5185672,179921
4903,Ob Finest Speciality Crackers Apricot & Macadamia 150g,TRUE,6272353,626516
4904,Ob Finest Speciality Crackers Cranberry Pumpkin 150g,TRUE,2792395,516107
4905,Ob Finest Speciality Crackers Fig & Pecan 150g,TRUE,6270970,626523
4906,Obela Caramelised Onion Garnished Hommus 220g,TRUE,2599260,923890
4907,Obela Classic Guacamole 220g,TRUE,2580342,856823
4908,Obela Extra Rich Tahini Hommus,TRUE,3605493,207752
4909,Obela Hommus Garnished With Roasted Pinenut 220g,TRUE,1389615,787662
4910,Obela Hommus Garnished With Zesty Jalapenos 220g,TRUE,1652460,787650
4911,Obela Hommus Pistachio Lemon Dukkah 220g,TRUE,3986783,111127
4912,Obela Hommus Smooth Classic 220g,TRUE,2008750,765218
4913,Obela Hommus To Go Classic & Sakata Crackers 125g,TRUE,2882895,780071
4914,Obela Smooth Classic Hommus To Go Singles 60g X3 Pack,TRUE,3049039,925093
4915,Obela Tzatziki Dip Classic 220g,TRUE,2882851,923883
4916,Obela Tzatziki To Go Classic & Sakata Crackers 125g,TRUE,3605482,621149
4917,Obento Japanese Cooking Sake 250ml,TRUE,2017616,790391
4918,Obento Japanese Noodles Udon 200g,TRUE,5982943,263251
4919,Obento Japanese Rice Wine Vinegar 250ml,TRUE,4605070,229400
4920,Obento Japanese Seasoning Sushi 250ml,TRUE,6070520,263255
4921,Obento Japanese Sushi & Sashimi Soy Sauce 250ml,TRUE,9894713,717762
4922,Obento Japanese Yaki Nori For Sushi Each,TRUE,9435068,185395
4923,Obento Marinade Teriyaki 250ml,TRUE,3732923,481200
4924,Obento Mirin Seasoning 250ml,TRUE,3743759,101938
4925,Oc Naturals Anti Dandruff 2-in-1 400ml,TRUE,6848844,96387
4926,Oc Naturals Conditioner Coco Repair 400ml,TRUE,2930579,683771
4927,Oc Naturals Conditioner Dry Nourish 725ml,TRUE,2679520,759605
4928,Oc Naturals Conditioner Normal Balance 400ml,TRUE,6849122,8058
4929,Oc Naturals Conditioner Normal Balance 725ml,TRUE,2679122,759589
4930,Oc Naturals Kids 3-in-1 Fruit Berry Bliss 400ml,TRUE,7210351,325782
4931,Oc Naturals Kids 3-in-1 Fruit Blast 400ml,TRUE,7210373,325785
4932,Oc Naturals Kids Bubble Bath Tutti Fruity 400ml,TRUE,3978548,725354
4933,Oc Naturals Rose & Patchouli Moisturising Body Wash 725ml,TRUE,6356555,307059
4934,Oc Naturals Shampoo Coco Repair 400ml,TRUE,2930568,683735
4935,Oc Naturals Shampoo Dry Nourish 725ml,TRUE,2679133,759539
4936,Oc Naturals Shampoo Normal Balance 400ml,TRUE,6849100,6768
4937,Oc Naturals Shampoo Normal Balance 725ml,TRUE,2679100,759611
4938,Oc Naturals Vanilla Shea Moisturising Body Wash 725ml,TRUE,6356533,309392
4939,Ocean Blue Crab Meat 140g,TRUE,3024300,703319
4940,Ocean Blue Double Smoked Salmon 100g,TRUE,7161824,265164
4941,Ocean Blue Sliced Smoked Salmon Cracked Pepper 100g,TRUE,7202819,120843
4942,Ocean Blue Smoked Salmon 180g,TRUE,3770795,345348
4943,Ocean Blue Smoked Salmon Sliced 50g,TRUE,2846745,345345
4944,Ocean Blue Surimi Sea Sticks 150g,TRUE,2850731,766473
4945,Ocean Spray Craisins Dried Cranberries 170g,TRUE,7859212,95093
4946,Ocean Spray Craisins Reduced Sugar 150g,TRUE,1872105,456578
4947,Ocean Spray Craisins Value Bag 283g,TRUE,2762292,841896
4948,Ocean Spray Cranberry Classic Juice Drink 1.5l,TRUE,9793057,195393
4949,Ocean Spray Fruit Sauce Cranberry Jellied 275g,TRUE,5965081,67824
4950,Ocean Spray Fruit Sauce Cranberry Whole Berry 275g,TRUE,277627,25528
4951,Ocean Spray Low Sugar Pineapple Cranberry Juice 1.5l,TRUE,4753383,219877
4952,Ocean Spray Ruby Red Grapefruit Juice Drink 1.5l,TRUE,4950759,362341
4953,Ocean Spray Unsweetened Pure Cranberry Juice 1l,TRUE,6764653,219571
4954,Odor Eaters Foot & Shoe Powder 100g,TRUE,5983120,95049
4955,Odor Eaters Foot & Shoe Spray Cool Confidence 150ml,TRUE,9843075,161740
4956,Odor Eaters Foot & Shoe Spray Sport 150ml,TRUE,3808209,162028
4957,Off The Eaten Path Brown Rice Chips Sea Salt & Pepper,TRUE,4472089,181139
4958,Off! Tropical Strength Insect Repellent Aerosol Spray 150g,TRUE,8643525,701053
4959,Ogx Argan Oil Conditioner For Dry & Damaged Hair 385ml,TRUE,7562701,725754
4960,Ogx Argan Oil Conditioner For Dry & Damaged Hair 88.7ml,TRUE,3450580,698245
4961,Ogx Argan Oil Extra Strength Conditioner For Damaged Hair 385ml,TRUE,2676973,486575
4962,Ogx Argan Oil Extra Strength Shampoo For Damaged Hair 385ml,TRUE,2940051,486585
4963,Ogx Argan Oil Heat Protect Hair Spray For Heat Styled Hair 177ml,TRUE,3789545,83973
4964,Ogx Biotin & Collagen Conditioner For Fine Hair 385ml,TRUE,1255346,699862
4965,Ogx Biotin & Collagen Extra Strength Conditioner 385ml,TRUE,7562280,84912
4966,Ogx Biotin & Collagen Extra Strength Shampoo For Fine Hair 385ml,TRUE,7553595,78350
4967,Ogx Biotin & Collagen Shampoo For Fine Hair 385ml,TRUE,1255357,699861
4968,Ogx Brazilian Keratin Therapy Conditioner For Dull Hair 385ml,TRUE,8142790,376591
4969,Ogx Brazilian Keratin Therapy Shampoo For Dull Hair 385ml,TRUE,8142756,376590
4970,Ogx Cherry Blossom Conditioner For Thin & Fine Hair 385ml,TRUE,2321275,892991
4971,Ogx Cherry Blossom Shampoo For Thin & Fine Hair 385ml,TRUE,2321253,892988
4972,Ogx Coconut Caffeine Strengthening Conditioner For Damaged Hair 385ml,TRUE,6338892,270744
4973,Ogx Coconut Curls Conditioner For Curly Hair 385ml,TRUE,2676179,486571
4974,Ogx Coconut Curls Frizz Defying Styling Milk For Curly Hair 177ml,TRUE,5242277,203802
4975,Ogx Coconut Curls Shampoo For Curly Hair 385ml,TRUE,2675562,486567
4976,Ogx Coconut Milk Dry Shampoo 200ml,TRUE,3783797,84979
4977,Ogx Color Care Strengthening & Color Retention Conditioner,TRUE,6335180,270328
4978,Ogx Extra Strength Coconut Miracle Oil Conditioner - Dry 385ml,TRUE,2940073,601150
4979,Ogx Purple Toning Shampoo,TRUE,6338917,203317
4980,Olay Anti Wrinkle Provital Night Cream For Mature Skin Care 50g,TRUE,7782628,51649
4981,Olay Anti-ageing Eye Cream Eyes Pro-retinol Treatment,TRUE,2859044,568511
4982,Olay Complete Moisturiser Lotion Uv Protection Sensitive Spf15 150ml,TRUE,5293529,253583
4983,Olay Eyes Collagen Peptide24 Eye Cream 15g,TRUE,4315364,164924
4984,Olay Eyes Ultimate Eye Cream 15ml,TRUE,2859055,568512
4985,Olay Eyes Vitamin C Eye Cream 15ml,TRUE,4957689,204803
4986,Olay Luminous Niacinamide + Vitamin C Super Face Serum 30ml,TRUE,3967111,142205
4987,Olay Moisturising Face Cream 100g,TRUE,69696,36395
4988,Olay Moisturising Face Cream Sensitive Skin 100g,TRUE,5037201,4752
4989,Olay Moisturising Lotion Complete Defence Sensitive Spf30 75ml,TRUE,5665168,258415
4990,Olay Moisturising Lotion For Sensitive Skin Care 150ml,TRUE,5037187,4722
4991,Olay Regenerist Advanced Anti Ageing Face Cream Cleanser 100g,TRUE,7204235,331579
4992,Olay Regenerist Micro-sculpting Face Cream Moisturiser 50g,TRUE,6913742,629525
4993,Olay Regenerist Micro-sculpting Night Face Cream Moisturiser 50g,TRUE,1651354,779653
4994,Olay Regenerist Retinol 24 Night Face Serum 30ml,TRUE,3730440,92396
4995,Olay Regenerist Retinol 24 Night Moisturiser Face Cream 50g,TRUE,3730430,92819
4996,Olay Regenerist Vitamin C Peptide 24 Brightening Facial Cleanser 150ml,TRUE,7712360,202994
4997,Olay Regenerist Whips Face Cream Moisturiser 50g,TRUE,3445590,816749
4998,Old El Paso Bulk Hard & Soft Kit Mexican Style 560g,TRUE,3198640,8317
4999,Old El Paso Burrito Dinner Kit Mexican Style 485g,TRUE,7886168,68619
5000,Old El Paso Burrito Spice Mix Burrito Spice Mix 40g,TRUE,6048848,98778
5001,Old El Paso Chili & Garlic Rice Kit Mexican Style 355g,TRUE,1279209,760341
5002,Old El Paso Chili Con Carne Spice Mix Chilli Spice Mix 35g,TRUE,291388,93445
5003,Old El Paso Chilli & Paprika Burrito Bowl Kit Mild 240g,TRUE,6341671,311167
5004,Old El Paso Chunky Salsa Dip Hot Hot 312g,TRUE,5361710,230731
5005,Old El Paso Chunky Salsa Dip Mild Mild 312g,TRUE,5361709,231416
5006,Old El Paso Crispy Chicken Soft Taco 370g,TRUE,5931782,262265
5007,Old El Paso Crispy Chicken Spice Mix 35g,TRUE,7962481,362697
5008,Old El Paso Enchilada Cooking Sauce Enchilada Sauce 375g,TRUE,7395450,19977
5009,Old El Paso Enchilada Dinner Kit 520g,TRUE,7010920,31429
5010,Old El Paso Extra Thin Tortilla Thins,TRUE,6341682,315561
5011,Old El Paso Fajita Dinner Kit Mexican Style 485g,TRUE,5030450,248678
5012,Old El Paso Fajita Spice Mix Mexican Style 40g,TRUE,5066050,248679
5013,Old El Paso Fajita Tortillas 10 Pack,TRUE,7610214,67866
5014,Old El Paso Fajitas Tortillas 6 Pack,TRUE,7395392,85730
5015,Old El Paso Family Taco Shell 202g,TRUE,3804387,8386
5016,Old El Paso Family Tortillas Fajita 16 Pack,TRUE,7373720,335845
5017,Old El Paso Gluten Free Jumbo Tortillas 215g,TRUE,4322552,230870
5018,Old El Paso Gluten Free Soft Taco Kit Mexican Style 418g,TRUE,3198684,680455
5019,Old El Paso Gluten Free Taco Spice Mix Mild 30g,TRUE,5220274,229703
5020,Old El Paso Gluten Free Tortilla Fajitas 216g,TRUE,3198695,680471
5021,Old El Paso Guacamole Spice Mix Spice Mix 30g,TRUE,2926990,379648
5022,Old El Paso Hard 'n Soft Taco Kit Mexican Style 350g,TRUE,5293041,251433
5023,Old El Paso Jumbo Taco Kit Mexican Style Taco Kit 345g,TRUE,9742533,210693
5024,Old El Paso Jumbo Taco Shells Taco Shells 10 Pack,TRUE,216247,46370
5025,Old El Paso Mini Taco Tortillas 10 Pack,TRUE,7395337,248677
5026,Old El Paso Nachos Kit Mexican Style 505g,TRUE,6341650,61751
5027,Old El Paso Nachos Salsa Topping Mild Mild 390g,TRUE,5322558,65084
5028,Old El Paso Nachos Spice Mix 35g,TRUE,3750700,88192
5029,Old El Paso Refried Beans 435g,TRUE,386021,187333
5030,Old El Paso Soft Taco Dinner Kit Mexican Style 405g,TRUE,5540231,2037
5031,Old El Paso Stand 'n Stuff Mini Taco Kit Mexican Style,TRUE,2745737,511956
5032,Old El Paso Stand 'n Stuff Mini Taco Tortillas 12 Pack,TRUE,2745817,514479
5033,Old El Paso Stand 'n Stuff Soft Taco Kit Mexican Style 348g,TRUE,1868130,787266
5034,Old El Paso Stand 'n Stuff Taco Kit Mexican Style 295g,TRUE,4565510,228154
5035,Old El Paso Stand 'n Stuff Taco Shells Taco Shells 10 Pack,TRUE,4565292,514871
5036,Old El Paso Stand 'n Stuff Tortilla Fajitas 8 Pack,TRUE,1868323,787275
5037,Old El Paso Street Market White Corn Tortillas Tacos 10 Pack,TRUE,4322563,169871
5038,Old El Paso Taco Kit Mexican Style Taco Kit 290g,TRUE,291457,93453
5039,Old El Paso Taco Sauce Hot Taco Sauce 200g,TRUE,404633,93441
5040,Old El Paso Taco Sauce Medium Taco Sauce 200g,TRUE,291402,93443
5041,Old El Paso Taco Sauce Mild Taco Sauce 200g,TRUE,291413,93442
5042,Old El Paso Taco Shells Shell 12 Pack,TRUE,291468,514489
5043,Old El Paso Taco Spice Mix Extra Mild 30g,TRUE,4322530,169527
5044,Old El Paso Taco Spice Mix Lime & Jalapeno 30g,TRUE,5220220,231887
5045,Old El Paso Taco Spice Mix Taco Spice Mix 30g,TRUE,291377,93444
5046,Old El Paso Thick 'n Chunky Salsa Medium Thick & Chunky 375g,TRUE,38943,70728
5047,Old El Paso Thick 'n Chunky Salsa Mild Thick & Chunky 375g,TRUE,5085452,3356
5048,Old El Paso Tortilla Jumbo Burrito 6 Pack,TRUE,4821406,233280
5049,Old El Paso Tortilla Pockets 223g,TRUE,3801549,106518
5050,Old El Paso Tortilla Pockets Kit Original Mexican Style 375g,TRUE,3801593,108174
5051,Old El Paso Wholegrain Tortillas Fajitas 6 Pack,TRUE,5361731,297890
5052,Old Town Coffee 3 In 1 Classic 570g,TRUE,1318537,807420
5053,Olina's Artisan Cracker Biscuits Cranberry & Sunflower Seed 100g,TRUE,3762276,854115
5054,Olina's Artisan Cracker Biscuits Date & Apricot 100g,TRUE,3491088,661766
5055,Olina's Artisan Cracker Biscuits Fig & Black Olive 100g,TRUE,3491099,661768
5056,Olina's Bakehouse Artisan Crispbread Black Olive & Italian Herb,TRUE,6164656,208899
5057,Olina's Bakehouse Artisan Crispbread Whole Seed,TRUE,5484356,208070
5058,Olina's Gluten Free Cranberry Pumpkin Cracker 100g,TRUE,3119076,683027
5059,Olina's Gluten Free Sunflower Seed & Fig Cracker 100g,TRUE,3119087,683003
5060,Olina's Lavosh Crackers French Onion & Cracked Pepper,TRUE,5484458,237563
5061,Olina's Pita Bites Roasted Garlic & Herb,TRUE,5717727,242170
5062,Olina's Pita Bites Sweet Chilli,TRUE,5750085,243343
5063,Olina's Pita Crisps Garlic & Rosemary,TRUE,3976360,179459
5064,Olina's Pita Crisps Olive Oil & Sea Salt 100g,TRUE,3976371,179933
5065,Olina's Seeded Snackers Balsamic Vinegar & Onion 140g,TRUE,5484389,140038
5066,Olina's Seeded Snackers Roasted Beetroot 140g,TRUE,5484390,140212
5067,Olina's Simply Seed Crackers Herb & Garlic 80g,TRUE,4382871,110689
5068,Olina's Simply Seed Crackers Original 80g,TRUE,3815383,111296
5069,Olina's Swedish Round Crispbread Everything Seed,TRUE,5484425,197195
5070,Olina's Wafer Crackers Natural & Black Sesame Assorted 200g,TRUE,7026782,855541
5071,Olive Grove Classic Spread 500g,TRUE,5448589,15439
5072,Omo 3 In 1 Laundry Capsules Comfort 28 Pack,TRUE,6269086,272771
5073,Omo 3 In 1 Laundry Capsules Touch Of Comfort Inspired Freshness 50 Washes,TRUE,6269020,270039
5074,Omo Active Clean Laundry Washing Powder Front & Top Loader 5kg,TRUE,2731812,466090
5075,Omo Active Clean Liquid Detergent Front & Top Loader 40 Washes 2l,TRUE,2731007,468551
5076,Omo Active Clean Washing Powder Front & Top Loader 2kg,TRUE,2731561,430650
5077,Omo Active Laundry Capsules 3 In 1 50 Washes,TRUE,5005792,207761
5078,Omo Active Laundry Capsules 3 In 1 Capsules 28 Pack,TRUE,5005464,221076
5079,Omo Laundry Liquid Touch Of Comfort 40 Washes 2l,TRUE,2900534,659939
5080,Omo Sensitive Laundry Capsules 3 In 1 28 Washes,TRUE,5005511,221564
5081,Omo Sensitive Laundry Capsules 3 In 1 50 Washes,TRUE,5003684,268313
5082,Omo Sensitive Liquid Detergent Front & Top Loader 2l,TRUE,2731030,468552
5083,Omo Sensitive Liquid Detergent Front & Top Loader 4l,TRUE,2731186,430625
5084,Omo Sensitive Washing Powder 1 Kg,TRUE,2731528,462700
5085,Omo Sensitive Washing Powder Front & Top Loader 2kg,TRUE,2731776,471182
5086,Omo Ultimate 3 In 1  Laundry Capsules 17 Pack,TRUE,5006015,207791
5087,Omo Ultimate Dilute At Home Laundry Liquid 665ml,TRUE,6269279,267220
5088,Omo Ultimate Laundry Capsules 3 In 1 Capsules 28 Pack,TRUE,5006751,209102
5089,Omo Ultimate Laundry Liquid Front & Top Loader 40 Washes 2l,TRUE,5004891,208873
5090,Omo Ultimate Sensitive Laundry Liquid 40 Washes 2l,TRUE,5091637,205508
5091,Omo Ultimate Washing Powder 2kg,TRUE,5005420,208058
5092,Omo Ultimate Washing Powder Front & Top Loader 5kg,TRUE,2731211,430629
5093,On The Menu Beef Lasagne 1kg,TRUE,1837374,761023
5094,On The Menu Beef Ragu Pappardelle Frozen Meal 260g,TRUE,2742364,574780
5095,On The Menu Beer Battered Fish & Chips Frozen Meal 320g,TRUE,2946262,657078
5096,On The Menu Big Feast Bbq Meatballs With Spicy Rice Frozen Meal 500g,TRUE,4506147,178318
5097,On The Menu Butter Chicken 400g,TRUE,5639306,299489
5098,On The Menu Chicken Fettuccine Frozen Meal 260g,TRUE,7040047,838678
5099,On The Menu Chicken Kiev Frozen Meal 320g,TRUE,2414671,838679
5100,On The Menu Chicken Parmigiana With Cheesy Chips & Veg 480g,TRUE,4506114,306350
5101,On The Menu Cottage Pie Frozen Meal 260g,TRUE,2315250,838692
5102,On The Menu Lamb Shank 320g,TRUE,2947822,482906
5103,On The Menu Lasagne Beef 260g,TRUE,1167894,708952
5104,On The Menu Loaded Mac & Cheese 400g,TRUE,5639113,296519
5105,On The Menu Spaghetti & Meatballs Frozen Meal 260g,TRUE,1168886,761061
5106,On The Menu Three Cheese Macaroni 260g,TRUE,1167872,708965
5107,Onion Brown Each,TRUE,4239517,144329
5108,Onion Red Each,TRUE,4218459,144497
5109,Oob Frozen Sliced Banana Organic 450g,TRUE,3987844,533682
5110,Opti-free Contact Solution Pure Moist 90ml,TRUE,4950497,724493
5111,Optrex Advance Preservative Free Tired Eye Drops,TRUE,9505389,61753
5112,Optus Oppo A58 Phone,TRUE,7411262,390903
5113,Optus Portable Modem + 50gb,TRUE,4791473,183171
5114,Optus Samsung A04s Mobile Phone,TRUE,6333800,281452
5115,Optus X Max Mobile Phone Each,TRUE,6406595,289395
5116,Optus X Sight 2 Mobile Phone,TRUE,4746617,182609
5117,Optus X Tap 2 Mobile Phone Each,TRUE,6334020,246805
5118,Oral B 3d White Clean Electric Toothbrush Refills 3 Pack,TRUE,4866492,198120
5119,Oral B 3d White Enamel Strong Whitening Toothpaste 95g,TRUE,4866620,197390
5120,Oral B 3d White Freshness Blast Toothpaste 95g,TRUE,4866652,201379
5121,Oral B 3d White Long Last Fresh Toothpaste 110g,TRUE,4866663,198323
5122,Oral B 3d White Luxe Advance Seal Teeth Whitening Whitestrips 14 Pack,TRUE,2621010,426200
5123,Oral B 3d White Luxe Glamorous White Whitening Toothpaste 95g,TRUE,3130487,678275
5124,Oral B 3d White Perfection Toothpaste Toothpaste 95g,TRUE,3130567,678300
5125,Oral B 3d White Professional Enamel Strong Toothpaste 90g,TRUE,5934634,257959
5126,Oral B 3d White Professional Whitening Toothpaste 85g,TRUE,5934623,257958
5127,Oral B 3d White Strengthens Enamel Whitening Toothpaste 110g,TRUE,4866674,197690
5128,Oral B 3d White Toothpaste With Tartar Control 190g,TRUE,5935070,257960
5129,Oral B 3d White Whitestrips Sensitive Dental Whitening Kit 14 Pack,TRUE,5935546,275990
5130,Oral B 3d Whitening Strengthening Enamel Toothpaste 190g,TRUE,5935502,257961
5131,"Oral B 5 Way Clean Toothbrush In Pink, Blue, Navy 3 Pack",TRUE,3130658,678302
5132,Oral B Cross Action Charcoal Toothbrush 2 Pack,TRUE,4866572,198324
5133,Oral B Cross Action Clean White Electric Toothbrush Refills 3 Pack,TRUE,4866448,197387
5134,Oral B Crossaction Dual Clean Power Electric Toothbrush Medium,TRUE,9589345,197380
5135,Oral B Enamel Densify Daily Protection Toothpaste Mint,TRUE,5930087,277653
5136,Oral B Enamel Densify Daily Whitening Toothpaste 95g,TRUE,5934656,275915
5137,Oral B Extra Sensitive Clean White Electric Toothbrush Refills 5 Pack,TRUE,5938555,277313
5138,Oral B Gum Care & Enamel Daily Protection Mint Toothpaste 110g,TRUE,2868679,565575
5139,Oral B Kids Frozen 3+ Years Blue Toothpaste 92g,TRUE,3401744,820437
5140,Oral B Precision Clean White Electric Toothbrush Refills 2 Pack,TRUE,7643213,302210
5141,Oral B Pro 100 Black Cross Action Electric Toothbrush W/ Charger Each,TRUE,3401813,820433
5142,Oral B Pro 100 Kids Electric Toothbrush 3+ Years,TRUE,3978377,201357
5143,Oral B Pro 300 Black Electric Toothbrush Set Each,TRUE,5930156,258144
5144,Oral B Pro 800 Electric Toothbrush Blue Each,TRUE,7536836,276189
5145,Oral B Pro 800 Electric Toothbrush Each,TRUE,3986353,83607
5146,Oral B Pro Health All Around Protect Clean Mint Toothpaste 200g,TRUE,7536596,138206
5147,Oral B Pro Health Complete Defence System Deep Clean Toothpaste 110g,TRUE,2621075,426213
5148,Oral B Pro Health Complete Defence System Whitening Toothpaste 110g,TRUE,2621097,426208
5149,Oral B Pro-health Advanced All Around Protection Toothpaste 110g,TRUE,3696182,81286
5150,Oral B Sensitivity & Gum All Day Protection Mint Toothpaste 90g,TRUE,3981757,136823
5151,Oral B Stages 3 Manual Kids Toothbrush 5-7 Years Disney Each,TRUE,2869015,169612
5152,Orange Blood,TRUE,5967167,178403
5153,Orange Navel,TRUE,4255717,259450
5154,Orange Power Manual Spray Air Freshener Orange Oil 125ml,TRUE,7881368,115254
5155,Orange Power Spot & Goo Remover,TRUE,4381416,864937
5156,Oreo Chocolate & Original Mini Mixed Cookies Multipack,TRUE,6538315,317403
5157,Oreo Cookie Sandwich Sticks 4 Pack,TRUE,4477606,179753
5158,Oreo Double Stuff Mint Cookies 131g,TRUE,6410639,286213
5159,Oreo Milk Chocolate Wafer Stick Cookies 10 Pack 128g,TRUE,1020900,729836
5160,Oreo Mini Chocolate Cookies 157g,TRUE,5605290,229644
5161,Oreo Mini Original Cookies Sharepack 157g,TRUE,5605304,229246
5162,Oreo Neapolitan Double Stuff Cookies 131g,TRUE,6063852,259771
5163,Oreo Original Cookies Family Pack,TRUE,3711210,73032
5164,Oreo Original Mini Cookies Multipack 204g,TRUE,6538290,317455
5165,Organic Choice Air Freshener & Linen Spray West Indian Lime & Coconut 200ml,TRUE,3058710,676543
5166,Organic Choice Air Freshener Lemongrass & Cedarwood 200ml,TRUE,2357614,676525
5167,Orgran Gluten Free Crispbread Buckwheat 125g,TRUE,1995070,829255
5168,Orgran Gluten Free Crispbread Quinoa 125g,TRUE,9901615,363376
5169,Orgran Gluten Free Porridge Quinoa 500g,TRUE,8907252,217155
5170,Orgran Gluten Free Wafer Crackers Quinoa 100g,TRUE,1994907,466173
5171,Original Juice Orange Juice 1.5l,TRUE,8190089,88470
5172,Original Juice Pulp Free Orange Juice 1.5l,TRUE,5972917,263094
5173,Original Source Body Wash Creamy Vanilla & Raspberry Shower Gel 250ml,TRUE,1303289,760929
5174,Original Source Body Wash Tingly Mint & Tea Tree Shower Gel 250ml,TRUE,7678728,365264
5175,Original Source Shower Gel Lemon & Tea Tree 250ml,TRUE,7678717,365266
5176,Osha Hot Pot Glass Noodles 400g,TRUE,4209130,123364
5177,Osha Koonmoon Rice Sticks 500g,TRUE,4209072,529043
5178,Ostelin Calcium & Vitamin D Chewable D3 Tablets Bones + Immunity 60 Pack,TRUE,1279741,751016
5179,Ostelin Calcium & Vitamin D Tablets With D3 For Bones + Immunity 130 Pack,TRUE,8653755,705839
5180,Ostelin Calcium & Vitamin D Tablets With D3 For Bones + Immunity 60 Pack,TRUE,8653700,705310
5181,Ostelin Vitamin D 1000iu D3 Capsules For Bone Health + Immunity 130 Pack,TRUE,8653584,705838
5182,Ostelin Vitamin D 1000iu D3 Capsules For Bone Health + Immunity 60 Pack,TRUE,8653289,705239
5183,Our Mate Yeast Extract 125g,TRUE,8902420,236531
5184,Ovaltine Chocolate Light Break Energy Drink 400g,TRUE,4723826,229872
5185,Ovaltine Lasting Energy 480g,TRUE,6187254,284060
5186,Ovaltine Sleep Chocolate 400g,TRUE,6187276,288444
5187,Oxo Beef Stock Cubes 71g,TRUE,157079,32465
5188,Oxo Chicken Stock Cubes 71g,TRUE,246102,32714
5189,Oxyshred Ultra Energy Zero Sugar Passionfruit Can 355ml,TRUE,8092217,230703
5190,Ozesauce Tomato Sauce 500ml,TRUE,1011750,742407
5191,Ozkleen Shower Power Trigger 500ml,TRUE,8450204,112775
5192,P.k Gold Original Chewing Gum Multipack 5x14g,TRUE,417056,98419
5193,Pace Farm 12 Extra Large Cage Free Eggs 700g,TRUE,6949783,59790
5194,Pace Farm 12 Extra Large Vitamin D3 Enriched Free Range Eggs,TRUE,5330352,139460
5195,Pace Farm 6 Large Organic Free Range Eggs 300g,TRUE,1955596,212721
5196,Pace Farm Liberty Eggs 6 Large Cage Free Eggs 330g,TRUE,5559659,59789
5197,Paddle Pop Chocolate Frozen Dessert Sticks 8 Pack,TRUE,3840631,107082
5198,Paddle Pop Rainbow Frozen Dessert Sticks 8 Pack,TRUE,3840610,106503
5199,Palmers Cocoa Butter Formula Ultra Moisturising Lip Balm 4g,TRUE,6105329,649768
5200,Palmers Coconut Oil Formula Body Lotion 400ml,TRUE,2459590,407352
5201,Palmolive 2in1 Shampoo & Conditioner Naturals Anti Dandruff 350ml,TRUE,2663450,842530
5202,Palmolive 3 In 1 Bluey Kids Shampoo Conditioner & Body Wash 350ml,TRUE,6320558,265886
5203,Palmolive Antibacterial Hand Sanitiser Cherry Blossom 200ml,TRUE,3232261,694538
5204,Palmolive Bar Soap Aloe & Olive Extracts Naturals 90g X4 Pack,TRUE,5928777,724285
5205,Palmolive Bar Soap Chamomile Extracts Naturals 90g X4 Pack,TRUE,5928766,724274
5206,Palmolive Bar Soap Deodorant Protection Gold 90g X4 Pack,TRUE,5928755,724284
5207,Palmolive Body Wash Shower Gel Luminous Oils Coconut Oil 400ml,TRUE,3509365,814206
5208,Palmolive Body Wash Shower Gel Luminous Oils Frangipani Coco 750ml,TRUE,4856400,197048
5209,Palmolive Body Wash Shower Gel Luminous Oils Macadamia Oil 400ml,TRUE,3509376,676541
5210,Palmolive Body Wash Shower Gel Luminous Oils Rosewood Jasmine 750ml,TRUE,6347500,266482
5211,Palmolive Body Wash Shower Gel Naturals Anti Stress 1l,TRUE,7556695,824162
5212,Palmolive Body Wash Shower Gel Naturals Anti Stress 500ml,TRUE,9788578,210811
5213,Palmolive Body Wash Shower Gel Naturals Cherry Blossom 1l,TRUE,8180223,381212
5214,Palmolive Body Wash Shower Gel Naturals Mild & Sensitive 1l,TRUE,3510230,814008
5215,Palmolive Body Wash Shower Gel Naturals Milk & Honey 1l,TRUE,4767399,381207
5216,Palmolive Body Wash Shower Gel Naturals Milk & Honey 500ml,TRUE,9071960,163938
5217,Palmolive Body Wash Shower Gel Naturals Orchid 1l,TRUE,5257081,786292
5218,Palmolive Body Wash Shower Gel Naturals Pomegranate & Mango 1l,TRUE,8180212,381208
5219,Palmolive Body Wash Shower Gel Naturals Sea Minerals 1l,TRUE,8180234,381697
5220,Palmolive Body Wash Shower Gel Naturals Shea Butter 1l,TRUE,7556742,728595
5221,Palmolive Body Wash Shower Gel Naturals Shea Butter 500ml,TRUE,4310134,251043
5222,Palmolive Body Wash Shower Gel Skin Food Lilli Pilli Berry 1l,TRUE,6347554,296146
5223,Palmolive Body Wash Shower Gel Skin Food Quandong Peach 1l,TRUE,5257060,221666
5224,Palmolive Conditioner Luminous Oils Argan Oil 350ml,TRUE,3413710,792531
5225,Palmolive Conditioner Luminous Oils Coco Frangipani,TRUE,3978978,138523
5226,Palmolive Conditioner Naturals Active Nourishment 700ml,TRUE,5890947,46216
5227,Palmolive Dishwashing Liquid Au Extracts Peach - Ultra 750ml,TRUE,6132988,278186
5228,Palmolive Dishwashing Liquid Original - Ultra 1.5l,TRUE,5001179,214492
5229,Palmolive Dishwashing Liquid Original 750ml,TRUE,7824841,273026
5230,Palmolive Exfoliating Body Wash Coconut Scrub 400ml,TRUE,6957362,325481
5231,Palmolive Foaming Liquid Hand Wash Antibacterial Limited Edition 250ml,TRUE,3831765,694536
5232,Palmolive Foaming Liquid Hand Wash Antibacterial Soap Refill Lime 1l,TRUE,3014566,686434
5233,Palmolive Foaming Liquid Hand Wash Japanese Cherry Blossom 250ml,TRUE,2814603,500851
5234,Palmolive Foaming Liquid Hand Wash Pump Raspberry 250ml,TRUE,9216348,724887
5235,Palmolive Foaming Liquid Hand Wash Pump Vanilla & Berry 250ml,TRUE,3510069,46169
5236,Palmolive Foaming Liquid Hand Wash Soap Refill Raspberry 1l,TRUE,3014588,686435
5237,Palmolive Foaming Liquid Hand Wash Soap Vanilla & Sweet Almond,TRUE,3227115,694537
5238,Palmolive Hand Wash Aloe Vera & Chamomile 250ml,TRUE,394880,4894
5239,Palmolive Hand Wash Aloe Vera Value Refill 1l,TRUE,8167804,379970
5240,Palmolive Hand Wash Antibacterial Pump Orange 250ml,TRUE,8382523,379968
5241,Palmolive Hand Wash Milk & Honey Refill 1l,TRUE,8167735,379969
5242,Palmolive Hand Wash Pump Milk & Honey 250ml,TRUE,9072408,163936
5243,Palmolive Hand Wash Refill Peony & Macadamia Oil 1l,TRUE,4856477,197051
5244,Palmolive Kids 3 In 1 Bluey Body Wash Bath & Hair 1l,TRUE,6356307,265883
5245,Palmolive Kids 3 In 1 Funny Honey 700ml,TRUE,3769479,842507
5246,Palmolive Kids 3 In 1 Strawberry Trolls 700ml,TRUE,9936187,46238
5247,Palmolive Kids Detangling Spray Fashion Girl Rose Kisses 250ml,TRUE,6423991,379099
5248,Palmolive Kids Foaming Liquid Hand Wash Bluey Cheeky Berry 250ml,TRUE,6347565,265885
5249,Palmolive Liquid Hand Wash Antibacterial Soap Lime Refill 1l,TRUE,8167757,728601
5250,Palmolive Liquid Hand Wash Antibacterial White Tea Refill 1l,TRUE,8167848,379973
5251,Palmolive Liquid Hand Wash Soap Odour Neutralising 250ml,TRUE,6914723,325881
5252,Palmolive Liquid Hand Wash Soap Sea Minerals Refill 1l,TRUE,8167699,379972
5253,Palmolive Men Shave Foam Sensitive With Aloe Vera 250g,TRUE,219030,28067
5254,Palmolive Men's Body Wash Shower Gel Active 1l,TRUE,8692371,381210
5255,Palmolive Men's Body Wash Shower Gel Deep Clean 500ml,TRUE,2274765,839868
5256,Palmolive Men's Shampoo Anti Dandruff 350ml,TRUE,3720593,43745
5257,Palmolive Shampoo Luminous Oils Argan Oil 350ml,TRUE,3413685,791621
5258,Palmolive Shampoo Luminous Oils Coco Frangipani,TRUE,3978934,138522
5259,Palmolive Soap Milk & Honey Naturals 90g X4 Pack,TRUE,5928744,724478
5260,Palmolive Travel Body Wash Shower Gel Naturals Milk & Honey 100ml,TRUE,6346325,380988
5261,"Palmolive Travel Pack Shampoo, Conditioner & Bodywash Each",TRUE,3770434,78075
5262,Palmolive Ultra Australian Reefs Coral Splash Dishwashing Liquid 750ml,TRUE,7824783,563029
5263,Pampas Butter Puff Pastry 550g,TRUE,6362730,301061
5264,Pampas Lemon Meringue Pies,TRUE,464522,37320
5265,Pampas Puff Pastry 10 Sheets 1.6kg,TRUE,8469177,83512
5266,Pampas Puff Pastry 6 Sheets 1kg,TRUE,125345,96492
5267,Pampas Puff Pastry Reduced Fat 1kg,TRUE,9514561,186550
5268,Pampas Shortcrust Pastry 5 Sheets 1kg,TRUE,4972387,32897
5269,Pana Organic 100% Cacao Powder 200g,TRUE,4382645,143615
5270,Pana Organic Crunchy Hazelnut Chocolate Spread 200g,TRUE,5485836,237866
5271,Pana Organic Dark Choc Baking 80g,TRUE,5630786,279738
5272,Pana Organic Hazelnut & Chocolate Spread 200g,TRUE,3570912,95117
5273,Pana Organic Hazelnut Frozen Dessert Sticks,TRUE,5494509,245016
5274,Pana Organic Hot Chocolate 200g,TRUE,5056024,147943
5275,Pana Organic Mylk Golden Comb 45g,TRUE,6448234,150871
5276,Pana Organic Salted Mango & Macadamia Frozen Dessert Tub,TRUE,5494393,246720
5277,Pana Organic Vanilla Bean Frozen Dessert Tub 950ml,TRUE,7078607,246028
5278,Panadol Children 7+ Years Chewable Tablet Pain Relief 12 Pack,TRUE,4198872,172323
5279,Panadol Extra For Pain Relief Paracetamol & Caffeine 500mg 20 Pack,TRUE,1486065,770450
5280,Panadol Liquid Capsules With Paracetamol 500mg 20 Pack,TRUE,4957124,222431
5281,Panadol Rapid For Fast Pain Relief With Paracetamol 500mg 20 Pack,TRUE,1488300,180048
5282,Panadol Rapid Soluble With Paracetamol 500mg 20 Pack,TRUE,5216823,77838
5283,Panadol With Optizorb Paracetamol For Fast Pain Relief 500mg 20 Pack,TRUE,1486043,348643
5284,Panadol With Optizorb Paracetamol For Fast Pain Relief 500mg 20 Pack,TRUE,1486054,722356
5285,Pandaroo Salad Dressing Vietnamese 270ml,TRUE,4223991,789366
5286,Pandaroo Sweetened Condensed Coconut Milk 320g,TRUE,3739809,861611
5287,Pantene 3 Minute Miracle Moisture Renewal Daily Hair Treatment,TRUE,3979890,679031
5288,Pantene 3 Minute Miracle Pump Collagen 600ml,TRUE,6304347,265248
5289,"Pantene Biotin Hair Moisture Treatment Shots For Dry, Damaged Hair 3x15ml",TRUE,3979700,138583
5290,Pantene Collagen Intense Repair & Shine Miracle Mask 250ml,TRUE,7450708,571597
5291,Pantene Daily Moisture Renewal Conditioner 90ml,TRUE,2834520,482123
5292,Pantene Daily Moisture Renewal Nourishing Shampoo 375ml,TRUE,3723332,81515
5293,Pantene Micellar Aloe Vera Hydrating Conditioner 530ml,TRUE,3415920,852213
5294,Pantene Micellar Aloe Vera Hydrating Shampoo 530ml,TRUE,3415909,852210
5295,Pantene Micellar Rosewater Moisturising Conditioner 530ml,TRUE,3724186,83239
5296,Pantene Moisture Renewal Conditioner Jojoba 600ml,TRUE,6304336,268293
5297,Pantene Nutrient Blends Illuminating Colour Care Jojoba Oil Shampoo,TRUE,4963386,202162
5298,Pantene Nutrient Blends Miracle Moisture Rosewater Conditioner,TRUE,4963794,201779
5299,Pantene Nutrient Blends Miracle Moisture Rosewater Shampoo,TRUE,4963400,202107
5300,Pantene Pro-v 3 Minute Miracle Daily Moisture Renewal Conditioner 180ml,TRUE,3979948,137970
5301,Pantene Pro-v 3 Minute Miracle Repair & Protect Conditioner 180ml,TRUE,3979937,137969
5302,Pantene Pro-v Classic Clean Shampoo 375ml,TRUE,3837218,81519
5303,Pantene Pro-v Classic Clean Shampoo 900ml,TRUE,2290466,842633
5304,Pantene Pro-v Colour Protection Conditioner For Coloured Hair 375ml,TRUE,3723354,83229
5305,Pantene Pro-v Colour Protection Conditioner For Coloured Hair 900ml,TRUE,2290397,842810
5306,Pantene Pro-v Daily Moisture Renewal Conditioner 375ml,TRUE,3723343,81516
5307,Pantene Pro-v Daily Moisture Renewal Nourishing Shampoo Dry Hair 900ml,TRUE,2290557,842806
5308,Pantene Pro-v Smooth & Sleek Shampoo For Frizzy Hair 900ml,TRUE,2290444,842812
5309,Pantene Pro-v Ultimate 10 Repair & Protect Conditioner 375ml,TRUE,3723387,81662
5310,Pantene Shampoo Daily Moisture 90ml,TRUE,2834510,482121
5311,Pantene Ultimate 10 Repair & Protect Shampoo For Damage 900ml,TRUE,2290400,842808
5312,Papa Giuseppi's Panini Tomato & Cheese 250g 2 Pack,TRUE,9994398,733157
5313,Papaya Red Cut Half Each,TRUE,3087366,173415
5314,Papermate Liquid Paper Dryline Grip White Out Correction Tape Each,TRUE,1842261,330476
5315,Parker's Mini Baked Pretzels Multipack 150g,TRUE,9283061,378031
5316,Parker's Oven Baked Wheat Mini Pretzels Twists Party Bag Share Pack 225g,TRUE,5238054,25044
5317,Parker's Oven Baked Wheat Pretzel Twists Share Pack 200g,TRUE,6133970,24378
5318,Parle Glucose Biscuits Snack 376g,TRUE,2057461,754976
5319,Parle Krackjack 5 Pack,TRUE,4313948,577174
5320,Pascall Marshmallows Pink & White 280g,TRUE,2351855,828996
5321,Pascall Marshmallows Pink & White 520g,TRUE,2351811,828998
5322,Pascall Pineapple Lumps Chocolate Candy 185g,TRUE,2351877,828969
5323,Passage To India Simmer Sauce Butter Chicken 375g,TRUE,9781499,186114
5324,Passage To India Simmer Sauce Curry Korma 375g,TRUE,9781580,186115
5325,Passage To India Simmer Sauce Extra Mild Butter Chicken 375g,TRUE,2360991,826262
5326,Passiona Zero Sugar Passionfruit Soda Syrup Cordial For Soda Water 300ml,TRUE,6415600,229664
5327,Passionfruit Panama Each,TRUE,5415852,144800
5328,Pasta Italia Spinach & Ricotta Ravioli 400g,TRUE,8427585,142437
5329,Patak's Butter Chicken Curry Kit 313g,TRUE,3229642,803570
5330,Patak's Butter Chicken Curry Paste 312g,TRUE,9311087,174742
5331,Patak's Korma Curry Paste 283g,TRUE,5666513,79822
5332,Patak's Korma Curry Simmer Sauce Sauce 450g,TRUE,2917720,580625
5333,Patak's Lime Pickle Medium 283g,TRUE,9725090,87353
5334,Patak's Mild Butter Chicken Simmer Sauce 450g,TRUE,2917763,580621
5335,Patak's Mild Tandoori Indian Paste Marinade 295g,TRUE,5030734,256680
5336,Patak's Ready To Eat Pappadums Mini Plain Original 75g,TRUE,5193502,210164
5337,Patak's Rogan Josh Curry Paste 283g,TRUE,5292989,59025
5338,Patak's Tikka Masala Curry Paste 283g,TRUE,7306177,24275
5339,Patties Party Pack Mini Pies & Sausage Rolls 1kg,TRUE,8949591,147700
5340,Patties Party Pasties Party 12 Pack,TRUE,5237131,77883
5341,Patties Party Pies Frozen 12 Pack,TRUE,6514474,77888
5342,Patties Sausage Roll Party 450g,TRUE,6868080,30748
5343,Paul Newman's Dressings Classic Salad 250ml,TRUE,104323,94223
5344,Paul Newman's Dressings Ranch 250ml,TRUE,5267766,46037
5345,Pauls Aeroplane Raspberry Jelly Flavoured Custard 70g,TRUE,8473980,918294
5346,Pauls Banana Custard Banana 70g,TRUE,5295455,547996
5347,Pauls Bluey Chocolate Flavoured Milk,TRUE,5311154,221654
5348,Pauls Bluey Full Cream Milk,TRUE,5310264,221770
5349,Pauls Bluey Strawberry Milk 250ml,TRUE,4165501,155910
5350,Pauls Bluey Yoghurt Pouch Vanilla 70g,TRUE,3992764,862492
5351,Pauls Bundaberg Egg Nog,TRUE,4516275,186313
5352,Pauls Custard Pouch Bluey Chocolate 70g,TRUE,1199223,751963
5353,Pauls Custard Pouch Bluey Strawberry 70g,TRUE,3961997,548220
5354,Pauls Custard Pouch Bluey Vanilla 70g,TRUE,1199234,751972
5355,Pauls Custard Pouch Chocolate 140g,TRUE,3251528,436519
5356,Pauls Custard Pouch Vanilla 140g,TRUE,3251539,436518
5357,Pauls Custard Premium Vanilla Bean,TRUE,4385916,84367
5358,Pauls Custard Snack Pack Vanilla 150gx 6 Pack,TRUE,6152158,35435
5359,Pauls Custard Vanilla 1kg,TRUE,279939,43562
5360,Pauls Custard Vanilla 2kg,TRUE,146196,28697
5361,Pauls Custard Vanilla 600g,TRUE,221087,47026
5362,Pauls Double Thick Custard French Vanilla 900g,TRUE,7146241,331450
5363,Pauls Double Thick Custard Rich Chocolate 900g,TRUE,7146230,344082
5364,Pauls Egg Nog Original,TRUE,4516264,179501
5365,Pauls Farmhouse Gold Custard Vanilla 800g,TRUE,2847282,551858
5366,Pauls Kids Yoghurt Pouch Banana The Lion King 70g,TRUE,4348385,862577
5367,Pauls Kids Yoghurt Pouch Limited Edition Birthday Cake Flavour 70g,TRUE,4348374,84918
5368,Pauls Kids Yoghurt Pouch Strawberry Cars,TRUE,3992786,862575
5369,Pauls Kids Yoghurt Pouch Strawberry Princess 70g,TRUE,3992775,862494
5370,Pauls Plus Protein Blueberry Yoghurt 160g,TRUE,7657488,502387
5371,Pauls Plus Protein Vanilla Yoghurt 160g,TRUE,7657513,500780
5372,Pauls Plus Protein Vanilla Yoghurt 700g,TRUE,7657422,507629
5373,Pauls Premium Custard Dark Chocolate,TRUE,3335592,276288
5374,Pauls Smarter White Milk 1l,TRUE,9411773,204747
5375,Pauls Smarter White Milk 2l,TRUE,9411784,204746
5376,Pauls Strawberry Vanilla & Banana Kids Yoghurt Bluey 95gx 12 Pack,TRUE,1870507,279902
5377,Pauls Violet Crumble Choc Honeycomb Custard,TRUE,5608652,243221
5378,Pauls Zymil Chocolate 400ml,TRUE,3187724,667992
5379,Pauls Zymil Custard Vanilla 1kg,TRUE,3025030,436516
5380,Pauls Zymil Lactose Free Full Cream Long Life Milk 1l,TRUE,2807164,730998
5381,Pauls Zymil Lactose Free Full Cream Milk 1l,TRUE,5891600,261178
5382,Pauls Zymil Lactose Free Full Cream Milk 2l,TRUE,1902454,785722
5383,Pauls Zymil Lactose Free Low Fat Long Life Milk 1l,TRUE,387192,146547
5384,Pauls Zymil Milk 3l,TRUE,4228656,155909
5385,Pauls Zymil Skim Uht Milk 1l,TRUE,4311829,113025
5386,Pauls Zymil Thickened Cream Lactose Free 300ml,TRUE,5406294,477605
5387,Pb2 Peanut Powder With Cocoa 184g,TRUE,5488460,117534
5388,Pb2 Powdered Peanut Butter 184g,TRUE,5488448,117715
5389,Pearl River Bridge Soy Sauce Mushroom 500ml,TRUE,267496,98446
5390,Pearl River Bridge Soy Sauce Superior Light 500ml,TRUE,404542,86
5391,Pears Soap Bar Transparent 3x125g,TRUE,4571692,236128
5392,Peckish Fancies Aged Cheddar & Chives Rice Crackers 90g,TRUE,3468508,84599
5393,Peckish Fancies Caramelised Onion & Balsamic Vinegar Rice Crackers 90g,TRUE,3468530,84608
5394,Peckish Fancies Golden Honey Soy Rice Crackers,TRUE,3763235,131335
5395,Peckish Fancies Rosemary & Sea Salt 90g,TRUE,7652484,345709
5396,Peckish Flavoured Rice Crackers Cheddar Cheese 90g,TRUE,9999325,299513
5397,Peckish Flavoured Rice Crackers Salt & Vinegar 90g,TRUE,9999347,299514
5398,Peckish Flavoured Rice Crackers Tangy Bbq 90g,TRUE,1574173,296690
5399,Peckish Rice Crackers Sour Cream & Chives 90g,TRUE,9999358,298551
5400,Peck's Devilled Ham Spread 125g,TRUE,130185,38898
5401,Penta-vite Daily Immune Defence Kids Gummies 60 Pack,TRUE,5325614,190097
5402,Penta-vite Daily Multivitamin Kids Pastille Gummies Strawberry,TRUE,4228543,189228
5403,Pentavite Multivitamin + Iron Kids Liquid Lemon Lime 200ml,TRUE,8095420,309876
5404,Pentavite Multivitamin Infant Oral Liquid 30ml,TRUE,5379668,244881
5405,Peppercorn Beef Sausages Extra Lean 450g,TRUE,8888307,178143
5406,Pepsi Max No Sugar Cola Soft Drink Bottle 1.25l,TRUE,5441863,7985
5407,Pepsi Max No Sugar Cola Soft Drink Bottle 2l,TRUE,5441783,7984
5408,Pepsi Max No Sugar Cola Soft Drink Bottle 600ml,TRUE,9107681,175763
5409,Pepsi Max No Sugar Cola Soft Drink Cans Multipack 375ml X 10 Pack,TRUE,2684166,442190
5410,Pepsi Max No Sugar Cola Soft Drink Cans Multipack 375ml X 24 Pack,TRUE,7366022,54291
5411,Pepsi Max No Sugar Cola Soft Drink Cans Multipack 375ml X 30 Pack,TRUE,7837413,773129
5412,Pepsi Max No Sugar Cola Vanilla Soft Drink Bottle 1.25l,TRUE,2765494,580911
5413,Pepsi Max No Sugar Vanilla Cola Soft Drink Cans Multipack 375ml X 10 Pack,TRUE,2887480,580912
5414,Pepsi Max Sodastream Soda Mix 440ml,TRUE,3914920,105018
5415,Pepsi Sodastream Soda Mix 440ml,TRUE,3914851,105017
5416,Perfect Italiano 4 Cheese Melt 450g,TRUE,7602067,769459
5417,Perfect Italiano Extra Sharp Grated Parmesan 125g,TRUE,6577000,302306
5418,Perfect Italiano Extra Sharp Parmesan Cheese 200g,TRUE,4394123,226469
5419,Perfect Italiano Grated Mozzarella Cheese 450g,TRUE,63816,780390
5420,Perfect Italiano Mexican Style Cheese 450g,TRUE,4383740,176617
5421,Perfect Italiano Original Ricotta 250g,TRUE,181594,97321
5422,Perfect Italiano Original Smooth Ricotta 500g,TRUE,68321,19682
5423,Perfect Italiano Parmesan Block 200g,TRUE,3274068,807868
5424,Perfect Italiano Perfect Bakes 3 Cheeses 450g,TRUE,1436737,759656
5425,Perfect Italiano Pizza Plus Cheese 450g,TRUE,5723490,769584
5426,Perfect Italiano Romano Cheese Block 200g,TRUE,2486785,859721
5427,Perfect Italiano Shaved Parmesan 125g,TRUE,4405740,360904
5428,Perfect Italiano Shredded Parmesan 125g,TRUE,5339878,42161
5429,Perkii Mango Passionfruit Probiotic Drink 350ml,TRUE,3416559,685777
5430,Perkii Strawberry Watermelon Probiotic Drink 350ml,TRUE,3416606,685790
5431,Peroni Nastro Azzurro 0% Beer Bottles 330ml X 6 Pack,TRUE,5558259,979820
5432,Peters Drumstick Mini Boysen Berry Swirl 6 Pack,TRUE,3542713,51932
5433,Peters Drumstick Minis Ice Cream Vanilla 6 Pack,TRUE,5863445,259674
5434,Peters Drumstick Plant Based Classic Vanilla Cones 4 Pack,TRUE,4838409,191772
5435,Peters Drumstick Super Chocolate 4 Pack,TRUE,5197274,7282
5436,Peters Frosty Fruits Tropical 8 Pack,TRUE,372606,96328
5437,Peters Frosty Fruits Watermelon 8 Pack,TRUE,3405734,815730
5438,Peters Ice Cream Cake Party 1.5l,TRUE,5103340,40950
5439,Peters Icy Pole Lemonade 8 Pack,TRUE,6481262,7280
5440,Peters Lifesavers Icy Poles Lifesavers 8 Pack,TRUE,7213575,330829
5441,Peters Light & Creamy Choc Caramel & Vanilla Swirl Ice Cream 1.8l,TRUE,7207051,330844
5442,Peters Light & Creamy Classic Vanilla Ice Cream 1.8l,TRUE,7206977,330841
5443,Peters Light & Creamy Classic Vanilla Ice Cream Slices 12 Pack,TRUE,4811832,231981
5444,Peters Light & Creamy French Vanilla Ice Cream 1.8l,TRUE,7207018,330839
5445,Peters Light & Creamy Raspberry Ripple Ice Cream 1.8l,TRUE,7207030,330915
5446,Peters Maxibon Honeycomb 4 Pack,TRUE,6143714,278504
5447,Peters Original Neapolitan 4l,TRUE,5901340,66170
5448,Peters Original Neapolitan Ice Cream 2l,TRUE,315690,40960
5449,Peters Original Twin Pole Pineapple & Raspberry 8 Pack,TRUE,4477581,179265
5450,Peters Original Twin Pole Vanilla Choc 8 Pack,TRUE,4477377,179446
5451,Peters Original Vanilla 4l,TRUE,5901329,34673
5452,Peters Original Vanilla Ice Cream 2l,TRUE,239785,40518
5453,Pg Tips Tea Bags 116g Each,TRUE,2635295,413707
5454,Philadelphia Lactose Free Cream Cheese Block 250g,TRUE,3575891,66992
5455,Philadelphia Light Cooking Cream Tub 240ml,TRUE,6131497,255377
5456,Philadelphia Light Cream Cheese Block 250g,TRUE,5590885,98070
5457,Philadelphia Light Cream Cheese Spread Tub 250g,TRUE,350057,96422
5458,Philadelphia Original Cream Cheese Block 250g,TRUE,192502,48062
5459,Philadelphia Original Cream Cheese Spread Tub 250g,TRUE,5196114,79223
5460,Philadelphia Original Cream Cheese Twin Block 500g,TRUE,5081291,72546
5461,Philadelphia Sweet Chilli Cream Cheese Pourover Tub 250g,TRUE,9834926,213014
5462,Philips Led 1400lm Warm Es 2 Pack,TRUE,6823912,871609
5463,Pico Organic Vegan Chocolate Hazelnut Milk 80g,TRUE,3742541,62775
5464,Pico Organic Vegan Chocolate Mint Crisp 80g,TRUE,3742508,60152
5465,Pico Organic Vegan Chocolate Salted Caramel 80g,TRUE,3742520,61003
5466,Pic's Peanut Butter Crunchy 380g,TRUE,2120207,360257
5467,Pic's Peanut Butter Smoochy 380g,TRUE,7042370,320711
5468,Pic's Peanut Butter Smooth 380g,TRUE,2120218,754776
5469,Piksters Eco Floss Picks 30 Pack,TRUE,5009068,83529
5470,Piksters Interdental Brushes Size 0 10 Pack,TRUE,2620673,649946
5471,Piksters Interdental Brushes Size 00 10 Pack,TRUE,4882466,83515
5472,Piksters Interdental Brushes Size 1 10 Pack,TRUE,8943799,376487
5473,Piksters Interdental Brushes Size 3 10 Pack,TRUE,8944714,377293
5474,Piksters Interdental Brushes Size 5 10 Pack,TRUE,8944725,377295
5475,Pilpel Dip Hummous 350g,TRUE,7411819,299265
5476,Pilsbury Wheat Flour 5kg,TRUE,2155008,754150
5477,Pine O Cleen 24h Protection Lemon Lime Disinfectant Cleaning Wipes 126 Pack,TRUE,6364611,307933
5478,Pine O Cleen All In 1 Lemon Antibacterial Disinfectant Gel 400ml,TRUE,3462603,8304
5479,Pine O Cleen Crisp Apple Disinfectant Cleaning Spray 750ml,TRUE,1974116,790915
5480,Pine O Cleen Disinfectant Wipes Eucalyptus 110 Pack,TRUE,6329665,345742
5481,Pine O Cleen Eucalyptus Disinfectant Liquid 1.25l,TRUE,5186121,70022
5482,Pine O Cleen Fresh Cotton Antibacterial Laundry Sanitiser 2l,TRUE,5068872,215813
5483,Pine O Cleen Lavender Disinfectant Liquid 1.25l,TRUE,8771092,139515
5484,Pine O Cleen Lemon Antibacterial Washing Machine Cleaner 250ml,TRUE,3646220,59046
5485,Pine O Cleen Lemon Lime Burst Disinfectant Cleaning Spray 750ml,TRUE,1974138,790906
5486,Pine O Cleen Lemon Lime Disinfectant Cleaning Wipes 2 X 110 Pack,TRUE,6332557,296736
5487,Pine O Cleen Pine Disinfectant Liquid 1.25l,TRUE,8090,1846
5488,Pine O Cleen Pomegranate Floor Disinfectant Liquid 1.5l,TRUE,6322509,307913
5489,Pineapple Naturally Sweet Whole Each,TRUE,5606330,137534
5490,Pitango Free Range Chicken & Vegetable Soup,TRUE,4207463,155239
5491,Pitango Free Range Chicken Sweet Corn & Noodle Soup,TRUE,5067304,215278
5492,Pitango Organic Pumpkin & Ginger Soup,TRUE,4207190,155702
5493,Plantry Plant Based Food Co Pad See Ew Meal,TRUE,5644180,210742
5494,Plantry Plant Based Food Co Teriyaki Meal,TRUE,6038695,210606
5495,Plantry Plant Based Food Pad Thai Frozen Meal 350g,TRUE,3943521,111658
5496,Playdoh Single Tub Assorted Each,TRUE,5176730,761570
5497,Playdoh Slime 3 Pack,TRUE,3904701,83604
5498,Pledge Gentle Wood Floor Cleaner Floor Cleaner 500ml,TRUE,6969259,43032
5499,Pledge Grab It Electrostatic Dusting Cloths 20 Pack,TRUE,6335250,278263
5500,Plenty Cold Pressed Macadamia Oil 375ml,TRUE,4993456,137656
5501,Plumrose Frankfurts Hot Dogs 560g,TRUE,5926057,84275
5502,Plumrose Ham Leg 450g,TRUE,118565,36434
5503,Plumrose Ham Spiced 340g,TRUE,2737626,800494
5504,Podravka Beef Goulash 300g,TRUE,6331496,46607
5505,Podravka Chicken Paste 100g,TRUE,8557730,323962
5506,Podravka Vegeta Vegetable Gourmet Stock Powder 500g,TRUE,5728508,92922
5507,Pods Mars Chocolate Snack & Share Party Bag 160g,TRUE,5899760,460628
5508,Pods Pods Twix Chocolate Snack & Share Bag 160g,TRUE,5899770,460703
5509,Pods Snickers Chocolate Snack & Share Party Bag 160g,TRUE,5899759,460811
5510,Poise 2-in-1 Period & Incontinence Underwear Black Size 10-12 1 Pack,TRUE,5064226,229002
5511,Poise 2-in-1 Period & Incontinence Underwear Black Size 14-16 1 Pack,TRUE,5064215,229005
5512,Poise Charcoal Extra Long Panty Liners 20 Pack,TRUE,6108214,309527
5513,Poise Charcoal Light Panty Liners 22 Pack,TRUE,6109320,310674
5514,Poise Liners For Bladder Leaks Extra Light 10 Pack,TRUE,2373541,841137
5515,Poise Liners For Bladder Leaks Extra Long 22 Pack,TRUE,6802730,314953
5516,Poise Liners For Bladder Leaks Light 18 Pack,TRUE,4216227,215951
5517,Poise Liners For Bladder Leaks Regular 26 Pack,TRUE,9070151,170704
5518,Poise Liners For Bladder Leaks Ultra Long 20 Pack,TRUE,4187210,165033
5519,Poise Overnight Pads 16 Pack,TRUE,3610143,309530
5520,Poise Pads For Bladder Leaks Extra 12 Pack,TRUE,1026531,741010
5521,Poise Pads For Bladder Leaks Extra Plus 10 Pack,TRUE,1026553,740512
5522,Poise Pads For Bladder Leaks Extra Plus 20 Pack,TRUE,3293528,754759
5523,Poise Pads For Bladder Leaks Overnight 8 Pack,TRUE,6802708,722111
5524,Poise Pads For Bladder Leaks Regular 16 Pack,TRUE,1025222,740552
5525,Poise Pads For Bladder Leaks Super 14 Pack,TRUE,1026510,740800
5526,Poise Thin & Discreet Pads For Bladder Leaks Extra 12 Pack,TRUE,2373563,105051
5527,Polident 3 Minute Daily Cleanser For Dentures And Partials 36 Pack,TRUE,9533067,201002
5528,Polident 3 Minute Daily Cleanser For Dentures And Partials 66 Pack,TRUE,3681640,83545
5529,Polident Adhesive Cream Fresh Mint For Dentures And Partials 60g,TRUE,5742247,86759
5530,Polident Hold & Seal Adhesive Cream For Dentures & Partials 40g,TRUE,3137318,680515
5531,Polident Retainer & Mouthguard Daily Cleanser 36 Pack,TRUE,5919335,267853
5532,Polident Whitening Denture Cleaner For Dentures And Partials 36 Pack,TRUE,4764801,232941
5533,Polident Whitening Denture Cleaner For Dentures And Partials 66 Pack,TRUE,3681684,143873
5534,Pomlife Pomegranate Arils Punnet 75g,TRUE,3771517,374347
5535,Pop Tops Fruit Drink Apple Blackcurrant Poppers Multipack Lunch Box 250ml X 6 Pack,TRUE,8147374,229753
5536,Pop Tops Fruit Drink Apple Poppers Multipack Lunch Box Bottles 250ml X 6 Pack,TRUE,6914188,229607
5537,Poppin Microwave Popcorn Butter Flavour 100g,TRUE,153941,18854
5538,Poppin Microwave Popcorn Butter Flavour 100g X4 Pack,TRUE,8997153,113875
5539,Poppin Microwave Popcorn Lite Butter Flavour 85g,TRUE,8466747,113891
5540,Poppin Microwave Popcorn Sea Salt Flavour 100g,TRUE,2872009,582661
5541,Poppin Microwave Popcorn Sweet & Salty 100g,TRUE,3434084,172304
5542,Poppin Microwave Popcorn Triple Butter Flavour Explosion 100g,TRUE,5720743,252429
5543,Poppin Microwave Popcorn Triple Butter Flavour Explosion 100g X4 Pack,TRUE,8213796,319826
5544,Pot Noodles Chicken & Mushroom 94g,TRUE,7259703,337238
5545,Potato Brushed Each,TRUE,1022610,246566
5546,Potato White Washed Each,TRUE,1182162,208895
5547,Powerade Active Water Apple & Peach Sports Drink Sipper Cap 600ml,TRUE,3528676,51557
5548,Powerade Active Water Lemon Sports Drink Sipper Cap 600ml,TRUE,3528654,51570
5549,Powerade Active Water Mango Sports Drink Sipper Cap 600ml,TRUE,3528632,51569
5550,Powerade Berry Ice Zero Sports Drink Sipper Cap 600ml,TRUE,1726023,723452
5551,Powerade Flo Cap Ion 4 Kiwi & Pineapple Bottle 600ml,TRUE,5484742,215509
5552,Powerade Ion4 Berry Ice Sports Drink Sipper Cap 600ml,TRUE,1726001,365189
5553,Powerade Ion4 Blackcurrant Sports Drink Sipper Cap 600ml,TRUE,1726034,279908
5554,Powerade Ion4 Gold Rush Sports Drink Sipper Cap 600ml,TRUE,1726045,365186
5555,Powerade Ion4 Lemon Lime Sports Drink Sipper Cap 600ml,TRUE,1725993,365548
5556,Powerade Ion4 Mountain Blast Sports Drink Sipper Cap 600ml,TRUE,1726056,365190
5557,Powerade Isotonic Berry Ice Powder 500g,TRUE,3808377,369725
5558,Powerade Isotonic Mountain Blast Powder 500g,TRUE,5896852,262843
5559,Powerade Mountain Blast Zero Sports Drink Sipper Cap 600ml,TRUE,1726012,723453
5560,Praise 99% Fat Free Mayonnaise 410g,TRUE,8735292,128900
5561,Praise 99% Fat Free Squeeze Mayonnaise 555g,TRUE,8734799,136649
5562,Praise Aioli Mayonnaise Deli Style Chipotle 250ml,TRUE,1423236,766230
5563,Praise Aioli Mayonnaise Deli Style Classic 250ml,TRUE,1423247,766214
5564,Praise Caesar Salad Croutons 150g,TRUE,6015930,279869
5565,Praise Deli Style Balsamic & Roasted Garlic 250ml,TRUE,3034472,635758
5566,Praise Deli Style Creamy Roast Garlic 250ml,TRUE,3034494,635732
5567,Praise Dressings Balsamic 330ml,TRUE,6541284,312737
5568,Praise Dressings Caesar 330ml,TRUE,9820943,274308
5569,Praise Goodness Mayo Aioli With Roasted Garlic 250ml,TRUE,5493652,234352
5570,Praise Goodness Mayo Whole Egg 250ml,TRUE,5493696,233611
5571,Praise Mayonnaise Traditional Creamy 700g,TRUE,169012,73499
5572,Praise Parmi-naise Mayo,TRUE,5493798,233865
5573,Praise Potato Salad Dressing 330ml,TRUE,2762022,494145
5574,Praise Ranch Dressing Ranch 330ml,TRUE,5370776,354574
5575,Praise Seafood Sauce 250ml,TRUE,1952565,785764
5576,Praise Tartare Sauce 250ml,TRUE,1952554,785763
5577,Praise Traditional Creamy Mayonnaise 365g,TRUE,8733876,128898
5578,Praise Traditional Mayonnaise Squeeze Bottle 490g,TRUE,8734744,136644
5579,Praise Vegan Mayo 360g,TRUE,4498640,104499
5580,Praise Whole Egg Mayonnaise Mayonnaise 335g,TRUE,5296593,253433
5581,Praise Whole Egg Mayonnaise Whole Egg 670g,TRUE,7180829,332107
5582,Preshafruit Pink Lady Apple Juice 2l,TRUE,1418804,67622
5583,Prima Apple & Raspberry Fruit Drink 6x200ml,TRUE,6631831,315759
5584,Prima Apple Fruit Drink 6x200ml,TRUE,6631820,315747
5585,Prima Tropical Fruit Drink 6x200ml,TRUE,6631875,315776
5586,Primo Bacon Pieces Cook & Create Twin Pack 300g,TRUE,5946032,250708
5587,Primo Cabanossi 300g,TRUE,2739202,545880
5588,Primo Champagne Ham Sliced 100g,TRUE,3055086,544761
5589,Primo Cheesy Kabana Cheese & Arnotts Shapes,TRUE,5421607,261245
5590,Primo Chorizo 2 Pack,TRUE,6998745,328005
5591,Primo Double Smoked Sliced Leg Ham 100g,TRUE,2819436,544760
5592,Primo Duos Mild Twiggy Bites & Cheese Snack 50g,TRUE,4380560,104409
5593,Primo English Style Sliced Leg Ham 100g,TRUE,8145856,544696
5594,Primo Extra Crispy Streaky Bacon 200g,TRUE,8141618,913517
5595,Primo Frankfurts Slim,TRUE,4510009,185280
5596,Primo Kabana Tasty Cheese & Arnott Cheese & Bacon Lovers Shapes 50g,TRUE,6796525,307614
5597,Primo Leg Ham Sliced Salt Reduced 100g,TRUE,5644237,248391
5598,Primo Lunch Breaks Leg Ham Cheese Lavosh Crackers & Tom Chutney,TRUE,3861096,259031
5599,Primo Mild Beef Fajita,TRUE,5008917,210609
5600,Primo Mild Hungarian Sliced Salami 80g,TRUE,2814013,544764
5601,Primo Mortadella 100g,TRUE,3576690,68490
5602,Primo Pan Sized Rindless Bacon 750g,TRUE,3052623,674265
5603,Primo Pastrami Sliced 80g,TRUE,2822260,544763
5604,Primo Pepperoni Hot Sliced Salami 80g,TRUE,2808735,544765
5605,Primo Reserve Pulled Pork 130g,TRUE,8140615,913510
5606,Primo Salt Reduced Shortcut Rindless Bacon 200g,TRUE,5008360,212935
5607,Primo Shortcut Rindless Bacon 200g,TRUE,4260568,390879
5608,Primo Shortcut Rindless Bacon 750g,TRUE,4238285,235782
5609,Primo Speck Portion 100g - 450g,TRUE,8135965,328044
5610,Primo Stackers Chicken Cheese & Crackers 45g,TRUE,3756987,96938
5611,Primo Stackers Leg Ham Cheese Cheese And Crackers 50g,TRUE,3752705,65887
5612,Primo Stackers Mild Salami Cheddar Cheese & Crackers 3 Pack,TRUE,4928308,193729
5613,Primo Stackers Mild Salami Cheese And Crackers 50g,TRUE,3755430,63584
5614,Primo Stackers Pepperoni Cheese & Jatz Crackers 57g,TRUE,5422042,222777
5615,Primo Stackers Salami Rice Cheese & Crackers 45g,TRUE,3757006,97275
5616,Primo Tender Roast Bbq Pork Cafe Classics 150g,TRUE,5644339,247618
5617,Primo Trios Arnotts Pizza Shapes & Pepperoni 54g,TRUE,5421480,222491
5618,Primo Trios Cabanossi Cheese & Arnott Bbq Shapes 50g,TRUE,5420943,225624
5619,Primo Trios Cabanossi Cheese & Jatz Crackers 50g,TRUE,5420692,223033
5620,Primo Trios Mild Salami Cheese & Pretzels 50g,TRUE,4928352,174718
5621,Primo Turkey Breast Sliced 80g,TRUE,2814024,544697
5622,Pringles Bbq Stacked Potato Chips 134g,TRUE,2784070,479504
5623,Pringles Cheese Stacked Potato Chips 134g,TRUE,5355466,234038
5624,Pringles Minis Cheese Potato Chips Multipack,TRUE,5355513,196708
5625,Pringles Minis Original Potato Chips Multipack 95g,TRUE,3433999,816096
5626,Pringles Minis Sour Cream & Onion Potato Chips Multipack 95g,TRUE,3434007,816095
5627,Pringles Original Salted Potato Chips 53g,TRUE,2784127,479847
5628,Pringles Sour Cream & Onion Potato Chips 134g,TRUE,2784058,479502
5629,Pringles Sour Cream & Onion Potato Chips 53g,TRUE,2784138,479848
5630,Promite Spread 290g,TRUE,224959,38930
5631,Proud & Punch Caramel Date Night Sticks 6 Pack,TRUE,4469164,180203
5632,Proud & Punch Choc Banana Smoothie Pops 6 Pack,TRUE,3628014,63821
5633,Proud & Punch Pining For Lime 6 Pack,TRUE,3948172,134627
5634,Provoke Touch Of Silver Daily Nourish Purple Conditioner 400ml,TRUE,2666674,857438
5635,Provoke Touch Of Silver Toning Treatment Purple Mask,TRUE,3447155,850485
5636,Prunelax Extra Strength Tablets 80 Pack,TRUE,3162155,681055
5637,Pukka Night Time Tea Bags 20 Pack,TRUE,3248771,797820
5638,Pukka Organic Herbal Tea Collection 20 Pack,TRUE,3452508,762923
5639,Pukka Peace Organic Tea 20 Pack,TRUE,6198283,225619
5640,Pukka Tea Bags Lemon Ginger & Manuka Honey 20 Pack,TRUE,3248793,797819
5641,Pukka Tea Bags Relax 20 Pack,TRUE,3452519,375882
5642,Pump Berry Storm Water Bottle Berry Bottle 750ml,TRUE,1022600,315123
5643,Pump Lime Rush Water Bottle Lime Rush Bottle 750ml,TRUE,2099880,325530
5644,Pump Spring Water Bottle 1.25l,TRUE,8973472,148409
5645,Pump Spring Water Bottle 750ml,TRUE,8966590,153622
5646,Pumpkin Kent Cut Each,TRUE,4202540,143709
5647,Pura Double Cream 300ml,TRUE,5434992,49949
5648,Pura Thick Cream Dollop 300ml,TRUE,5435340,48124
5649,Pureau Pure Water 2l,TRUE,5130626,594964
5650,Pureau Pure Water 5l,TRUE,5284754,38724
5651,Pureau Pure Water Water 10l,TRUE,7611636,94005
5652,Puregg Simply Egg Whites 500g,TRUE,1642218,715111
5653,Pureharvest Almond Milk Unsweetened 1l,TRUE,2807109,858008
5654,Pureharvest Coco Quench Coconut Milk 1l,TRUE,1262363,793391
5655,Pureharvest Organic Almond Milk 1l,TRUE,5717137,260099
5656,Pureharvest Organic Aussie Dream Rice Milk 1l,TRUE,5419194,41225
5657,Pureharvest Organic Malt Free Soy Milk 1l,TRUE,9553971,192366
5658,Pureharvest Organic Oat Milk 1l,TRUE,6684146,86298
5659,Pureharvest Organic Tamari Gluten Free Soy Sauce 250ml,TRUE,5355932,81785
5660,Pureharvest Rice Malt Syrup 500g,TRUE,5356119,56698
5661,Purity Sensitive Fabric Softener 2l,TRUE,4690068,88869
5662,Purity Sensitive Laundry Liquid 2l,TRUE,3787969,88870
5663,Pyrex Divided Glass Bakeware Dish,TRUE,7072236,205542
5664,Pyrex Measuring Jug 500ml Each,TRUE,5306518,185184
5665,Queen Blue Food Colour 50ml,TRUE,194450,37421
5666,Queen Celebrating 120 Years Pure Vanilla Extract 100ml,TRUE,3025427,575974
5667,Queen Fairtrade Vanilla Extract With Seeds 50ml,TRUE,1931055,774157
5668,Queen Finest Almond Natural Extract Intense Flavour 50ml,TRUE,4358899,190407
5669,Queen Finest Madagascar Vanilla Bean Paste 50g,TRUE,2777642,490097
5670,Queen Finest Peppermint Natural Extract Intense Flavour 50ml,TRUE,4358902,190464
5671,Queen Finest Vanilla Bean Pods 4g,TRUE,2877079,576098
5672,Queen Green Food Colour 50ml,TRUE,194472,37422
5673,Queen Imitation Flavouring Vanilla 300ml,TRUE,3980663,141858
5674,Queen Natural Dark Choc Flavouring Paste 100g,TRUE,5985205,282464
5675,Queen Natural Food Colouring Rainbow 7ml X4 Pack,TRUE,4847057,743683
5676,Queen Natural Vanilla Concentrated Extract 50ml,TRUE,8532284,115233
5677,Queen Natural Vanilla Extract 150ml,TRUE,3980630,143014
5678,Queen Natural Vanilla Paste 80g,TRUE,5942246,210639
5679,Queen Natural White Choc Flavouring Paste 100g Queens Natural White Choc Paste,TRUE,5942202,283953
5680,Queen Organic Vanilla Bean Paste 140g,TRUE,2517517,786237
5681,Queen Organic Vanilla Bean Paste 65g,TRUE,4447230,225399
5682,Queen Organic Vanilla Extract 100ml,TRUE,174136,37420
5683,Queen Organic Vanilla Extract 50ml,TRUE,174114,37419
5684,Queen Pillar Box Red Food Colour 50ml,TRUE,9754805,205664
5685,Queen Pure Maple Syrup 250ml,TRUE,8850122,142574
5686,Queen Rainbow Food Colours 4 Pack,TRUE,5529523,31777
5687,Queen Sugar Free Maple Flavoured Syrup 355ml,TRUE,4692176,252668
5688,Queen Sugar Free Maple Flavoured Syrup Vanilla 355ml,TRUE,4387106,240398
5689,Queen Ultimate Sprinkles Midnight Magic 110g,TRUE,3816546,803578
5690,Queen Writing Icing 5 Pack,TRUE,1965080,774154
5691,Queen Yellow Food Colour 50ml,TRUE,194519,37423
5692,Queens Natural Choc Flavouring Paste 100g,TRUE,5942224,280844
5693,Queens Salted Caramel Colour & Flavour 40g,TRUE,5985307,282298
5694,Queens Strawberry & Cream Colour & Flavour 40g,TRUE,5985227,282300
5695,Quick-eze Antacids Forest Berry 24 Pack,TRUE,6988515,321495
5696,Quick-eze Heartburn & Indigestion Relief Chewy Peppermint 24 Pack,TRUE,6082992,48119
5697,Quick-eze Heartburn & Indigestion Relief Original 60 Pack,TRUE,310507,98611
5698,Quilton 3 Ply White Toilet Tissue 48 Pack 48 pack,TRUE,3346384,165930
5699,Quilton Cooling Lotion 3 Ply Facial Tissue,TRUE,3757130,118654
5700,Quilton Gold 4 Ply Tissues Aloe Vera 100 Pack,TRUE,5080936,644240
5701,Quilton Toilet Tissue King Size Unscented 6 Pack,TRUE,1479718,742707
5702,Quitnits Head Lice Foam Solution 125ml,TRUE,3155003,661499
5703,Quorn Mince 300g,TRUE,7643064,349163
5704,Quorn Pieces Frozen 300g,TRUE,7643042,716852
5705,Quorn Vegan Nuggets 280g,TRUE,2749975,574746
5706,Qv Cream 1kg,TRUE,7061171,359127
5707,Qv Gentle Face Cleanser 250g,TRUE,9029533,953870
5708,Radiant Active Clean Laundry Capsules 3-in-1 Washing Detergent 45 Pack,TRUE,6267047,272190
5709,Radiant Active Clean Liquid Laundry Capsules Detergent Washing 28 Pack,TRUE,5109335,208904
5710,Radiant Advanced+ Ultra Power Laundry Liquid Detergent 1.8l,TRUE,4317508,143145
5711,Radiant Blacks & Darks Laundry Liquid Detergent Black Wash 1l,TRUE,3196667,660226
5712,Radiant Colour Care+ Liquid Laundry Capsules Detergent Washing 28 Pack,TRUE,5109368,209343
5713,Radiant Mixed Colours Laundry Detergent Washing Powder 2kg,TRUE,3997972,142359
5714,Radiant Mixed Colours Laundry Liquid Detergent 2l,TRUE,4144250,143227
5715,Radiant Whites Or Colours Laundry Detergent Washing Powder 2kg,TRUE,3997940,141938
5716,Radiant Whites Or Colours Laundry Detergent Washing Powder 4kg,TRUE,3997928,143356
5717,Radiant Whites Or Colours Laundry Liquid Detergent 2l,TRUE,4144352,143353
5718,Radiant Whites Or Colours Laundry Liquid Detergent Washing 4l,TRUE,5109460,35336
5719,Radox Bath Gel Muscle Soak 500ml,TRUE,9336237,868680
5720,Radox Feel Heavenly Coconut Body Wash & Shower Gel 1l,TRUE,5124452,250895
5721,Radox Shower Gel Feel Extreme 1 L,TRUE,4569715,218383
5722,Radox Shower Gel Feel Oxygenated 1 L,TRUE,4569760,210784
5723,Raid Max Ant Killer Surface Insect Spray 375g,TRUE,1517271,788751
5724,Rana Basil & Pine Nuts Tortellini Pasta 325g,TRUE,3752716,28325
5725,Rana Burrata Cheese & Arrabbiata Ravioli 300g,TRUE,7162259,355169
5726,Rana Creamy Pumpkin & Cheese Tortellini 565g,TRUE,5152855,212806
5727,Rana Egg Lasagne Pasta 250g,TRUE,3358226,28059
5728,Rana Porcini Mushroom Ravioli Pasta 325g,TRUE,3296071,810868
5729,Rana Pumpkin & Onion Ravioli Pasta 325g,TRUE,3091148,810775
5730,Rana Ricotta & Spinach Tortellini 565g,TRUE,4274890,120541
5731,Rana Ricotta & Spinach Tortellini Pasta 325g,TRUE,3091046,810774
5732,Ratsak Rat & Mouse Trap One Shot 100g,TRUE,6550820,230441
5733,Raw C Coconut Water 2l,TRUE,3422518,630643
5734,Razza Matazz Spot Tight Tall Each,TRUE,4164746,317413
5735,Razzamatazz Tan Anklet One Size 2 Pack,TRUE,8966728,100303
5736,Real Foods Corn Thins Multigrain 150g,TRUE,8000070,4021
5737,Real Foods Corn Thins Original 150g,TRUE,7112308,71422
5738,Real Foods Corn Thins Sesame,TRUE,4859996,113797
5739,Real Foods Corn Thins Tasty Cheese 125g,TRUE,1000301,747180
5740,Red Bull Energy Drink 250ml,TRUE,8654973,114632
5741,Red Bull Energy Drink 473ml X4 Pack,TRUE,3192495,679135
5742,Red Bull Energy Drink 4x250ml,TRUE,9043363,162609
5743,Red Bull Energy Drink Cans 12 X250ml,TRUE,4942488,223875
5744,Red Bull Energy Drink Cans 250ml X8 Pack,TRUE,7306224,331784
5745,Red Bull Energy Drink Sugar Free 4x250ml,TRUE,9615900,226913
5746,Red Bull Energy Drink Sugar Free Cans 8 X250ml,TRUE,3324177,220969
5747,Red Bull Energy Drink Zero 4x250ml,TRUE,1492443,767252
5748,Red Eye Energy Drink Platinum 330ml,TRUE,8523873,116221
5749,Red Island Cold Pressed Olive Oil Extra Virgin 500ml,TRUE,5693334,217225
5750,Red Island Extra Virgin Olive Oil Extra Virgin 250ml,TRUE,4484770,217214
5751,Red Kellys Salad Dressing Caesar 250ml,TRUE,5503563,311907
5752,"Red Rock Deli Balsamic Beetroot, Fetta & Cashews Dip 135g",TRUE,7083130,387034
5753,"Red Rock Deli Basil Pesto, Pecorino & Cashews",TRUE,9934556,755203
5754,"Red Rock Deli Basil Pesto, Pecorino & Cashews 135g",TRUE,7083119,387163
5755,Red Rock Deli Classics Caramelised French Onion 190g,TRUE,4935620,176569
5756,Red Rock Deli Classics Cheesy Spinach & Garlic Cob Dip 190g,TRUE,6011305,238729
5757,Red Rock Deli Classics Mexican Style Salsa & Guacamole 190g,TRUE,4759255,176549
5758,Red Rock Deli Classics Sweet Chilli & Sour Cream 190g,TRUE,4935631,176969
5759,Red Rock Deli Deli Style Crackers Cheddar & Parmesan 135g,TRUE,3979020,139762
5760,Red Rock Deli Deli Style Crackers Honey Soy Chicken 135g,TRUE,3979019,139094
5761,Red Rock Deli Deli Style Crackers Sea Salt & Balsamic Vinegar 135g,TRUE,5484651,238141
5762,Red Rock Deli Deli Style Crackers Sweet Chilli & Sour Cream 135g,TRUE,3979008,137981
5763,Red Rock Deli Dijon Mustard & Honey Potato Chips Share Pack,TRUE,4843511,195008
5764,"Red Rock Deli Dip Beetroot, Feta & Cashew",TRUE,8446331,703683
5765,Red Rock Deli Gourmet Crackers Aged Cheddar & Caramelised Onion 130g,TRUE,3978956,139516
5766,Red Rock Deli Gourmet Crackers Murray River Pink Salt & Black Pepper 130g,TRUE,3978945,139725
5767,Red Rock Deli Gourmet Crackers Sundried Tomato & Italian Herbs 130g,TRUE,3978967,139059
5768,Red Rock Deli Honey Soy Chicken Gourmet Deli Style Crackers Multipack 130g,TRUE,2962451,259264
5769,Red Rock Deli Potato Chips Honey Soy Chicken 165g,TRUE,1786160,781394
5770,Red Rock Deli Potato Chips Honey Soy Chicken Deli Style 50g,TRUE,3706082,82858
5771,Red Rock Deli Potato Chips Lime & Black Pepper 165g,TRUE,1786193,781393
5772,Red Rock Deli Potato Chips Multipack Honey Soy Chicken 5 Pack,TRUE,3995773,136040
5773,Red Rock Deli Potato Chips Multipack Sweet Chilli & Sour Cream 5 Pack,TRUE,3995784,134650
5774,Red Rock Deli Potato Chips Multipack Variety - Deli Style 28g X10 Pack,TRUE,6307108,299946
5775,Red Rock Deli Potato Chips Sea Salt & Balsamic Vinegar 165g,TRUE,1786171,781402
5776,Red Rock Deli Potato Chips Sea Salt Natural 165g,TRUE,1786150,781396
5777,Red Rock Deli Potato Chips Sweet Chilli & Sour Cream 165g,TRUE,1786182,781370
5778,Red Rock Deli Roast Tomato Feta Basil & Cashew Dip,TRUE,2882830,923912
5779,"Red Rock Deli Roasted Red Capsicum, Pecorino, Cashews & Basil 135g",TRUE,7083120,387035
5780,Red Rock Deli Trio Of Cheeses Potato Chips Share Pack 150g,TRUE,5882279,260030
5781,Red Tractor Wheat Free Oats 500g,TRUE,3739310,70824
5782,Redheads Classic Mega Value Block 64 Pack,TRUE,3670928,40246
5783,Redheads Classic Wrapped Firelighters 20 Pack,TRUE,3030777,636991
5784,Redheads Extra Long Matches 45 Pack,TRUE,492845,21366
5785,Redheads Foil-sealed Firelighters Fire Lighters 24 Pack,TRUE,4994890,250327
5786,Redheads Handy Pack Matches 3 X90 Pack,TRUE,3978661,21462
5787,Redheads Natural Firelighter Cubes 64 Pack,TRUE,7030270,345826
5788,Redheads Natural Firelighters Block 28 Pack,TRUE,5580258,232546
5789,Redwin Anti Dandruff Shampoo Tea Tree Treatment 250ml,TRUE,6776812,7798
5790,Redwin Sensitive Skin Restoring Sorbolene Soap Free Body Wash 1l,TRUE,9811272,317149
5791,Redwin Sorbolene Daily Moisturiser 1.1l,TRUE,5428956,236710
5792,Redwin Sorbolene Daily Moisturiser 550ml,TRUE,5429030,237875
5793,Redwin Sorbolene Hand Cream With Vitamin E 100g,TRUE,5492682,16787
5794,Redwin Vitamin E Cream With Evening Primrose Oil 330g,TRUE,5428934,236711
5795,Reese's Peanut Butter & Chocolate Sticks,TRUE,6277787,277784
5796,Reese's Peanut Butter Chips 283g,TRUE,4358946,827791
5797,Reese's Peanut Butter Cup Milk Chocolate 42g Bar,TRUE,5162564,34517
5798,Reese's Peanut Butter Cups Miniatures Milk Chocolate 150g,TRUE,2137470,348306
5799,Remedy Energy With Caffeine Berry Shot 60ml,TRUE,4471450,174912
5800,Remedy Guava Sodaly Prebiotic Prebiotic Soda No Sugar Cans 250ml X4 Pack,TRUE,6210185,229762
5801,Remedy Immune Plus Vitamins Lemon & Lime Shot 60ml,TRUE,4471440,178116
5802,Remedy Kombucha Ginger Lemon 330ml,TRUE,2746820,571601
5803,Remedy Kombucha Mango Passion 330ml,TRUE,8769556,102323
5804,Remedy Kombucha Orange Squeeze 330ml,TRUE,5751780,190516
5805,Remedy Kombucha Raspberry Lemonade 330ml,TRUE,3320391,624289
5806,Remedy Kombucha Wild Berry 750ml,TRUE,3951359,124742
5807,"Remedy Lemon, Lime & Bitters Sodaly Prebiotic Soda No Sugar Cans 250ml X4 Pack",TRUE,6210141,229636
5808,Remedy Organic Kombucha Ginger Lemon 750ml,TRUE,2746966,662367
5809,Remedy Organic Kombucha Mango Passion 750ml,TRUE,3951348,91082
5810,Remedy Organic Kombucha Raspberry Lemonade 750ml,TRUE,3896931,671437
5811,Remedy Passionfruit Sodaly Prebiotic Soda No Sugar Cans 250ml X4 Pack,TRUE,6210163,229441
5812,Remedy Raspberry Sodaly Prebiotic Soda No Sugar Cans 250ml X4 Pack,TRUE,6210174,229584
5813,Remedy Sodaly Guava 330ml,TRUE,7756774,270656
5814,Rennie Indigestion & Heartburn Relief Spearmint Chewable Tablets 48 Pack,TRUE,5548970,74034
5815,Renovatio An Apple A Day Immunity Plus Tablets 30 Pack,TRUE,6497466,141884
5816,Renovatio Bioscience Mental Resilience 30 Pack,TRUE,6497477,208392
5817,Republica Organic Instant Coffee 100% Pure Decaffeinated 100g,TRUE,8648019,346896
5818,Rescue Remedy Sleep Liquid Spray,TRUE,2123544,769741
5819,Revlon Age Defying Firm & Lift Make Up Natural Beige 30ml,TRUE,3328269,815312
5820,Revlon Age Defying Firm & Lift Make Up Soft Beige 30ml,TRUE,3328247,815301
5821,Revlon Colorstay 16hr Eyeshadow Addictive,TRUE,3024210,669234
5822,Revlon Colorstay Brow Makeup Pencil Dark Brown 0.35g,TRUE,3021630,669223
5823,Revlon Colorstay Eye Liner Black 0.28g,TRUE,3023035,669242
5824,Revlon Colorstay Eye Liner Black Brown 0.28g,TRUE,3021696,669254
5825,Revlon Colorstay Long Wear Makeup Freshbeige 30ml,TRUE,5203741,245923
5826,Revlon Colorstay Longwear Makeup Combination/oily-natural Beige 30ml,TRUE,5203800,245583
5827,Revlon Colorstay Overtime Lipcolor Infinite Raspberry Lipstick 2.0ml,TRUE,3022316,669971
5828,Revlon So Fierce! Vinyl Eyeliner Midnight,TRUE,3695420,75790
5829,Revlon Super Lustrous Lipstick Soft Silver Rose Each,TRUE,3538341,815298
5830,Rexona For Men Clinical Protection Antiperspirant Deodorant Sport 45ml,TRUE,8948839,712408
5831,Rexona Men Advanced Protection Deodorant Invisible Dry 220 Ml,TRUE,3660913,68801
5832,Rexona Men Advanced Protection Deodorant Workout 220 Ml,TRUE,3660902,68832
5833,Rexona Men Advanced Protection Lemon Crush Antiperspirant 220ml,TRUE,5303291,229614
5834,Rexona Men Advanced Sport Anti Perspirant Aerosol Deodorant 220ml,TRUE,3660811,68800
5835,Rexona Men Antiperspirant Aerosol Deodorant Original 50ml,TRUE,7526468,254984
5836,Rexona Men Clinical Clean Scent 180ml,TRUE,3364070,814803
5837,Rexona Men Clinical Protection Deodorant Active Fresh 45 Ml,TRUE,6981979,328751
5838,Rexona Men Clinical Protection Deodorant Sport 180 Ml,TRUE,3364025,814802
5839,Rexona Men Clinical Protection Deodorant Sport 50 Ml,TRUE,3364105,814796
5840,Rexona Men Deodorant Ice Cool 250 Ml,TRUE,89128,1087
5841,Rexona Men Deodorant Original 250 Ml,TRUE,89106,1079
5842,Rexona Men Deodorant Original 50 Ml,TRUE,5052920,841494
5843,Rexona Men Deodorant Quantum 250 Ml,TRUE,6554843,311322
5844,Rexona Men Deodorant Sport Fresh 250 Ml,TRUE,3054072,672028
5845,Rexona Men's Antiperspirant Pump Deodorant Sport 150ml,TRUE,68252,21717
5846,Rexona Roll On Deodorant Advanced Sport 50ml,TRUE,6379903,307650
5847,Rexona Women Advanced Protection 72h Antiperspirant Bright Bouquet 220 Ml,TRUE,3660866,68833
5848,Rexona Women Advanced Protection 72h Antiperspirant Invisible Dry 220 Ml,TRUE,5300170,229616
5849,Rexona Women Advanced Protection 72h Antiperspirant Shower Fresh 220 Ml,TRUE,3660844,68835
5850,Rexona Women Advanced Protection Deodorant Invisible Dry Pure 220 Ml,TRUE,3660822,68836
5851,Rexona Women Advanced Protection Deodorant Watermelon Freeze 220 Ml,TRUE,4344238,137806
5852,Rexona Women Antiperspirant Aerosol Deodorant Hypo-allergenic 250ml,TRUE,5409656,62949
5853,Rexona Women Antiperspirant Aerosol Deodorant Sexy Bouquet 50ml,TRUE,3770332,557929
5854,Rexona Women Clinical Protection 96h Antiperspirant Gentle Dry 45ml,TRUE,2038365,789425
5855,Rexona Women Clinical Protection 96h Antiperspirant Shower Clean 180 Ml,TRUE,3363951,814801
5856,Rexona Women Clinical Protection 96h Antiperspirant Shower Clean 45ml,TRUE,2038376,789433
5857,Rexona Women Clinical Protection 96h Antiperspirant Shower Clean 50ml,TRUE,3364003,814795
5858,Rexona Women Clinical Protection 96h Antiperspirant Summer Strength 180 Ml,TRUE,3363940,814799
5859,Rexona Women Clinical Protection 96h Antiperspirant Summer Strength 45ml,TRUE,2038387,789434
5860,Rexona Women Clinical Protection 96h Antiperspirant Summer Strength 50ml,TRUE,3363995,814786
5861,Rexona Women Deodorant Antiperspirant Stick Invisible Dry 42g,TRUE,3058517,667610
5862,Rexona Women Deodorant Classic 250 Ml,TRUE,5079187,25494
5863,Rexona Women Deodorant Classic 50 Ml,TRUE,5079201,841509
5864,Rexona Women Deodorant Cotton Dry 250 Ml,TRUE,4713673,231529
5865,Rexona Women Deodorant Sexy Bouquet 250 Ml,TRUE,8949220,712398
5866,Ribena Blackcurrant 2.4l,TRUE,9592850,204032
5867,Ribena Syrup Blackcurrant 1l,TRUE,164336,149604
5868,Ribena Syrup Light Blackcurrant 1l,TRUE,3407682,231845
5869,Rice A Riso Flavoured Rice Chicken 180g,TRUE,9428947,183695
5870,Rid Medicated Insect Repellent Tropical Strength + Antiseptic 100ml,TRUE,6152817,710919
5871,Rid Sensitive Antiseptic Bite Protection 100ml,TRUE,6881464,387246
5872,Rimmel 100% Waterproof Mascara Black 8ml,TRUE,5076768,365870
5873,Rimmel Bb Cream 001 Light 30ml,TRUE,1150202,740162
5874,Rimmel Bb Cream 002 Medium 30ml,TRUE,1150213,740163
5875,Rimmel Brow This Way 2in1 Eye Brow Blonde 0.4g,TRUE,3963493,815317
5876,Rimmel Brow This Way 2in1 Eye Brow Pencil Medium Brown,TRUE,3702354,62553
5877,Rimmel Brow This Way 2in2 Eye Brow Dark Brown 0.4g,TRUE,3323108,815330
5878,Rimmel Exaggerate Liquid Eye Liner 100% Black 2.50ml,TRUE,5079926,365926
5879,Rimmel Insta Fix & Go Primer & Setting Spray 100ml,TRUE,2858518,610125
5880,Rimmel Lasting Finish 25hr Foundation True Beige 30ml,TRUE,2615334,423310
5881,Rimmel Lasting Finish Full Coverage Foundation 103 True Ivory 30ml,TRUE,7038930,380945
5882,Rimmel Lasting Finish Full Coverage Foundation 200 Soft Beige 30ml,TRUE,7038883,365954
5883,Rimmel Lastingfinish Fdn Ivory 30ml,TRUE,7038872,365958
5884,Rimmel London Kind & Free Mascara Black Each,TRUE,4819313,198952
5885,Rimmel London Lasting Provocalips Lip Colour 730 Make A Mauve 2ml,TRUE,6372686,318592
5886,Rimmel London Oh My Gloss Plump 800 Diamondpop Each,TRUE,4365930,198980
5887,Rimmel London Oh My Gloss! Plump 210 1999 Each,TRUE,4365974,198966
5888,Rimmel London Wonder'serum Revitalising Serum For Lashes & Brows Each,TRUE,4819277,173006
5889,Rimmel Natural Bronzer Sunbronze 14g,TRUE,4365872,162724
5890,Rimmel Natural Bronzer Sunlight 14g,TRUE,4365894,161891
5891,Rimmel Oh My Gloss Crystal Clear 6.5ml,TRUE,2359653,878798
5892,Rimmel Oh My Gloss Glossaholic 6.5ml,TRUE,2616778,62469
5893,Rimmel Oh My Gloss Love Bug 6.5ml,TRUE,2616767,878740
5894,Rimmel Oh My Gloss Snog 6.5ml,TRUE,2359755,878745
5895,Rimmel Powder Match Perfection Each,TRUE,7136758,763009
5896,Rimmel Powder Pressed Transparent 14g,TRUE,5082523,365976
5897,Rimmel Primer Lasting Finish 30ml,TRUE,2007598,825625
5898,Rimmel Professional Eyebrow Pencil 002 Hazel 1.4g,TRUE,5082294,365918
5899,Rimmel Professional Eyebrow Pencil Dark Brown 1.4g,TRUE,5082283,365916
5900,Rimmel Scandal Eyes Volume On Demand Mascara Waterproof,TRUE,3963405,105031
5901,Rimmel Scandaleyes Eye Definer Brown Each,TRUE,3963369,134505
5902,Rimmel Soft Kohl Kajal Eye Pencil 061 Jet Black 1.2g,TRUE,5080517,365915
5903,Rimmel Stay Matte Liquid Lip Colour #210 Rose & Shine 5.5ml,TRUE,7039059,672551
5904,Rimmel Stay Matte Liquid Lipstick Fire Starter,TRUE,7039026,818393
5905,Rimmel Stay Matte Powder Pressed Silk Beige 14g,TRUE,5082512,365978
5906,Rimmel Wonder Extension Mascara Very Black 11ml,TRUE,4818809,164585
5907,Ritz Breakz Classic Crackers 250g,TRUE,3620169,57563
5908,Ritz Original Crackers 227g,TRUE,6164463,261282
5909,Riviana Arborio Rice 1kg,TRUE,5988586,90660
5910,Riviana Basmati Rice Extra Long Grain 1kg,TRUE,145590,34294
5911,Robert Timms Coffee Bags Decaffeinated 18 Pack,TRUE,6415064,157346
5912,Robert Timms Gold Colombia Coffee Bags 28 Pack,TRUE,3511630,26128
5913,Robert Timms Italian Espresso Style Coffee Bags 28 Pack,TRUE,4965756,283136
5914,Robert Timms Mocha Kenya Style Coffee Bags 28 Pack,TRUE,5698633,283137
5915,Robert Timms Premium Espresso Granulated Coffee 200g,TRUE,8639925,313153
5916,Robert Timms Premium Full-bodied Granulated Coffee 200g,TRUE,4965712,248699
5917,Rockface Face Scrub Exfoliating Citrus Original 150ml,TRUE,4327750,222594
5918,Rockface Original Fresh Body Spray 200ml,TRUE,7035819,221860
5919,Rockstar Guava Punched Energy Drink 500ml,TRUE,7388750,332724
5920,Rokeby Farms Protein Smoothie Banana Honey Cinnamon 425ml,TRUE,3905307,788553
5921,Rokeby Farms Protein Smoothie Dutch Chocolate 425ml,TRUE,1944192,771258
5922,Rosella Chutney Fruit 250g,TRUE,127180,34460
5923,Rosella Chutney Fruit 525g,TRUE,127205,38497
5924,Rosella Condensed Tomato Soup 390g,TRUE,4807132,202590
5925,Rosella Tomato Roasted Pepper Soup 390g,TRUE,4876066,276841
5926,Rosella Tomato Sauce Glass 580ml,TRUE,3574040,61679
5927,Rosella Tomato Sauce Squeezie 500ml,TRUE,9735946,207915
5928,Rose's English Breakfast Marmalade 375g,TRUE,6397687,296178
5929,Rosken Skin Repair Hand Cream For Dry Skin 75ml,TRUE,7211081,213349
5930,Roundup Garden Weed Killer Fast Action 1l,TRUE,7902446,352344
5931,Rowntrees Fruit Gums Bag 150g,TRUE,2783532,242153
5932,Rowntrees Fruit Pastilles 50g,TRUE,2153090,175728
5933,Rubik's 3x3 Cube Each,TRUE,7058370,956982
5934,S&b Golden Curry Mix Hot 92g,TRUE,5799991,682528
5935,S&b Japanese Wasabi Tube Paste 43g,TRUE,57460,54429
5936,S&w Mayonnaise Whole Egg 440g,TRUE,6144750,293958
5937,S&w Mayonnaise Whole Egg 880g,TRUE,6140181,293959
5938,Sabco All Purpose Mop Bucket 12.5l Each,TRUE,3879670,790716
5939,Sabco All Round Indoor Broom Each,TRUE,3913597,178353
5940,Sabco Dustpan Set Each,TRUE,7755636,662132
5941,Sabco Outdoor Window Washer Extendable Handle Each,TRUE,6362886,210253
5942,Sabco Stainless Steel Toilet Brush Set Each,TRUE,3865723,553062
5943,Sabco Super Swish Xtra Mop Each,TRUE,3146160,210252
5944,Sabco Superswish Xtra Wet Refill Each,TRUE,3146294,210748
5945,Sacla Basil Pesto Free From 190g,TRUE,3593339,88125
5946,Sacla Cherry Tomato & Basil Pasta Sauce 420g,TRUE,5106280,258381
5947,Sacla Cherry Tomato & Parmigiano Pasta Sauce 420g,TRUE,2348497,88313
5948,Sacla Cherry Tomato & Roasted Garlic Pasta Sauce 420g,TRUE,2862923,87820
5949,Safcol Salmon Premium 200g,TRUE,5122424,78630
5950,Safcol Sardines In Oil 110g,TRUE,2508287,803728
5951,Safcol Sardines In Springwater 110g,TRUE,2508276,803409
5952,Safcol Smoked Mussels In Oil 85g,TRUE,2508334,883679
5953,Safcol Tapas Chilean Mussels In Spanish Escabeche Style Sauce 105g,TRUE,6650600,20923
5954,Safcol Tapas Spanish Style Squid In Olive Oil 111g,TRUE,5455052,237173
5955,Sakata Rice Crackers Cheddar Cheese 100g,TRUE,9610408,199639
5956,Sakata Rice Crackers Classic Barbecue 100g,TRUE,9610430,199643
5957,Sakata Rice Crackers Plain 100g,TRUE,6878175,41814
5958,Sakata Rice Crackers Seaweed 90g,TRUE,6982406,323336
5959,Sakata Rice Crackers Sour Cream And Chives 100g,TRUE,2364416,199671
5960,Sakata Rice Crackers Wholegrain Original 90g,TRUE,5924925,261618
5961,Sakata Stars Snack Sized Cheese Rice Crackers Multipack 13g  X 7 Pack,TRUE,5596939,161108
5962,Sakata Sweet Chilli & Sour Cream Wholegrain Rice Crackers,TRUE,5483310,207256
5963,Sally Hansen Insta Dri Buff & Tumble Each,TRUE,3713000,104935
5964,Sally Hansen Insta Dri Clearly Quick Nail Polish Each,TRUE,3791536,137526
5965,Sally Hansen Insta Dri Espresso Each,TRUE,3713011,104936
5966,Sally Hansen Insta Dri Mauve It,TRUE,3713022,104937
5967,Sally Hansen Insta Dri Pink Blink Each,TRUE,3713033,104938
5968,Sally Hansen Instant Nail Polish Remover Strengthening 75ml,TRUE,5790986,823170
5969,Sally Hansen Nail Complete Care 7-in-1 13.3ml,TRUE,2857650,422545
5970,Sally Hansen Nail Hard As Nails Nylon Natural Nail Polish 13.3ml,TRUE,7416073,201104
5971,Sally Hansen Nail Polish Double Duty Base Coat 13.3ml,TRUE,7538230,201985
5972,Sally Hansen Xtreme Wear Nail Polish Cloud Shine,TRUE,3539504,57300
5973,Salvital Salts Saline 375g,TRUE,167323,30847
5974,Samba Natural Wooden Firelighters 32 Pack,TRUE,7030779,100830
5975,Samboy Samboy Barbecue Crinkle Cut Potato Chips 90g,TRUE,9284257,173885
5976,Sambucol Cold & Flu Forte Plus Vit C & Zinc Capsules 24 Pack,TRUE,7484583,841670
5977,Sambucol Cough Syrups Cold & Flu Liquid 120ml,TRUE,7484426,370940
5978,San Remo Bows Ties Pasta No 23 500g,TRUE,5596837,48900
5979,San Remo Cous Cous Medium Grain 500g,TRUE,6079397,25207
5980,San Remo Elbows Pasta No 35 500g,TRUE,206221,39484
5981,San Remo Fettuccine Curly Pasta No 80 500g,TRUE,9579895,195750
5982,San Remo Gluten Free Brown Rice Penne 250g,TRUE,3945764,647730
5983,San Remo Gluten Free Fettuccine 350g,TRUE,5363748,657011
5984,San Remo Gluten Free Spaghetti 350g,TRUE,4275543,656967
5985,San Remo Gluten Free Spirals 350g,TRUE,4275510,657399
5986,San Remo La Pasta Alfredo 160g,TRUE,8536897,700692
5987,San Remo La Pasta Alfredo Single Snack 80g,TRUE,5177244,200783
5988,San Remo La Pasta Carbonara 160g,TRUE,8536875,700713
5989,San Remo La Pasta Carbonara Single Snack,TRUE,5177255,200784
5990,San Remo La Pasta Chicken Curry Single Snack 80g,TRUE,3221505,96607
5991,San Remo La Pasta Creamy Bacon Single Snack 80g,TRUE,5177299,96731
5992,San Remo La Pasta Macaroni Cheese 160g,TRUE,8536886,700721
5993,San Remo La Pasta Macaroni Cheese Single Snack 80g,TRUE,5177288,48645
5994,San Remo Lasagne Gluten Free 200g,TRUE,4275973,242926
5995,San Remo Lasagne Pasta Instant Large Fam Pack 375g,TRUE,4164495,212064
5996,San Remo Linguine Pasta No 1 500g,TRUE,6990878,82282
5997,San Remo Pasta Chickpea Spirals 250g,TRUE,3582387,619463
5998,San Remo Pasta Pulse Penne 250g,TRUE,3214430,619426
5999,San Remo Pulse Pasta Red Lentils 250g,TRUE,3582398,679127
6000,San Remo Rigatoni Pasta No 22 500g,TRUE,5694676,93054
6001,San Remo Spaghetti Pasta No 5 500g,TRUE,206196,43974
6002,San Remo Spaghetti Tube Pasta No 6 500g,TRUE,242418,43975
6003,San Remo Spirals Large Pasta 500g,TRUE,125389,36756
6004,San Remo Spirals Spelt Pasta 250g,TRUE,1586117,739878
6005,San Remo Spirals Vegeroni 375g,TRUE,5615771,6177
6006,San Remo Tagliatelle Egg Noodle Pasta 250g,TRUE,69936,11252
6007,San Remo Thin Spaghetti No. 4 500g,TRUE,242407,43973
6008,San Remo Trivelle Pasta 500g,TRUE,5596848,10305
6009,San Remo Wholemeal Cous Cous,TRUE,209900,966478
6010,Sandhurst Artichoke Marinated 170g,TRUE,5892895,739241
6011,Sandhurst Baby Capers In Wine Vinegar 110g,TRUE,9763205,242762
6012,Sandhurst Baby Cucumbers 500g,TRUE,4185826,689896
6013,Sandhurst Chillies Jalapeno Medium Hot 270g,TRUE,8346632,41049
6014,Sandhurst Kalamata Olives Pitted 300g,TRUE,6739930,761064
6015,Sandhurst Olives Green Pitted 350g,TRUE,8631708,708283
6016,Sandhurst Olives Green Sicilian 280g,TRUE,7611046,329746
6017,Sandhurst Olives Kalamata Pitted 500g,TRUE,5851151,180260
6018,Sandhurst Sauerkraut 500g,TRUE,1999092,733305
6019,Sandhurst Semi Dried Tomato Strips 125g,TRUE,1997199,787707
6020,Sandhurst Tomatoes Semi Dried Canola Oil 270g,TRUE,8507877,214325
6021,Sandhurst Tomatoes Sundried 125g,TRUE,5469680,733311
6022,Sanitarium Marmite Spread 250g,TRUE,5090521,79628
6023,Sanitarium Natural Crunchy Peanut Butter 375g,TRUE,5796870,15819
6024,Sanitarium Natural Smooth Peanut Butter 375g,TRUE,5796847,476935
6025,Sanitarium So Good Barista Edition Almond Milk 1l,TRUE,5318969,83836
6026,Sanitarium So Good Barista Edition Oat Milk 1l,TRUE,5318947,83273
6027,Sanitarium So Good Barista Edition Soy Milk 1l,TRUE,6501290,83995
6028,Sanitarium So Good Choc Bliss Frozen Dessert 1l,TRUE,8264174,69811
6029,Sanitarium So Good Long Life Lite Soy Milk 1l,TRUE,5089883,16307
6030,Sanitarium So Good Long Life Original Almond Milk 1l,TRUE,9089036,710014
6031,Sanitarium So Good Long Life Regular Soy Milk 1l,TRUE,403029,24318
6032,Sanitarium So Good Long Life Unsweetened Almond Coconut Milk 1l,TRUE,1987118,793384
6033,Sanitarium So Good Long Life Unsweetened Almond Milk 1l,TRUE,1260754,744490
6034,Sanitarium So Good Oat No Added Sugar Uht Milk 1l,TRUE,4204352,120207
6035,Sanitarium Up & Go Energize Chocolate 500ml,TRUE,2918165,479925
6036,Sanitarium Up&go Dairy Free Liquid Breakfast Choc Ice 12 Pack,TRUE,4862436,118315
6037,Sanitarium Up&go Dairy Free Liquid Breakfast Choc Ice 3 Pack,TRUE,3898416,119883
6038,Sanitarium Up&go Dairy Free Liquid Breakfast Vanilla Ice 12 Pack,TRUE,4862505,119755
6039,Sanitarium Up&go Liquid Breakfast Banana 12 Pack,TRUE,1491338,765982
6040,Sanitarium Up&go Liquid Breakfast Banana 3 Pack,TRUE,7144530,32295
6041,Sanitarium Up&go Liquid Breakfast Banana 6 Pack,TRUE,8047915,369908
6042,Sanitarium Up&go Liquid Breakfast Choc Ice 12 Pack,TRUE,8951356,717255
6043,Sanitarium Up&go Liquid Breakfast Choc Ice 3 Pack,TRUE,7144632,32306
6044,Sanitarium Up&go Liquid Breakfast Choc Ice 6 Pack,TRUE,9490791,167863
6045,Sanitarium Up&go Liquid Breakfast No Added Sugar Choc Ice 250ml X12 Pack,TRUE,3723514,77901
6046,Sanitarium Up&go Liquid Breakfast No Added Sugar Choc Ice 250ml X6 Pack,TRUE,3723478,78775
6047,Sanitarium Up&go Liquid Breakfast No Added Sugar Choc Ice 3x250ml,TRUE,3723456,78826
6048,Sanitarium Up&go Liquid Breakfast Strawberry 12 Pack,TRUE,1491360,765973
6049,Sanitarium Up&go Liquid Breakfast Strawberry 3 Pack,TRUE,8037809,23088
6050,Sanitarium Up&go Liquid Breakfast Strawberry 6 Pack,TRUE,9490656,189655
6051,Sanitarium Up&go Liquid Breakfast Vanilla Ice 12 Pack,TRUE,1170130,733705
6052,Sanitarium Up&go Liquid Breakfast Vanilla Ice 3 Pack,TRUE,9526425,189701
6053,Sanitarium Up&go Liquid Breakfast Vanilla Ice 6 Pack,TRUE,9724815,201407
6054,Sanitarium Up&go Protein Energize Choc 250ml X12 Pack,TRUE,1623472,768911
6055,Sanitarium Up&go Protein Energize Choc 250ml X3 Pack,TRUE,7813233,353338
6056,Sanitarium Up&go Protein Energize Choc 250ml X6 Pack,TRUE,8951924,717254
6057,Sanitarium Up&go Protein Energize Coffee 250ml X6 Pack,TRUE,1171869,750104
6058,Sanitarium Up&go Protein Energize Vanilla 250ml X12 Pack,TRUE,4233317,149568
6059,Sanitarium Up&go Protein Energize Vanilla 250ml X6 Pack,TRUE,1171870,750079
6060,Sanitarium Vegie Delight Gf Nutolene 415g,TRUE,6059356,37207
6061,Sanitarium Weet-bix Hi Bran Breakfast Cereal,TRUE,9639319,201415
6062,Sanofi Glycerine 200ml,TRUE,9436333,179964
6063,Sanofi Hydrogen Peroxide Powerful Bleach Liquid 200ml,TRUE,144372,29411
6064,Sanofi Shave Cream Moisturising Shaving Cream 75g,TRUE,173086,30583
6065,Sanpellegrino Natural Mineral Water 750ml,TRUE,3342044,162547
6066,Sanpellegrino Sparkling Mineral Water 1l,TRUE,3498509,357252
6067,Sanpellegrino Sparkling Natural Mineral Water Slim Cans 330ml X8 Pack,TRUE,4662186,80504
6068,Sara Lee Blueberry Danish 400g,TRUE,3991105,724739
6069,Sara Lee Butter Chocolate Cake 350g,TRUE,268900,96530
6070,Sara Lee Chocolate Swirl Bavarian 375g,TRUE,6125869,263648
6071,Sara Lee Cookie Pies Double Choc Chip 4 Pack,TRUE,5588409,270666
6072,Sara Lee Creamy Mango & Passionfruit Ice Cream,TRUE,4480145,247742
6073,Sara Lee Custard Danish 400g,TRUE,5672243,724747
6074,Sara Lee Deep Dish Pie With Apple Crumble Top 800g,TRUE,6041871,46280
6075,Sara Lee Deluxe Chocolate & Salted Caramel Semifreddo 1.3l,TRUE,5588850,240246
6076,Sara Lee Deluxe Snack Cookie Pies Chocolate & Salted Caramel 4 Pack,TRUE,5588475,270895
6077,Sara Lee French Cream Cheesecake 360g,TRUE,9131290,263636
6078,Sara Lee Ice Cream Classic Ultra Chocolate,TRUE,5050163,12347
6079,Sara Lee Ice Cream French Vanilla,TRUE,5050130,12311
6080,Sara Lee Sticky Date Pudding 475g,TRUE,6863815,20032
6081,Sara Lee Strawberries & Cream Ice Cream,TRUE,1895406,781541
6082,Sara Lee Strawberry Cheesecake 410g,TRUE,6125891,263645
6083,Sard Colour Catcher Prevent Colour Runs In The Wash 15 Pack,TRUE,9547130,670546
6084,Sard Laundry Liquid Sanitiser Antibacterial Disinfectant 1.5l,TRUE,4261582,122340
6085,Sard Oils & Grime Stain Remover Spray 420ml,TRUE,4471202,174045
6086,Sard Power Stain Remover Powder Soaker 1kg,TRUE,4826068,232383
6087,Sard Power Stain Remover Spray 450ml,TRUE,4471199,174142
6088,Sard Stain Remover Stick Each,TRUE,5219366,8476
6089,Sard Super Power Stain Remover Powder Soaker 1.8kg,TRUE,2828018,540343
6090,Sard Super Power Stain Remover Powder Soaker 900g,TRUE,3887760,657182
6091,Sard Super Power Stain Remover Refill 420ml,TRUE,4471213,173847
6092,Sard Super Power Stain Remover Spray 420ml,TRUE,4471188,173870
6093,Sard Washing Machine Cleaner Antibacterial Disinfectant 2 Pack,TRUE,4261571,132654
6094,Sard Whiter & Brighter Stain Remover Powder Soaker 1kg,TRUE,1276823,766501
6095,Sard Wonder Soap Stain Remover Eucalyptus 125g,TRUE,5134183,38550
6096,Saunders Malt Extract 1kg,TRUE,173530,35176
6097,Savlon Soothing & Healing Antiseptic Cream 75g,TRUE,197277,30996
6098,Savour Canned Spicy Beans Broad 100g,TRUE,6070712,308171
6099,Savour Snacks Peas Wasabi Flavoured 100g,TRUE,6070701,308172
6100,Saxa Black Peppercorn Pepper Grinder 45g,TRUE,9115453,158306
6101,Saxa Black Whole Peppercorns Pepper 190g,TRUE,3321361,118118
6102,Saxa Four Seasons Pepper Grinder 35g,TRUE,9115475,142080
6103,Saxa Ground Black Pepper 50g,TRUE,333207,98800
6104,Saxa Iodised Cooking Salt 1kg,TRUE,6083168,306494
6105,Saxa Iodised Sea Salt Grinder 90g,TRUE,4634056,226270
6106,Saxa Iodised Table Salt Shaker 750g,TRUE,120523,33245
6107,Saxa Natural Sea Salt Grinder 90g,TRUE,9115216,142081
6108,Saxa Picnic Pack Iodised Table Salt 125g,TRUE,6542822,63667
6109,Saxa Refill Value Pack Natural Pink Himalayan Rock Salt 500g,TRUE,2863959,445775
6110,Saxa Refill Value Pack Natural Rock Salt 500g,TRUE,408576,306497
6111,Saxa Refill Value Pack Natural Sea Salt Flakes,TRUE,7890370,355469
6112,Saxa Table Salt Drum 750g,TRUE,120512,33246
6113,Schick Hydro 5 Base Kit Each,TRUE,5300566,219290
6114,Schick Hydro 5 Blades With Gel 8 Pack,TRUE,5300588,819968
6115,Schick Hydro 5 Razor Refill 4 Pack,TRUE,2629612,436052
6116,Schick Hydro 5 Sense Comfort Kit Each,TRUE,3140855,673024
6117,Schick Hydro 5 Sense Comfort Refill 4 Pack,TRUE,3140866,673061
6118,Schick Hydro 5 Sensitive Blades 8 Pack,TRUE,5300602,58584
6119,Schick Hydro Shave Gel Sensitive 198g,TRUE,4346142,173619
6120,Schick Hydro Silk Dermaplaning Wand Kit Each,TRUE,5934339,232506
6121,Schick Hydro Silk Razor Blades 4 Pack,TRUE,9851700,728339
6122,Schick Hydro Silk Razor Kit Each,TRUE,9849763,728371
6123,Schick Hydro Silk Touch Up Disposable Razors 3 Pack,TRUE,4473570,139037
6124,Schick Hydro Silk Trimstyle Razor With 5 Cartridges Each,TRUE,3365764,175543
6125,Schick Intuition Lemon Berry Cartridge Refill Each,TRUE,5854863,318704
6126,Schick Intuition Lemon Berry Razor & 2 Cartridge Set Each,TRUE,5854852,318600
6127,Schick Intuition Razor Pure Nourish Cartridges 3 Pack,TRUE,9603297,793575
6128,Schick Mens Razor Disposable Xtreme 3 Sensitive 4 Pack,TRUE,9387680,704086
6129,Schick Mens Razor Exacta 2 Disposable Sensitive 18 Pack,TRUE,5149602,257569
6130,Schick Mens Razor Quattro Titanium Kit Each,TRUE,5854987,356796
6131,Schick Razor Blades Quattro For Women Cartridges 4 Pack,TRUE,4703705,232337
6132,Schick Razor Intuition Pure Nourish Kit Each,TRUE,7679152,765572
6133,Schick Razor Quattro For Women + 2 Blades Each,TRUE,4703716,232336
6134,Schick Silk 3 Womens Sensitive Disposable Razors 4 Pack,TRUE,9387690,462523
6135,Schick Xtreme 3 Sensitive Disposable Razors 14 Pack,TRUE,5856461,219680
6136,Schmidt's Certified Natural Deodorant Bergamot & Lime Stick 75g,TRUE,4477479,79959
6137,Scholl Corn Removal Pads 9 Pack,TRUE,5158160,37070
6138,Scholl Eulactol Gold Foot Care Heel Balm 60ml,TRUE,5787380,258878
6139,Scholl Eulactol Heel Balm Gold 200ml,TRUE,3438755,683936
6140,Scholl Gel Finger & Toe Foot Care Protector Each,TRUE,1216140,173123
6141,Scholl Gelactiv Insoles Men's Everyday,TRUE,3810460,842226
6142,Scholl Gelactiv Insoles Men's Sport,TRUE,4309929,842227
6143,Scholl Gelactiv Insoles Men's Work,TRUE,3810426,842218
6144,Scholl Gelactiv Insoles Women's Everyday,TRUE,3810674,842221
6145,Scholl Gelactiv Insoles Women's Work,TRUE,3810448,842228
6146,Scholl Gelactive Insoles Women's Everyday Heels 1 Pair,TRUE,3810732,508162
6147,Scholl Gelactive Insoles Women's Flat Shoes 1 Pair,TRUE,3810685,508154
6148,Scholl Party Feet Foot Care Gel Cushions Each,TRUE,9723700,204479
6149,Scholl Party Feet Foot Care Invisible Heel Shields Each,TRUE,6531735,720812
6150,Scholl Party Feet Invisible Gel Heel Cushions Each,TRUE,3810754,742734
6151,Scholl Shock Reducer Shoe Base Insoles Each,TRUE,8925152,80858
6152,Schwarzkopf Brilliance 03 Dark Amethyst Permanent Colour Each,TRUE,4256390,151644
6153,Schwarzkopf Brilliance 05 Dark Ruby Permanent Colour Each,TRUE,4256389,151651
6154,Schwarzkopf Brilliance 43 Red Passion Permanent Colour Each,TRUE,4256276,151647
6155,Schwarzkopf Brilliance 46 Coffee Brown Permanent Colour Each,TRUE,4256345,151655
6156,Schwarzkopf Brilliance 50 Venetian Sunset Permanent Colour Each,TRUE,4256800,151656
6157,Schwarzkopf Brilliance 59 Violet Wild Silk Permanent Colour Each,TRUE,4256378,151652
6158,Schwarzkopf Brilliance 68 Chocolate Rush Permanent Colour Each,TRUE,4256298,151654
6159,Schwarzkopf Brilliance 73 Frosty Brown Permanent Colour Each,TRUE,5259531,224781
6160,Schwarzkopf Brilliance 81 Truffle Brown Permanent Colour Each,TRUE,5259564,224395
6161,Schwarzkopf Brilliance 85 Violet Vision Permanent Colour Each,TRUE,4256287,160942
6162,Schwarzkopf Brilliance 88 Dark Brown Allure Permanent Colour Each,TRUE,4256786,151653
6163,Schwarzkopf Brilliance 90 Black Permanent Colour Each,TRUE,4256323,151649
6164,Schwarzkopf Brilliance 91 Blue Black Permanent Colour Each,TRUE,4256312,151646
6165,Schwarzkopf Brilliance L43 Smouldering Red Permanent Colour Each,TRUE,4256334,151645
6166,Schwarzkopf Brilliance Permanent Hair Colour L68 Cinnamon Brown Each,TRUE,6928364,316598
6167,Schwarzkopf Brilliance Permanent Hair Colour L75 Brown Sugar Each,TRUE,6928375,313779
6168,Schwarzkopf Colour Specialist 1.0 Opulent Black Permanent Colour Each,TRUE,3267459,683756
6169,Schwarzkopf Colour Specialist 3.0 Imperial Brown Permanent Each,TRUE,3279378,601358
6170,Schwarzkopf Colour Specialist 4.0 Medium Natural Brown Permanent Each,TRUE,3847540,82619
6171,Schwarzkopf Colour Specialist 5.1 Cool Light Brown Permanent Each,TRUE,3279367,601359
6172,Schwarzkopf Colour Specialist 5.65 Chocolate Brown Permanent Each,TRUE,3267481,601566
6173,Schwarzkopf Colour Specialist 8.1 Cool Light Blonde Permanent Each,TRUE,3267539,601565
6174,Schwarzkopf Colour Specialist Hair Colour 8-16 Natural Ash Blonde Each,TRUE,6928411,339812
6175,Schwarzkopf Colour Specialist Hair Colour 9-14 Light Beige Blonde Each,TRUE,6928433,339912
6176,Schwarzkopf Extra Care 6 Miracles Oil Essence 100ml,TRUE,3978683,151511
6177,Schwarzkopf Extra Care Colour Perfector Express Repair Conditioner 200ml,TRUE,7673928,151639
6178,Schwarzkopf Extra Care Colour Perfector Protecting Conditioner 950ml,TRUE,4453845,152241
6179,Schwarzkopf Extra Care Colour Perfector Protecting Shampoo 400ml,TRUE,4453889,153239
6180,Schwarzkopf Extra Care Curl Flex Styling Crème 200ml,TRUE,5245311,230589
6181,Schwarzkopf Extra Care Daily Oil Elixir 100ml,TRUE,3978672,151510
6182,Schwarzkopf Extra Care Keratin Sea Salt Spray 250ml,TRUE,5245297,211706
6183,Schwarzkopf Extra Care Keratin Strength Styling Hairspray 250g,TRUE,8142870,378904
6184,Schwarzkopf Extra Care Keratin Strength Styling Mousse 150g,TRUE,8142938,378916
6185,Schwarzkopf Extra Care Liquid Silk Smoothing Conditioner 400ml,TRUE,4454269,185127
6186,Schwarzkopf Extra Care Liquid Silk Smoothing Shampoo 400ml,TRUE,4454065,186192
6187,Schwarzkopf Extra Care Marrakesh Oil & Coconut Conditioner 950ml,TRUE,4453834,152976
6188,Schwarzkopf Extra Care Marrakesh Oil & Coconut Replenishing Oil Serum 100ml,TRUE,6320478,151633
6189,Schwarzkopf Extra Care Marrakesh Oil & Coconut Replenishing Shampoo 400ml,TRUE,4453878,153354
6190,Schwarzkopf Extra Care Marrakesh Oil & Coconut Replenishing Shampoo 950ml,TRUE,4453801,152548
6191,Schwarzkopf Extra Care Moisturing Silicone Free Oil,TRUE,6320456,265160
6192,Schwarzkopf Extra Care Normal Balance Nourishing Repair Conditioner 250ml,TRUE,3978810,151508
6193,Schwarzkopf Extra Care Normal Balance Nourishing Treatment 150ml,TRUE,3978796,151507
6194,Schwarzkopf Extra Care Push Up Volume Lifting Shampoo 400ml,TRUE,4454043,164987
6195,Schwarzkopf Extra Care Push Up Volume Styling Powder 10g,TRUE,8649587,716810
6196,Schwarzkopf Extra Care Strong Styling Hair Spray 200ml,TRUE,350068,36197
6197,Schwarzkopf Extra Care Strong Styling Hairspray 100g,TRUE,5228731,21892
6198,Schwarzkopf Extra Care Strong Styling Hairspray 250g,TRUE,289794,8617
6199,Schwarzkopf Extra Care Strong Styling Hairspray 400g,TRUE,366160,35458
6200,Schwarzkopf Extra Care Strong Styling Mousse 150g,TRUE,7125139,31193
6201,Schwarzkopf Extra Care Super Styling Lacquer Hairspray 250g,TRUE,5228742,22753
6202,Schwarzkopf Extra Care Super Styling Lacquer Hairspray 400g,TRUE,5086896,14138
6203,Schwarzkopf Extra Care Ultimate Repair Strengthening Conditioner 400ml,TRUE,4454189,152969
6204,Schwarzkopf Extra Care Ultimate Repair Strengthening Shampoo 400ml,TRUE,4454032,153058
6205,Schwarzkopf Extra Care Ultimate Repair Strengthening Shampoo 950ml,TRUE,4453823,151899
6206,Schwarzkopf Extra Care Ultimate Repair Strengthening Treatment Mask 300ml,TRUE,3978821,151637
6207,Schwarzkopf Live Colour 1.0 Black Permanent Each,TRUE,5265181,225949
6208,Schwarzkopf Live Colour 4.45 Rich Chocolate Permanent Each,TRUE,5265738,227377
6209,Schwarzkopf Live Colour Chocolate Semi Permanent Each,TRUE,3847594,118147
6210,Schwarzkopf Live Colour Natural Brown Semi Permanent Each,TRUE,3847583,118146
6211,Schwarzkopf Live Colour Permanent Blue Mercury Each,TRUE,7012290,265735
6212,Schwarzkopf Live Colour Permanent Hair Colour Purple Punk Each,TRUE,5265079,227588
6213,Schwarzkopf Live Colour Silver Storm Permanent Each,TRUE,5265160,227819
6214,Schwarzkopf Live Colour Silver Toner Semi Permanent Each,TRUE,3847620,118144
6215,Schwarzkopf Live Colour Ultra Brights Magnetic Purple Semi Permanent Each,TRUE,5264779,197809
6216,Schwarzkopf Live Colour Ultra Brights Shocking Pink Semi Permanent Each,TRUE,5264780,197810
6217,Schwarzkopf Nordic Blonde Anti-yellow Mask Purple Hair Treatment 150ml,TRUE,6928626,333799
6218,Schwarzkopf Nordic Blonde G1 Lightening Spray 125ml,TRUE,7005670,160265
6219,Schwarzkopf Nordic Blonde Hair Colour L101 Silver Blonde Each,TRUE,4256254,151643
6220,Schwarzkopf Nordic Blonde L1+ Extreme Lightener Each,TRUE,4256243,151642
6221,Schwarzkopf Nordic Blonde L1++ Ultimate Lightener Each,TRUE,4256265,151641
6222,Schwarzkopf Nordic Blonde M1 Streaking Kit Each,TRUE,3308192,697273
6223,Schwarzkopf Nordic Blonde Toner Anti-yellow 200ml,TRUE,3617018,859294
6224,Schwarzkopf Root Retoucher Black 70g,TRUE,3617040,683751
6225,Schwarzkopf Root Retoucher Brown 70g,TRUE,3617073,683764
6226,Schwarzkopf Root Retoucher Dark Blonde 70g,TRUE,3617095,683765
6227,Schwarzkopf Root Retoucher Dark Brown 70g,TRUE,3617051,683766
6228,Schwarzkopf Taft Hair Gel Maximum Hold 250g,TRUE,59499,38117
6229,Schweppes Agrum Blood Orange Soft Drink Bottle 1.1l,TRUE,3014850,662713
6230,Schweppes Bitter Lemon Soft Drink Classic Mixers Multipack 300ml X 4 Pack,TRUE,7351885,253771
6231,Schweppes Blood Orange Mango Infused Mineral Water Cans Multipack 375ml X 10 Pack,TRUE,4677172,189114
6232,Schweppes Dry Ginger Ale Soft Drink Bottle Mixers Multipack 300ml X 4 Pack,TRUE,7364650,253811
6233,Schweppes Dry Ginger Ale Soft Drink Classic Mixers Bottle 1.1l,TRUE,3014817,634266
6234,Schweppes Indian Tonic Water Classic Mixers Bottle 1.1l,TRUE,3014806,634277
6235,Schweppes Indian Tonic Water Classic Mixers Glass Bottle Multipack 300ml X 4 Pack,TRUE,7351976,253808
6236,Schweppes Lemon Lime Bitters Soft Drink Classic Mixers Bottle 1.1l,TRUE,3014839,634290
6237,Schweppes Lemon Lime Bitters Soft Drink Mixers Glass Bottle Multipack 300ml X 4 Pack,TRUE,7351932,253766
6238,Schweppes Lemon Lime Natural Mineral Water Bottle 1.1l,TRUE,3014952,634293
6239,Schweppes Lemonade Soft Drink Bottle 1.1l,TRUE,3270191,703393
6240,Schweppes Lemonade Soft Drink Bottle Glass Multipack 300ml X 4 Pack,TRUE,7351954,253828
6241,Schweppes Lemonade Soft Drink Cans Multipack 375ml X 10 Pack,TRUE,2684155,442185
6242,Schweppes Lemonade Soft Drink Cans Multipack 375ml X 30 Pack,TRUE,7837388,773144
6243,Schweppes Lime Soda Water With Lime Juice Bottle 1.1l,TRUE,3014840,634281
6244,Schweppes Natural Mineral Water Bottle Glass Multipack 300ml X 4 Pack,TRUE,7351987,253762
6245,Schweppes Natural Mineral Water Bottle Natural 1.1l,TRUE,3014974,634292
6246,Schweppes Orange Mango Natural Mineral Water Bottle 1.1l,TRUE,3014930,634284
6247,Schweppes Raspberry Infused Natural Mineral Water Bottle 1.1l,TRUE,3014883,634298
6248,Schweppes Soda Water Bottle Classic Mixers 1.1l,TRUE,3014770,635960
6249,Schweppes Soda Water Bottle Classic Mixers Glass Multipack 300ml X 4 Pack,TRUE,7351965,253770
6250,Schweppes Traditional Brown Creaming Soda Soft Drink Bottle 1.1l,TRUE,3270180,707972
6251,Schweppes Traditional Raspberry Soft Drink Bottle 1.1l,TRUE,3270216,703402
6252,Schweppes Traditional Raspberry Soft Drink Cans Multipack 375ml X 10 Pack,TRUE,2684199,442187
6253,Schweppes Traditional Zero Sugar Raspberry Soft Drink Bottle,TRUE,3270249,61963
6254,Schweppes Zero Sugar Agrum Citrus Blend Soft Drink Bottle 1.1l,TRUE,3014781,634291
6255,Schweppes Zero Sugar Classic Mixers Dry Ginger Ale Soft Drink Bottle 1.1l,TRUE,3014792,634268
6256,Schweppes Zero Sugar Classic Mixers Indian Tonic Water Bottle 1.1l,TRUE,3014828,634274
6257,Schweppes Zero Sugar Dry Ginger Ale Soft Drink Mixers Multipack 300ml X 4 Pack,TRUE,7364672,253773
6258,Schweppes Zero Sugar Lemon Lime Bitters Soda Syrup Sugar Free Cordial 300ml,TRUE,6411595,229460
6259,Schweppes Zero Sugar Lemonade Soda Syrup Sugar Free Cordial 300ml,TRUE,4807325,160144
6260,Schweppes Zero Sugar Lime Infused Mineral Water Bottle 1.1l,TRUE,3014872,634299
6261,Schweppes Zero Sugar Lime Infused Mineral Water Cans Multipack 375ml X 10 Pack,TRUE,6274530,282467
6262,Schweppes Zero Sugar Mixers Indian Tonic Water Bottles Multipack 300ml X 4 Pack,TRUE,7364661,253760
6263,Schweppes Zero Sugar Mixers Lemon Lime & Bitters Soft Drink 1.1l,TRUE,3752738,89801
6264,Schweppes Zero Sugar Passionfruit Pineapple Infused Water Cans 375ml X 10 Pack,TRUE,6274552,280288
6265,Schweppes Zero Sugar Pink Lemonade Soft Drink Bottles Glass Multipack 300ml X 4 Pack,TRUE,5552423,230839
6266,Scotch 19mm Magic Tape 16.5m With Dispenser Each,TRUE,3811906,383869
6267,Scotch Giftwrap Tape With Dispenser 19mm X 16.5m Each,TRUE,5249436,329531
6268,Scotchblue Basic Multisurface Painters Tape,TRUE,4230895,106344
6269,Scotchgard Fabric & Upholstery Protector 350g,TRUE,5226408,98514
6270,Scotts Osmocote Pour + Feed House Plants Liquid Fertiliser 750ml,TRUE,6928648,309872
6271,Sealord Australian Hoki Fish Bites Classic Crumb 400g,TRUE,4506806,178418
6272,Sealord Australian Hoki Fish Bites Gluten Free Crumb 350g,TRUE,4506828,209675
6273,Sealord Australian Hoki Japanese Style Tempura Batter,TRUE,4506690,178454
6274,Sealord Australian Hoki Parmesan & Rosemary Ciabatta Crumb 300g,TRUE,4506792,178457
6275,Sealord Australian Hoki Thai Lime & Coconut Crumb Fish Fillets 300g,TRUE,4506715,178453
6276,Sealord Australian Hoki Three Seed Crumb Wild Caught Fillets 300g,TRUE,4506781,178455
6277,Sealord Australian Hoki Wholemeal Crumb Wild Caught Fillets 300g,TRUE,4506759,178458
6278,Sealord Dory Fillets Tempura Batter 4 Pack,TRUE,8991951,791490
6279,Sealord Fish Of The Day Whiting Classic Crumb Fillets 4 Pack,TRUE,7173754,143659
6280,Sealord Fish Of The Day Whiting Tempura Batter Fillets 4 Pack,TRUE,8992150,143661
6281,Sealord Gluten Free Hoki Fish Fillet Crumb 300g,TRUE,3558440,413030
6282,Sealord Southern Blue Whiting Classic Crumb Bites 400g,TRUE,7173776,674710
6283,Seasol Seaweed Concentrate Garden Health Treatment 600ml,TRUE,3733530,175583
6284,Seasol Seaweed Health Treatment For Pots & Plants Ready To Use 750ml,TRUE,3227454,692896
6285,Selleys Adhesive Araldite 5 Minute Dispenser 24ml,TRUE,3796620,76793
6286,Selleys Adhesive Fix & Go Supa Glue 3ml,TRUE,5393840,77476
6287,Selleys Adhesive Shoe Glue 50ml,TRUE,3796584,318560
6288,Selleys Bathroom Cleaner Rapid Mould Killer Trigger 500ml,TRUE,2107865,158988
6289,Selleys Bbq Accessory Tough Clean 400g,TRUE,4568133,225844
6290,Selleys Bbq Accessory Tough Wipes 12 Pack,TRUE,5097134,254843
6291,Selleys Bbq Accessory Tough Wipes 25 Pack,TRUE,1058196,730039
6292,Selleys Diy Rapid Spakfilla 400ml,TRUE,5790534,76009
6293,Selleys Fix & Go Multigrip 50ml,TRUE,3796609,685093
6294,Selleys Grease & Grime Bbq Accessory Cleaner 500ml,TRUE,5579703,730130
6295,Selleys Oven Cleaner Wipes 12 Pack,TRUE,2107843,763597
6296,Selleys Power Grip 4ml,TRUE,4753350,7436
6297,Selleys Power Grip 8ml,TRUE,3796278,7438
6298,Selley's Quick Fix Adhesive Supa Glue Control Bottle 3g,TRUE,3796744,298791
6299,Selleys Sealant Wet Area Silicone,TRUE,1190535,75577
6300,Selleys Sugar Soap Liquid 750ml,TRUE,460102,11182
6301,Selleys Super Glue Fix N Go 3 Pack,TRUE,3796267,749123
6302,Sellotape Invisible Tape Dispesner 18mm X 25m & Refill Each,TRUE,5283365,86665
6303,Sellotape Masking Tape 24mm X 18m Each,TRUE,3188534,16111
6304,Sellotape Packaging Tape Brown 36mmx20m Each,TRUE,1818482,16113
6305,Sellotape Sticky Tape Abs Dispenser 18mmx25m Each,TRUE,1842556,36653
6306,Sellotape Sticky Tape Refill 18mmx25m 2 Pack,TRUE,1842636,188385
6307,Sellotape Tape Double Sided 12mmx10m Each,TRUE,3188567,248691
6308,Sellotape Tape Gift Dispenser Each,TRUE,4481501,787377
6309,Selsun Blue Anti Dandruff Shampoo Replenishing 200ml,TRUE,256591,27084
6310,Selsun Gold Anti Dandruff Shampoo Treatment 200ml,TRUE,9695590,205490
6311,Seng Hork Beef Dumplings 500g,TRUE,6510123,602036
6312,Seng Hork Prawn & Pork Dumplings 500g,TRUE,6510145,602034
6313,Senokot Laxatives Senna Tablets 100 Pack,TRUE,8515321,118589
6314,Sensodyne Cool Mint Gentle Mouthwash For Sensitive Mouths 500ml,TRUE,2222375,826033
6315,Sensodyne Daily Care And Whitening Toothpaste For Sensitive Teeth,TRUE,6084150,283171
6316,Sensodyne Daily Care Toothpaste For Sensitive Teeth,TRUE,9022421,148388
6317,Sensodyne Deep Clean Toothpaste 100g,TRUE,7525669,622029
6318,Sensodyne Repair & Protect Toothbrush For Sensitive Teeth 2 Pack,TRUE,3448690,680513
6319,Sensodyne Repair & Protect Toothpaste For Sensitive Teeth 100g,TRUE,8605537,703771
6320,Sensodyne Repair & Protect Whitening Toothpaste For Sensitive Teeth 100g,TRUE,9156257,731654
6321,Sensodyne Soft Daily Care Toothbrush 3 Pack,TRUE,8086371,680514
6322,Sensous Edge Delay Gel For Men 7ml,TRUE,4970643,276899
6323,Sensuous Pleasure Gel Frenzy Extreme For Women 7ml,TRUE,6138554,282524
6324,Sensuous Raging Bull For Men 100ml,TRUE,4970676,276842
6325,Senza Gluten Free Pizza Base 220g,TRUE,3467902,88352
6326,Serious Fruit Chocolate Banana Bites,TRUE,4928090,272418
6327,Shan Arabic Seasoning Mix Beryani Rice 60g,TRUE,2154752,193529
6328,"Sharpie Metal Permanent Marker Pens Bullet Tip, Black 2 Pack",TRUE,1842374,936521
6329,"Sharpie Permanent Marker Pens Extreme Fine Tip, Black 2 Pack",TRUE,3251142,931401
6330,"Sharpie Permanent Marker Pens Fine/ultra Fine, Asstd Colours",TRUE,3937992,107536
6331,"Sharpie Permanent Marker Pens Ultra Fine, Black 2 Pack",TRUE,1823289,931408
6332,Sharpie Rub A Dub Laundry Marker Black Each,TRUE,1842320,331219
6333,Sharpie S Gel Medium Pen Black Ink 4 Pack,TRUE,5152436,182152
6334,Sharpie S-gel 0.7mm Gel Pens Assorted Colours 4 Pack,TRUE,3937857,95415
6335,Sharpie S-gel 0.7mm Gel Pens Black 2 Pack,TRUE,3785555,95445
6336,Sharpie Snote Creative Markers Chisel Tip Assorted,TRUE,5247463,180255
6337,Sharwood's Ingredients Chutney Mango 354g,TRUE,204714,41968
6338,Sheer Relief Pantyhose Control Support Black Tall Each,TRUE,4163619,35372
6339,Sheer Relief Trouser Sock Black 1 Size Each,TRUE,8424328,100286
6340,Shockwaves Gel Extreme Hold 250ml,TRUE,7536891,316823
6341,Siggi's Yoghurt Black Cherry,TRUE,6625522,862520
6342,Siggi's Yoghurt Mixed Berry Mixed Berry,TRUE,6625555,862516
6343,Siggi's Yoghurt Pouch Raspberry 150g,TRUE,7671707,62864
6344,Siggi's Yoghurt Pouch Vanilla 150g,TRUE,7671693,62883
6345,Siggi's Yoghurt Raspberry Raspberry,TRUE,6625566,862495
6346,Siggi's Yoghurt Strawberry 150g,TRUE,7671580,85308
6347,Siggi's Yoghurt Vanilla,TRUE,6625599,85089
6348,Silvo Silver Polish 250ml,TRUE,8486165,114787
6349,Simple Biodegradable Facial Wipes 25 Pack,TRUE,6036805,275265
6350,Simple Cleanser Vital Vitamin Foaming 150ml,TRUE,1482440,779218
6351,Simple Daily Skin Detox Purifying Facial Wash 150ml,TRUE,3447406,57667
6352,Simple Instant Glow Cleansing Wipes 20 Pack,TRUE,3965070,137965
6353,Simple Kind To Skin Facial Wash Moisturising 150ml,TRUE,4920408,314984
6354,Simple Kind To Skin Light Moisturiser Hydrating 125ml,TRUE,4920882,207489
6355,Simple Kind To Skin Micellar Water Wipes Biodegradable 20 Pack,TRUE,9037280,137962
6356,Simply Wize Crusty Bread Mix Gluten Free 330g,TRUE,7482748,347332
6357,Simply Wize Gluten Free Gnocchi 500g,TRUE,7572986,352709
6358,Simply Wize Gnocchi Pumpkin 500g,TRUE,4306636,965117
6359,Simson's Pantry Authentic Roti Garlic 6 Pack,TRUE,5202090,157595
6360,Simson's Pantry High Protein Low Carb Wraps 5 Pack,TRUE,3758938,179435
6361,Simson's Pantry Low Carb High Protein + Fibre Large Wraps 6 Pack,TRUE,4315091,240473
6362,Simson's Pantry Mini Naans Garlic & Herb 225g,TRUE,5871658,253142
6363,Simson's Pantry Mini Naans Plain 5 Pack,TRUE,8051275,253502
6364,Simson's Pantry Mini Pizza Base Premium Garlic & Herb 6 Pack,TRUE,6576438,389096
6365,Simson's Pantry Mini Pizza Bases Plain 6 Pack,TRUE,6576427,243674
6366,Simson's Pantry Mixed Wholegrain Wraps Wraps 8 Pack,TRUE,5202104,390253
6367,Simson's Pantry Naan Garlic 2 Pack,TRUE,2361189,715963
6368,Simson's Pantry Naan Traditional 2 Pack,TRUE,6295814,715897
6369,Sirena Barley Salad With Tuna 170g,TRUE,5454934,333845
6370,Sirena Brown Rice & Quinoa With Tuna 170g,TRUE,2510201,801522
6371,Sirena Italian Style Salad With Tuna 170g,TRUE,3320176,802544
6372,Sirena La Vita Tuna In Oil 185g,TRUE,3114378,237206
6373,Sirena Pesto Pasta With Tuna 170g,TRUE,5454800,333854
6374,Sirena Sicilian Style Pasta With Tuna 170g,TRUE,3189413,801493
6375,Sirena Tuna In Chilli Oil 95g,TRUE,7408359,85488
6376,Sirena Tuna In Oil Chilli 185g,TRUE,6061041,54883
6377,Sirena Tuna In Oil Italian Style 185g,TRUE,244264,38610
6378,Sirena Tuna In Oil Italian Style 425g,TRUE,390572,91981
6379,Sirena Tuna In Oil Italian Style 95g,TRUE,125050,38609
6380,Sirena Tuna In Springwater 185g,TRUE,7392565,75363
6381,Sirena Tuna In Springwater 95g,TRUE,8890138,144821
6382,Sirena Tuna La Vita Lite Chilli 95g,TRUE,6787819,319493
6383,Sirena Tuna With Beans 185g,TRUE,5969322,302155
6384,Sistema Bento Box To Go Assorted Each,TRUE,2816846,592529
6385,Sistema Bottle Gripper To Go Assorted 800ml Each,TRUE,2380365,747133
6386,Sistema Bottle Quick Flip Assorted 800ml,TRUE,3223034,686151
6387,Sistema Brilliance Large Rectangle Each,TRUE,3190252,680683
6388,Sistema Brilliance Medium Rectangle Each,TRUE,3190241,680682
6389,Sistema Brilliance Small Rectangle Each,TRUE,3190230,680681
6390,Sistema Chic Double Wall Stainless Steel Bottle 600ml Assorted Each,TRUE,4232303,154379
6391,Sistema Coolers Maxi Fold Up Lunch Assorted Each,TRUE,8546530,310586
6392,Sistema Hydrate Active Shaker 750ml Each,TRUE,5156889,207399
6393,Sistema Klip It Plus Cereal Storer 4.2l,TRUE,3794556,107052
6394,Sistema Klip It Plus Lunch Container 1.15l,TRUE,3794319,107056
6395,Sistema Klip It Plus Lunch Container 1.15l 2 Pack,TRUE,3794363,107057
6396,Sistema Klip It Plus Rectangle 180ml 3 Pack,TRUE,3793892,107053
6397,Sistema Klip It Plus Rectangle 1l,TRUE,3794137,107168
6398,Sistema Klip It Plus Rectangle 1l 3 Pack,TRUE,3794181,107055
6399,Sistema Klip It Plus Rectangle 2.2l,TRUE,3794400,107058
6400,Sistema Klip It Plus Rectangle 3.35l,TRUE,3794465,107060
6401,Sistema Klip It Plus Rectangle 400ml,TRUE,3793906,107054
6402,Sistema Klip It Plus Rectangle 7.5l,TRUE,3794534,107063
6403,Sistema Klip It Plus Square 5.5l,TRUE,3794487,107061
6404,Sistema Klipo Cutlery Set To Go Each,TRUE,4232438,340278
6405,Sistema Lunch Cube Max To Go Assorted Each,TRUE,2372811,777289
6406,Sistema Lunch Stack To Go Rectangle 1.8l Each,TRUE,3668085,56234
6407,Sistema Mega Fold Up Cooler Bag Each,TRUE,4232450,56523
6408,Sistema Plasticware Breakfast To Go 530ml Each,TRUE,4232427,360161
6409,Sistema Plasticware Sandwich Box To Go Assorted Each,TRUE,8549775,711918
6410,Sistema Plasticware Snack To Go Each,TRUE,2380944,757630
6411,Sistema Sistema Klip It Plus Biscuit Box Square 2.2l,TRUE,3793790,106670
6412,Sistema Stainless Steel Bottle Double Walled Assorted 500ml,TRUE,3223410,689576
6413,Sistema Storage Container With Lid 14l Assorted Each,TRUE,7070059,32942
6414,Sistema To Go Bento Cube 1.25l Assorted Each,TRUE,4232493,162482
6415,Sistema To Go Portion Pod Assorted 2 Pack,TRUE,3223442,687066
6416,Sistema To Go Ribbon Lunch Box 1.1l Each,TRUE,5286192,219675
6417,Sistema Tritan Active Bottle 1l Assorted Each,TRUE,4232336,159343
6418,Sistema Twist & Sip Swift Bottle 480ml Assorted Each,TRUE,4237602,159087
6419,Sistema Ultra Clear Tritan Square Large 1.4l Each,TRUE,4163379,148276
6420,Sistema Ultra Clear Tritan Square Large 1.9l Each,TRUE,4163426,148275
6421,Sistema Ultra Clear Tritan Square Large 2.7l Each,TRUE,4163460,148277
6422,Sistema Ultra Clear Tritan Square Large 4l Each,TRUE,4163481,148278
6423,Sistema Ultra Tritan Canister Square 1.3l Each,TRUE,3633160,500873
6424,Sistema Ultra Tritan Canister Square 460ml Each,TRUE,3633105,500870
6425,Sistema Ultra Tritan Canister Square 700ml Each,TRUE,3633138,500871
6426,Sistema Ultra Tritan Canister Square 920ml Each,TRUE,3633149,500872
6427,Skin Control Dark Spot Fade Patch Micro Dart,TRUE,7025768,271177
6428,Skin Control Pimple Patch Am & Pm Mixed 36 Pack,TRUE,3731363,823177
6429,Skin Control Pore Patch For The Nose 6 Pack,TRUE,7026228,266660
6430,Skin Control Xl Pimple Patch 12 Pack,TRUE,7051430,102945
6431,Skin Republic Collagen Hydro Under Eye Patch Each,TRUE,2590798,409977
6432,Skin Republic Facial Mask Charcoal Peel Off Each,TRUE,3148405,675414
6433,Skin Republic Foot Peel Each,TRUE,2995643,684628
6434,Skin Republic Hyaluronic Acid & Collagen Face Mask Each,TRUE,2858198,688926
6435,Skin Republic Pedi Peel Max Intensive Exfoliating Treatment 40ml,TRUE,4975614,207268
6436,Skin Republic Purify & Charcoal Face Mask,TRUE,5482554,595453
6437,Skinny Cow Vanilla Chocolate Ice Cream Sundae Cups,TRUE,5488823,246896
6438,Skittles Fruits Chewy Lollies Party Share Bag 200g,TRUE,9628571,347863
6439,Skittles Fruits Chewy Lollies Party Share Bag 380g,TRUE,3826040,108112
6440,Skittles Sours Chewy Lollies Party Share Bag 190g,TRUE,7582094,348781
6441,Skyn Arouse For Her Libido Supplement Tablets 60 Pack,TRUE,6138703,277595
6442,Skyn Arouse For Him Libido Supplement Tablets 60 Pack,TRUE,6138656,276921
6443,Skyn Assorted Condoms 20 Pack,TRUE,4150887,136481
6444,Skyn Condoms Close Feel 10 Pack,TRUE,3734281,82051
6445,Skyn Condoms Skyn 20 Pack,TRUE,8683483,720595
6446,Skyn Condoms Skyn Extra Lubricated 10 Pack,TRUE,9128150,720596
6447,Skyn Condoms Skyn Large 10 Pack,TRUE,9932732,755767
6448,Skyn Intense Feel Dotted Non- Latex Condoms 10 Pack,TRUE,6174321,779561
6449,Skyn Maxium Performance Lubricant 80ml,TRUE,3734328,935903
6450,Skyn Original Condoms 40 Pack,TRUE,3880090,139956
6451,Skyn Original Natural Feeling Non-latex Condoms 10 Pack,TRUE,7813630,353204
6452,Skyn Sensual Touch Massage Gel 200ml,TRUE,4150843,137528
6453,Slendier Edamame Bean Fettuccine 200g,TRUE,3609869,147932
6454,Slendier Noodles Style 400g,TRUE,9900850,830130
6455,Slendier Pasta Spaghetti Style 400g,TRUE,9900816,830129
6456,Slendier Slim Rice Style Style 400g,TRUE,1463194,830133
6457,Smash Blue Icon Stainless Steel Sipper Bottle 1.1l Assorted Each,TRUE,6824450,309656
6458,Smash Blue Stainless Steel Bento Box Assorted,TRUE,4232074,103659
6459,Smash Blue Stainless Steel Meal Box Assorted Each,TRUE,3783200,103660
6460,Smash Blue Stainless Steel Snack Pots 200ml Assorted 2 Pack,TRUE,3783298,103661
6461,Smash Ice Gel Wrap Large Each,TRUE,3187848,626735
6462,Smash Large Freeze Bricks Each,TRUE,3187848,494000
6463,Smith's Crinkle Cut Cheese & Onion Potato Chips Multipack 114g,TRUE,5882213,267751
6464,Smith's Crinkle Cut Chilli 170g,TRUE,4382714,169770
6465,Smith's Crinkle Cut Chips Party Size Original 380g,TRUE,3572157,54665
6466,Smith's Crinkle Cut Chips Salt & Vinegar 60g,TRUE,2873169,586815
6467,Smith's Crinkle Cut Potato Chips Barbecue 170g,TRUE,2358264,826733
6468,Smith's Crinkle Cut Potato Chips Cheese & Onion 170g,TRUE,2358297,826735
6469,Smith's Crinkle Cut Potato Chips Chicken 170g,TRUE,2358300,826729
6470,Smith's Crinkle Cut Potato Chips Chicken 60g,TRUE,3947410,586821
6471,Smith's Crinkle Cut Potato Chips Multipack Original 6 Pack,TRUE,7117968,345300
6472,"Smith's Crinkle Cut Potato Chips Multipack Salt, Vinegar 6 Pack",TRUE,7117979,345301
6473,Smith's Crinkle Cut Potato Chips Original 170g,TRUE,2358275,826730
6474,Smith's Crinkle Cut Potato Chips Original 60g,TRUE,2873158,586813
6475,Smith's Crinkle Cut Potato Chips Salt & Vinegar 170g,TRUE,2358286,826738
6476,Smith's Double Crunch Original Potato Chips Share Pack 150g,TRUE,4843475,195005
6477,Smith's Fried Chicken Burger Flavoured Crinkle Cut Potato Chips,TRUE,5882246,263268
6478,Smith's Multipack Variety Original Salted Mix,TRUE,4382420,171283
6479,Smith's Potato Chips Fun Mix Multipack Variety 20 Pack,TRUE,3706049,79773
6480,Smith's Potato Chips Original Favourites Multipack Variety 20 Pack,TRUE,4826829,245856
6481,Smith's Potato Chips Snack Mix Multipack Variety 20 Pack,TRUE,3706060,79914
6482,Smith's Tasty Mix Variety Snack Multipack 368g,TRUE,6619698,258076
6483,Smith's Thinly Cut Lightly Salted Less Salt Potato Chips Multipack 114g,TRUE,5349893,234872
6484,Smith's Thinly Cut Potato Chips Share Pack Salt & Vinegar 175g,TRUE,5706254,339137
6485,Smith's Thinly Cut Potato Chips Sour Cream & Onion Share Pack 175g,TRUE,5706276,332426
6486,Smith's Thinly Cut Potato Chips Sweet Chilli & Sour Cream 175g,TRUE,2845957,528441
6487,Snazk Bites Salted Egg Golden Cubes,TRUE,4209119,117435
6488,Snazk Bites Salted Egg Spicy Golden Cube,TRUE,4209120,117512
6489,"Snickers Choc, Caramel & Peanut Frozen Dessert Bar 6 Pack",TRUE,9979394,248412
6490,Snickers Chocolate Bar Peanuts Caramel Nougat 44g,TRUE,245868,206890
6491,Snickers Milk Chocolate Bar Peanuts Caramel Nougat 2 Pieces 64g,TRUE,6016761,239842
6492,Snickers Milk Chocolate Party Share Bag 12 Pieces 180g,TRUE,5369879,206889
6493,Snickers Milk Chocolate Party Share Bag 20 Pieces 300g,TRUE,5369981,206888
6494,"Snickers White Choc, Caramel & Peanut Frozen Dessert Bar",TRUE,3256689,867684
6495,Snowdonia Black Bomber Cheddar 150g,TRUE,3842127,24329
6496,Snowdonia Red Storm Red Leicester 150g,TRUE,3842138,24358
6497,So Good Almond Vanilla Milk 1l,TRUE,1760101,781141
6498,So Good Chocolate Almond Milk 1l,TRUE,3019140,276856
6499,So Good Chocolate Oat Milk 1l,TRUE,6501315,274781
6500,So Good High Protein Almond 1l,TRUE,3782932,171712
6501,Sodastream Cylinder 60l,TRUE,3287503,785960
6502,Sodastream Dishwasher Safe Carbonating Bottles Twin Pack Each,TRUE,6476660,204401
6503,Softly Delicates Fabric Solution 1.25l,TRUE,255861,27941
6504,Softly Woolwash Laundry Wash Eucalyptus 1.25l,TRUE,352904,863920
6505,Sole Mare Anchovy Fillets In Olive Oil 70g,TRUE,3865064,120028
6506,Sole Mare Portuguese Style Sardines 120g,TRUE,3310977,67504
6507,Sole Mare Wood Smoked Mussels 120g,TRUE,3311018,234567
6508,Solo Thirst Crusher Original Lemon Soft Drink Bottle 1.25l,TRUE,147494,32673
6509,Solo Thirst Crusher Original Lemon Soft Drink Cans Multipack 375ml X 10 Pack,TRUE,2684144,442191
6510,Solo Thirst Crusher Original Lemon Soft Drink Cans Multipack 375ml X 30 Pack,TRUE,7837402,773142
6511,Solo Zero Sugar Original Lemon Soft Drink 1.25l,TRUE,1167362,676277
6512,Solo Zero Sugar Original Lemon Soft Drink Cans Multipack 375ml X 10 Pack,TRUE,3530827,676314
6513,Solo Zero Sugar Original Lemon Soft Drink Cans Multipack 375ml X 24 Pack,TRUE,4405387,155291
6514,Solo Zero Sugar Soda Syrup Sugar Free Cordial For Soda Water 300ml,TRUE,4807336,159878
6515,Solvol Heavy Duty Liquid Hand Cleaner 250ml,TRUE,3517341,824524
6516,Somerdale Truffelino Cheddar 150g,TRUE,3560770,63806
6517,Something To Crow About Keto Chilli Lime Almonds 140g,TRUE,6003555,229133
6518,Sorbent Double Length Toilet Tissue 8 Pack,TRUE,5555964,88679
6519,Sorbent Everyday White Facial Tissues,TRUE,6322757,275770
6520,Sorbent Facial Tissues 4ply Pocket Pack 6 Pack,TRUE,5834527,317491
6521,Sorbent Facial Tissues Thick & Large White 95 Pack,TRUE,8065804,29425
6522,Sorbent Flushable Wipes Clean & Fresh Refill,TRUE,5032605,251237
6523,Sorbent Flushable Wipes Hypo-allergenic 40 Pack,TRUE,3974730,752108
6524,Sorbent Thick & Large Hypoallergenic Facial Tissues 95 Pack,TRUE,5081112,720282
6525,Sorbent Ultra Air Toilet Tissue White 140 Sheets 16 Pack,TRUE,8059415,511906
6526,Sour Patch Kids Berry Lollies 190g,TRUE,5500791,234585
6527,Sour Patch Kids Watermelon Lollies Share Bag 190g,TRUE,5533484,233892
6528,South Cape Apricot & Almond Cream Cheese 200g,TRUE,6581201,312793
6529,South Cape Brie 200g,TRUE,8166936,40365
6530,South Cape Camembert Cheese 200g,TRUE,5269091,28123
6531,South Cape Cracked Pepper Cream Cheese 200g,TRUE,4539521,312801
6532,South Cape Cream Cheese Apricot & Almond With Sweet Papaya 80g,TRUE,4962361,178960
6533,South Cape Cream Cheese Sweet Chilli 80g,TRUE,5003618,178450
6534,South Cape Crumbled Fetta 200g,TRUE,5194378,221562
6535,South Cape Greek Style Fetta 200g,TRUE,6416861,306605
6536,South Cape Onion & Chives Cream Cheese 200g,TRUE,6581256,312799
6537,South Cape Reduced Fat Greek Style Fetta 200g,TRUE,6416883,306607
6538,Spam Ham Classic 340g,TRUE,118521,33964
6539,Spam Ham Hot & Spicy 340g,TRUE,9040263,153204
6540,Spam Ham Lite 340g,TRUE,4492268,10848
6541,Spam Ham Low Salt 340g,TRUE,399250,4516
6542,Spam Ham With Real Bacon 340g,TRUE,7318744,324925
6543,Spam Turkey Oven Roasted 340g,TRUE,8793776,135885
6544,Spc 2 Fruits Sliced In Syrup Reduced Sugar Canned Fruit 400g,TRUE,5306303,232559
6545,Spc Apple & Strawberry Puree Cups 4 X 120g,TRUE,2834054,591733
6546,Spc Apple Puree Cups 4 X 120g,TRUE,2834043,591705
6547,Spc Baked Beans Rich Tomato 220g X 4 Pack,TRUE,5240090,49314
6548,Spc Baked Beans Rich Tomato Salt Reduced 220g X 4 Pack,TRUE,4639130,758809
6549,Spc Baked Beans Rich Tomato Salt Reduced 425g,TRUE,5751667,52181
6550,Spc Diced Apricots In Juice Fruit Cups 4 X 120g,TRUE,2833856,591707
6551,Spc Diced Fruit Salad In Juice Fruit Cups 4 X 120g,TRUE,2833798,591731
6552,Spc Diced Peaches In Juice Fruit Cups 4 X 120g,TRUE,2833867,591732
6553,Spc Diced Pears In Juice Fruit Cups 4 X 120g,TRUE,2833834,591734
6554,Spc Fruit Powerz Apple & Strawberry Puree Pouches 90g X 4 Pack,TRUE,3822662,233024
6555,Spc Less Sugar Diced Fruit Salad In Juice Fruit Cups 4 X 120g,TRUE,3822673,104423
6556,Spc Less Sugar Diced Peaches In Juice Fruit Cups 4 X 120g,TRUE,3823064,104999
6557,Spc Peaches Sliced In Juice Canned Fruit 825g,TRUE,314723,32321
6558,Spc Peaches Sliced In Mango Nectar Canned Fruit 825g,TRUE,6807009,43268
6559,Spc Peaches Sliced In Syrup Reduced Sugar Canned Fruit 400g,TRUE,5306289,232557
6560,Spc Pears Sliced In Natural Juice No Added Sugar 825g,TRUE,3465033,76291
6561,Spc Spag-a-saurus Tomato & Cheese 420g,TRUE,4276229,13170
6562,Spc Spaghetti Rich Tomato 140g X 4 Pack,TRUE,3823031,2883
6563,Spc Spaghetti Rich Tomato 4 X 220g,TRUE,4457100,247302
6564,Spc Spaghetti Rich Tomato 420g,TRUE,4276342,187769
6565,Spc Spaghetti Tomato & Cheese Salt Reduced 420g,TRUE,4276284,187766
6566,Spc Spaghetti Tomato & Cheese Sauce 220g X 4 Pack,TRUE,5240103,49315
6567,Spc Tropics Mangoes In Juice Fruit Cups 4 X 120g,TRUE,2833812,591706
6568,Spc Two Fruits Diced In Juice Canned Fruit 825g,TRUE,313709,32428
6569,Spc Whole Prunes In Juice Canned Fruit 425g,TRUE,2360619,847211
6570,Spirax A4 Notebook 120 Pages Each,TRUE,6820550,238624
6571,Splenda Sweetener Granular 120g,TRUE,5449923,1538
6572,Splenda Sweetener Tablets 500 Pack,TRUE,5464199,255396
6573,Splice Streets Pine Lime Ice Cream 8 Pack,TRUE,3877733,124184
6574,Sprite Lemon + Zero Sugar Soft Drink Cans 375ml X 10 Pack,TRUE,5483116,238400
6575,Sprite Lemon+ Soft Drink 1.25l,TRUE,5482849,237909
6576,Sprite Lemon+ Zero Sugar Soft Drink Bottle 600ml,TRUE,5625367,246323
6577,Sprite Lemonade Soft Drink Bottle 1.25l,TRUE,401657,95325
6578,Sprite Lemonade Soft Drink Bottle 600ml,TRUE,5603841,93187
6579,Sprite Lemonade Soft Drink Mini Cans 250ml X 6 Pack,TRUE,4398747,244826
6580,Sprite Lemonade Soft Drink Multipack Cans 375ml X10 Pack,TRUE,1849329,793285
6581,Sprite Zero Sugar Lemonade Soft Drink Bottle 1.25l,TRUE,3585567,62170
6582,Sprite Zero Sugar Lemonade Soft Drink Mini Bottles 300ml X12 Pack,TRUE,5192838,221822
6583,Sprite Zero Sugar Lemonade Soft Drink Mini Cans 250ml X 6 Pack,TRUE,4398758,245007
6584,Sprite Zero Sugar Lemonade Soft Drink Multipack Cans 375ml X10 Pack,TRUE,1849271,793280
6585,Sprite Zero Sugar Soft Drink Bottle 600ml,TRUE,4378444,864460
6586,Spud Lite Prepack Potato 1.5kg,TRUE,3026441,829357
6587,Squeaky Gate Extra Virgin Olive Oil The Allrounder 750ml,TRUE,2107479,798037
6588,Ssm Uht Natural Coconut Cream 200ml,TRUE,8165853,686564
6589,St Dalfour Apricot 284g 284g,TRUE,5704394,17347
6590,St Dalfour Orange Marmalade 284g 284g,TRUE,5704317,17628
6591,St Dalfour Raspberry 284g 284g,TRUE,5704350,59309
6592,St Dalfour Strawberry & Rhubarb 284g 284g,TRUE,5704372,97724
6593,St Dalfour Strawberry 284g 284g,TRUE,5704372,17340
6594,St Dalfour Wild Blueberry 284g 284g,TRUE,5704420,26837
6595,St Ives Facial Scrub Apricot Blemish Control 150ml,TRUE,9114235,159444
6596,St Ives Fresh Skin Facial Scrub Apricot 150ml,TRUE,9114155,159440
6597,St Ives Naturally Clear Facial Scrub Green Tea 150ml,TRUE,8054375,370899
6598,Stabilo Boss Highlighters 4 Pack,TRUE,6820517,354504
6599,Staedtler Rasoplast Erasers 2 Pack,TRUE,6821961,145218
6600,Staedtler Tradition Graphite Pencils 2b 5 Pack,TRUE,6821940,119299
6601,Stagg Classic Chili With Beans 425g,TRUE,6264413,808596
6602,Staminade Hydrate Electrolyte Powder Orange 585g,TRUE,4464659,277627
6603,Staminade Lemon & Lime Powder 585g,TRUE,7878294,341051
6604,Starbucks By Nescafe Starbucks Cappuccino Dolce Gusto Coffee Pods Capsules 6 Pack,TRUE,3777116,61662
6605,Starbucks By Nespresso Blonde Espresso Roast Coffee Pods Capsules 10 Pack,TRUE,3613061,59352
6606,Starbucks By Nespresso Blonde Espresso Roast Coffee Pods Capsules 36 Pack,TRUE,6190281,300886
6607,Starbucks By Nespresso Breakfast Blend Coffee Pods Capsules 10 Pack,TRUE,4405693,197155
6608,Starbucks By Nespresso Caffe Verona Coffee Pods Capsules 10 Pack,TRUE,3613083,59693
6609,Starbucks By Nespresso Creamy Vanilla Flavoured Coffee Pods Capsules 10 Pack,TRUE,6190215,309435
6610,Starbucks By Nespresso Decaf Espresso Roast Coffee Pods Capsules 10 Pack,TRUE,3891177,115766
6611,Starbucks By Nespresso Espresso Roast Coffee Pods Capsules 10 Pack,TRUE,3613072,59704
6612,Starbucks By Nespresso Espresso Roast Coffee Pods Capsules 36 Pack,TRUE,4926663,221793
6613,Starbucks By Nespresso House Blend Coffee Pods Capsules 10 Pack,TRUE,3613050,59706
6614,Starbucks By Nespresso House Blend Coffee Pods Capsules 36 Pack,TRUE,4926674,221229
6615,Starbucks By Nespresso Italian Roast Coffee Pods Capsules 10 Pack,TRUE,3984041,155945
6616,Starbucks By Nespresso Pike Place Roast Coffee Pods Capsules 10 Pack,TRUE,3772950,95082
6617,Starbucks By Nespresso Single Origin Colombia Coffee Pods Capsules 10 Pack,TRUE,3612987,59694
6618,Starbucks By Nespresso Single Origin Colombia Coffee Pods Capsules 36 Pack,TRUE,6195897,304219
6619,Starbucks By Nespresso Single Origin Sumatra Coffee Pods Capsules 10 Pack,TRUE,3613040,59695
6620,Starbucks By Nespresso Smooth Caramel Flavoured Coffee Pods Capsules 10 Pack,TRUE,6190260,309640
6621,Starbucks Signature Hot Chocolate 42% Cocoa Powder 330g,TRUE,5038645,216282
6622,Stayfree All Nights Pads With Wings 10 Pack,TRUE,2621268,272088
6623,Stayfree Regular Pads Regular No Wings 20 Pack,TRUE,148588,77342
6624,Stayfree Super Pads Super No Wings 18 Pack,TRUE,5082206,77341
6625,Stayfree Ultra Thin All Nights Pads With Wings 10 Pack,TRUE,5189276,44861
6626,Stayfree Ultra Thin Regular Pads With Wings 14 Pack,TRUE,5189287,370631
6627,Stayfree Ultra Thin Super Pads With Wings 12 Pack,TRUE,8090970,58657
6628,Steggles Chicken Alphabites Crumbed 400g,TRUE,8414958,290235
6629,Steggles Chicken Breast Kievs Garlic 350g,TRUE,3902310,94181
6630,Steggles Chicken Breast Nuggets Crumbed 400g,TRUE,3088450,295282
6631,Steggles Chicken Breast Nuggets Tempura 400g,TRUE,3088493,339262
6632,Steggles Chicken Breast Nuggets With Potato & Cauliflower 400g,TRUE,8414834,165907
6633,Steggles Chicken Breast Tenders Crumbed 1kg,TRUE,3230710,1221
6634,Steggles Chicken Breast Tenders Sweet Chilli 1kg,TRUE,3088438,646082
6635,Steggles Chicken Dino Snacks Tempura 1kg,TRUE,3088427,383909
6636,Steggles Chicken Fingers Crumbed 1kg,TRUE,8414914,508730
6637,Steggles Chicken Fingers Crumbed 400g,TRUE,6943368,251465
6638,Steggles Chicken Nuggets Crumbed 1kg,TRUE,6609388,66955
6639,Steggles Chicken Pops Tempura 1kg,TRUE,3236976,709005
6640,Steggles Chicken Rings Crumbed Frozen,TRUE,6632528,226883
6641,Steggles Chicken Wing Nibbles Flaming 1kg,TRUE,1873108,383623
6642,Steggles Turkey Rissoles With Parsley & Onion 400g,TRUE,1833566,893640
6643,Steradent Denture Cleaning Tablets Extra Strength Intensive Whitening 30 Pack,TRUE,9391938,173340
6644,Steradent Denture Cleansing Tablets Active Plus 48 Pack,TRUE,208781,32512
6645,Stevia Sweet Granulated Jar 75g,TRUE,9933189,329037
6646,Stevia Sweet Tablets 220 Pack,TRUE,9933178,650297
6647,Stingose Antiseptic Gel Tube 25g,TRUE,5125717,30433
6648,Stop Itch Plus Antiseptic First Aid Itch Cream 50g,TRUE,9203721,43591
6649,Strangelove Light Tonic 540ml,TRUE,4456038,25125
6650,Strawberry Fresh 450g Punnet,TRUE,9568957,748374
6651,Street Kitchen Coconut Chicken Chettinad 255g,TRUE,3477860,780850
6652,Street Kitchen North Indian Butter Chicken 255g,TRUE,3477859,780867
6653,Streets Blue Ribbon Ice Cream 2l,TRUE,207938,40568
6654,Strepsils Double Antibacterial Soothing Sore Throat Lozenges Orange 36 Pack,TRUE,6420348,303938
6655,Strepsils Double Antibacterial Soothing Throat Lozenge Honey & Lemon 36 Pack,TRUE,6420213,303925
6656,Strepsils Extra Blackcurrant Sore Throat Fast Numbing Throat Lozenges 16 Pack,TRUE,3157789,683112
6657,Strepsils Extra Honey And Lemon Sore Throat Fast Numb Lozenges 16 Pack,TRUE,3417981,821272
6658,Strepsils Extra Honey And Lemon Sore Throat Fast Numb Lozenges 36 Pack,TRUE,3417970,821282
6659,Strepsils Herbal Cough Blocked Nose Sore Throat Lozenges Honey Lemon 32 Pack,TRUE,6127241,213604
6660,Strepsils Plus Anaesthetic Sore Throat Numbing Pain Relief Lozenges 16 Pack,TRUE,1216333,756217
6661,Strepsils Plus Anaesthetic Sore Throat Numbing Pain Relief Lozenges 36 Pack,TRUE,1216821,756253
6662,Strepsils Sore Throat Antibacterial Lozenge Honey & Lemon 16 Pack,TRUE,7251326,332285
6663,Strepsils Sore Throat Sugar Free Lemon Lozenges 36 Pack,TRUE,2372196,841550
6664,Strepsils Sore Throat Sugar Free Strawberry Lozenges 36 Pack,TRUE,3157790,841545
6665,Stubb's Hickory Bourbon Bbq Sauce Sauce 510g,TRUE,3267426,733363
6666,Stubb's Original Bbq Sauce Sauce 510g,TRUE,3267390,733355
6667,Sudafed Pe Nasal Decongestant 20 Pack,TRUE,9013760,715365
6668,Sudafed Pe Sinus + Anti-inflammatory Pain Relief Double Action 20 Pack,TRUE,1216231,755759
6669,Sudocrem Nappy Rash Cream Tube 30g,TRUE,1223419,341157
6670,Sugarine Sweetener Tablets 600 Pack,TRUE,2997933,612562
6671,Sugarless Low Calorie Sweetener Sachets 132 Pack,TRUE,6811607,665785
6672,Sugarless Stevia Organic 350g,TRUE,2002540,665840
6673,Sugo Tu Pizza Sauce Chilled 150g,TRUE,8981630,179689
6674,Suimin Brasied Beef Noodle Cup 70g,TRUE,192364,44192
6675,Suimin Chicken & Prawn Noodle Cup 70g,TRUE,192386,44194
6676,Suimin Chicken Noodle Cup 70g,TRUE,6861445,54624
6677,Suimin Hot & Spicy Noodle Cup 70g,TRUE,5566097,253673
6678,Suimin Mi Goreng Noodle Cup 70g,TRUE,7588319,343883
6679,Suimin Noodles Beef Massaman Curry 137g,TRUE,3302389,678341
6680,Suimin Oriental Chicken Cup 70g,TRUE,5224210,9782
6681,Sukin Aromatherapy Bath Blend Recovery 500ml,TRUE,5268554,224332
6682,Sukin Aromatherapy Bath Blend Sleep 500ml,TRUE,5268496,223949
6683,Sukin Art Series Anna Cole Hand Wash 500ml,TRUE,5268430,148943
6684,Sukin Blemish Control Clearing Facial Wash 125ml,TRUE,3532141,104717
6685,Sukin Blemish Control Oil Free Moisturiser 125ml,TRUE,3532174,104718
6686,Sukin Body Wash 500ml,TRUE,6174570,307031
6687,Sukin Botanical Body Wash Lime & Coconut 1l,TRUE,4312479,222690
6688,Sukin Botanical Body Wash Reef Aid Sea Breeze 500ml,TRUE,4312570,222924
6689,Sukin Certified Organic Rosehip Oil 25ml,TRUE,2994469,859255
6690,Sukin Cleansing Hand Wash Bergamot & Patchouli Pump 500ml,TRUE,3552149,147930
6691,Sukin Fresh Cotton Natural Deodorant Pump 125ml,TRUE,5859380,149665
6692,Sukin Green Tea Hydrating Mist Toner,TRUE,3532196,153093
6693,Sukin Haircare Deep Cleanse Shampoo,TRUE,3979427,155935
6694,Sukin Hydrating Conditioner 500ml,TRUE,2994152,104337
6695,Sukin Hydrating Shampoo 500ml,TRUE,2994119,104336
6696,Sukin Natural Actives Hydrating Serum 25ml,TRUE,7104092,381057
6697,Sukin Natural Balance Conditioner 500ml,TRUE,2994130,104339
6698,Sukin Natural Balance Leave-in Conditioner 250ml,TRUE,3837149,201014
6699,Sukin Natural Balance Shampoo 500ml,TRUE,2994108,104338
6700,Sukin Ocean Mist Natural Deodorant Pump 125ml,TRUE,5859346,149280
6701,Sukin Original Hydrating Mist Toner Spray 125ml,TRUE,2994243,859243
6702,Sukin Pureley Ageless Rejuvenating Day Cream 120ml,TRUE,3476947,104713
6703,Sukin Purely Ageless Restorative Night Cream 120ml,TRUE,3477000,104714
6704,Sukin Rosehip Enriching Night Cream 120ml,TRUE,3477010,859260
6705,Sukin Rosehip Hydrating Day Cream 120ml,TRUE,2994550,859254
6706,Sukin Rosehip Nourishing Cream Cleanser 125ml,TRUE,3477043,859266
6707,Sukin Rosehip Rejuvenating Facial Scrub 125ml,TRUE,3735692,153094
6708,Sukin Sensitive Cleansing Gel 125ml,TRUE,3962800,859252
6709,Sukin Sensitive Facial Moisturiser Pump 125ml,TRUE,2994560,859250
6710,Sukin Signature Cleansing Hand Wash 500ml,TRUE,5481733,148723
6711,Sukin Signature Cream Cleanser Pump 125ml,TRUE,2994265,859165
6712,Sukin Signature Facial Moisturiser Pump 125ml,TRUE,2994458,859163
6713,Sukin Signature Foaming Facial Cleanser Pump 125ml,TRUE,2994287,859206
6714,Sukin Signature Hand & Nail Cream 125ml,TRUE,2998029,859268
6715,Sukin Signature Hydrating Body Lotion Pump 500ml,TRUE,2994630,859269
6716,Sukin Signature Moisture Restoring Night Cream 120ml,TRUE,2994538,859245
6717,Sukin Signature Natural Deodorant Pump 125ml,TRUE,3365028,149338
6718,Sukin Signature Revitalising Facial Scrub 125ml,TRUE,2994254,859164
6719,Sukin Signature Scent Botanical Body Wash Pump 1l,TRUE,2994050,151000
6720,Sukin Skin Relief Cream Cleanser,TRUE,5432454,270059
6721,Sukin Volumising Shampoo 500ml,TRUE,2994072,157918
6722,Sun Health Bars Macadamia & Honey 35g,TRUE,442916,97
6723,Sun Zapper Zinc Light Skin Tone Sunscreen 12g,TRUE,2995949,179503
6724,Sunbeam Australian Currants 300g,TRUE,8047846,24258
6725,Sunbeam Australian Lexia Raisins 375g,TRUE,149161,32687
6726,Sunbeam Australian Natural Sultanas 450g,TRUE,5618474,259168
6727,Sunbeam Australian Sultanas 6 Pack,TRUE,145604,39667
6728,Sunbeam Australian Sultanas Mini 8 Pack,TRUE,5619070,661322
6729,Sunbeam Strawberry Yoghurt Coated Sultanas 30g X 6 Pack,TRUE,5619069,247965
6730,Sunbeam Sultanas & Cranberry 6 Pack,TRUE,1877299,773764
6731,Sunbeam Sultanas 1kg,TRUE,177892,661325
6732,Sunbeam Sultanas 375g,TRUE,167141,39731
6733,Sunbeam Sunmuscat Sultanas 450g,TRUE,4476556,247604
6734,Sunbeam Yoghurt Coated Sultanas 180g,TRUE,4483530,466062
6735,Sunbites Caramelised Onion & Balsamic Quinoa Crackers Share Pack 110g,TRUE,2976842,855581
6736,Sunbites Cheddar & Chives Snack Crackers W/ Quinoa Share Pack 110g,TRUE,2976831,855572
6737,Sunbites Grainwaves Sour Cream & Chives Wholegrain Chips Multipack 110g,TRUE,9283040,235056
6738,Sunbites Sea Salt Snack Crackers With Quinoa Share Pack 105g,TRUE,2976853,855571
6739,Sunbites Snack Cracker Mix Multipack,TRUE,5596815,195083
6740,Sunbites Veggie Crackers Sea Salt & Roast Garlic 110g,TRUE,7650150,534569
6741,Sundae Cherry On Top Shower Foam Kadadu Plum & Finger Lime 265ml,TRUE,7519699,220455
6742,Sundae Pomegranate Fizz Shower Foam 265ml,TRUE,8934539,220823
6743,Sundae Vanilla Bean Whipped Shower Foam 265ml,TRUE,7519688,141937
6744,Sunfed Boar Free Bacon Premium,TRUE,4209753,94130
6745,Sunfed Chicken Free Chicken,TRUE,3505422,814850
6746,Sunkist Orange Soft Drink Bottle 1.25l,TRUE,5037303,12011
6747,Sunkist Orange Soft Drink Cans Multipack 375ml X 30 Pack,TRUE,7837399,830734
6748,Sunkist Zero Sugar Orange Soda Syrup Sugar Free Cordial 300ml,TRUE,4807347,159946
6749,Sunkist Zero Sugar Orange Soft Drink Bottle Sugar Free 1.25l,TRUE,5037358,676312
6750,Sunkist Zero Sugar Orange Soft Drink Cans Multipack 375ml X 10 Pack,TRUE,3531150,141053
6751,Sunkist Zero Sugar Orange Soft Drink Cans Multipack 375ml X 24 Pack,TRUE,4405398,140657
6752,Sunlight Laundry Soap 500g,TRUE,159325,31737
6753,Sunny Queen 12 Extra Large Free Range Eggs 700g,TRUE,5417789,77170
6754,Sunny Queen 12 Extra Large Organic Free Range Eggs 700g,TRUE,4228838,140770
6755,Sunny Queen 18 Large Free Range Eggs 900g,TRUE,8953577,771237
6756,Sunny Queen 6 Extra Large Free Range Eggs 350g,TRUE,5484210,140262
6757,Sunny Queen Mini Fritters Corn & Zucchini Frozen 200g,TRUE,6521232,219792
6758,Sunquick Ice Lollies Cola 10 Pack,TRUE,8827357,176677
6759,Sunraysia Apple & Blackcurrant Juice 200ml,TRUE,4158958,136273
6760,Sunraysia Apple & Mango Juice 200ml,TRUE,4158969,135932
6761,Sunraysia Apple & Strawberry Juice,TRUE,4158970,135936
6762,Sunraysia Apple Juice 200ml,TRUE,4158743,134830
6763,Sunraysia Natural Prune Juice 250ml,TRUE,5051042,75396
6764,Sunraysia Prune Juice 1l,TRUE,1386118,765676
6765,Sunraysia Tropical Juice 200ml,TRUE,4159112,135920
6766,Sunrice Brown Rice Calrose Medium Grain 1kg,TRUE,154693,94536
6767,Sunrice Brown Rice Chips Farmhouse Cheddar 150g,TRUE,4320513,113958
6768,Sunrice Japanese Style Sushi Rice 1kg,TRUE,5860957,251758
6769,Sunrice Jasmine 2kg,TRUE,7423217,109277
6770,Sunrice Microwave Basmati Rice Cup 120g X 2 Pack,TRUE,8479884,371049
6771,Sunrice Microwave Brown Rice & Quinoa Rice Cup 125g X 2 Pack,TRUE,2017795,792122
6772,Sunrice Microwave Brown Rice Cup 125g X 2 Pack,TRUE,7779805,352043
6773,Sunrice Microwave Brown Rice Pouch 450g,TRUE,6545773,311461
6774,Sunrice Microwave Jasmine Rice Cup 125g X 2 Pack,TRUE,8478509,371052
6775,Sunrice Microwave Jasmine Rice Pouch 250g,TRUE,4854380,244754
6776,Sunrice Microwave Jasmine Rice Pouch 450g,TRUE,7746704,352039
6777,Sunrice Microwave Long Grain White Rice Pouch 450g,TRUE,6545784,311466
6778,Sunrice Microwave White Long Grain Rice Cup 125g X 2 Pack,TRUE,7779816,352041
6779,Sunrice Protein Chips Sour Cream And Chives 50g,TRUE,7033799,390878
6780,Sunrice Rice Jasmine 1kg,TRUE,5963814,267557
6781,Sunrice Risotto Style Rice 750g,TRUE,6329494,290298
6782,Sunrice White Rice Calrose Medium Grain 1kg,TRUE,122460,33183
6783,Sunrice White Rice Calrose Medium Grain 2kg,TRUE,343470,33181
6784,Sunrice White Rice Premium Long Grain 1kg,TRUE,122518,36493
6785,Sunrice White Rice Premium Long Grain 2kg,TRUE,296960,36502
6786,Sunsilk Biotin Conditioner Longer & Stronger 350ml,TRUE,7548948,486428
6787,Sunsilk Biotin Shampoo Longer & Stronger 350ml,TRUE,7547887,486433
6788,Sunsilk Clean & Fresh Shampoo 700ml,TRUE,3977738,138459
6789,Sunsilk Conditioner Addictive Brilliant Shine 350ml,TRUE,7548959,490137
6790,Sunsilk Conditioner Addictive Brilliant Shine 700ml,TRUE,7549951,463191
6791,Sunsilk Conditioner Soft & Smooth 700ml,TRUE,2671878,463180
6792,Sunsilk Conditioner Summer Care 700ml,TRUE,3710658,804087
6793,Sunsilk Shampoo Addictive Brilliant Shine 350ml,TRUE,7547898,491925
6794,Sunsilk Shampoo Addictive Brilliant Shine 700 Ml,TRUE,7549576,463193
6795,Sunsilk Shampoo Longer & Stronger 700 Ml,TRUE,9972045,463195
6796,Sunsilk Shampoo Soft & Smooth 700ml,TRUE,2672214,463194
6797,Sunsilk Summer Care Conditioner 350ml,TRUE,3977873,804094
6798,Sunsilk Summer Care Shampoo 350ml,TRUE,3977750,804088
6799,Sunsilk Summer Care Shampoo Coconut Oil & Hibiscus 700ml,TRUE,3710669,804093
6800,Sunsol Muesli Almond Cashew Macadamia Walnut,TRUE,2855597,792784
6801,Sunsol Muesli Blueberry Chia Goji Coconut,TRUE,2855622,793350
6802,Sunsol Pro-biotic Almond & Manuka Honey Toasted Muesli,TRUE,4308904,84590
6803,Sunsol Pro-biotic Almond Cashew & Chia Toasted Muesli,TRUE,3515721,84958
6804,Suntory Boss Coffee Iced Caramel Latte 237ml,TRUE,5648045,239021
6805,Suntory Boss Coffee Iced Latte 237ml,TRUE,3762673,65575
6806,Suntory Boss Coffee Iced Latte Cans 237ml X4 Pack,TRUE,5161561,122299
6807,Suntory Boss Coffee Iced Long Black 237ml,TRUE,3762710,66122
6808,Suntory Boss Coffee Iced Long Black Cans 237ml X4 Pack,TRUE,5161550,122693
6809,Suntory Boss Coffee Iced Vanilla Latte 237ml,TRUE,3897264,117739
6810,Suntory Boss Coffee Iced Vanilla Latte Cans 237ml X4 Pack,TRUE,5161572,222977
6811,Suntory Boss Iced Coffee Double Espresso 237ml,TRUE,4476727,175034
6812,Sup Gut Love Debloat Capsules 30 Pack,TRUE,4788640,86400
6813,Sup Gut Love Probiotic Gummies Raspberry Flavour 65 Pack,TRUE,4223721,86464
6814,Sup Inner Glow Collagen Gummies Berry Flavour 40 Pack,TRUE,4223700,86673
6815,Sup Sup Inner Glow Collagen Shots Double Strength 8 Pack,TRUE,5327960,149664
6816,Super Nature Super Foods Carbonara Chicken Fettuccine Frozen Meal 350g,TRUE,2946659,179460
6817,Super Nature Super Foods Mediterranean Polenta Frozen Meal 350g,TRUE,7035808,574785
6818,Super Nature Super Foods Sweet Potato Cottage Pie Frozen Meal 350g,TRUE,2409354,940359
6819,Super Nature Wellness Bowl Chickpea Curry Quinoa & Rice Frozen Meal 350g,TRUE,2944846,657086
6820,Supreme Cloudy Ammonia 1l,TRUE,8688035,90685
6821,Supreme Foods Roti Mini Chilled Meal,TRUE,9230270,344206
6822,Surf Aqua Fresh Laundry Capsules 30 Pack,TRUE,3920038,149308
6823,Surf Laundry Capsules Tropical 18 Pack,TRUE,6269042,109832
6824,Surf Laundry Detergent Capsules Tropical 30 Washes 30 Pack,TRUE,3920016,142454
6825,Surf Laundry Detergent Capsules Tropical 50 Washes 650g,TRUE,4395556,239430
6826,Surf Life Saving Spf50+ Daily Sunscreen 1l,TRUE,3631416,689263
6827,Surf Life Saving Sunscreen Sport Spf 50+ 200ml,TRUE,2995803,838986
6828,Surf Liquid Washing Detergent Tropical 80 Washes 4 L,TRUE,2899719,475333
6829,Surf Washing Liquid Coastal Luxury 40 Washes 2 L,TRUE,3199010,681576
6830,Surf Washing Liquid Tropical Lily 40 Washes 2 L,TRUE,3524358,841319
6831,Sustagen Dutch Chocolate Flavour 550g,TRUE,3738920,86696
6832,Sustagen Vanilla Flavour 550g,TRUE,3738930,86399
6833,Sweet Baby Ray's Bbq Sauce 425ml,TRUE,7361481,377119
6834,Sweet Baby Ray's Hickory & Brown Sugar Bbq Sauce 425ml,TRUE,7361470,802036
6835,Sweet Potato Gold Each,TRUE,4199503,147071
6836,Sweet William Original Chocolate Dairy Free 100g,TRUE,3901521,298661
6837,Sweet William Rice Crackle Chocolate Koalas 12 Pack,TRUE,3894517,151978
6838,Swisse Apple Cider Vinegar & Fibre Gummies 45 Pack,TRUE,5347253,308054
6839,Swisse Beauty Collagen + Hyaluronic Acid Booster Tablets For Skin 80 Pack,TRUE,4806480,207264
6840,Swisse Beauty Collagen Glow Gummies Strawberry & Vanilla Flavour 45 Pack,TRUE,4223776,165984
6841,Swisse Beauty Collagen Glow Powder For Skin Elasticity + Firmness 120g,TRUE,4223834,153283
6842,Swisse Beauty Collagen Glow Tablets For Skin Elasticity + Firmness 60 Pack,TRUE,3626290,60173
6843,Swisse Beauty Collagen Renew Skin + Stress Powder,TRUE,3758359,88681
6844,Swisse Beauty Hair Skin Nails Gummies For Healthy Skin 50 Pack,TRUE,4223765,165985
6845,Swisse Beauty Hair Skin Nails+ Tablets For Collagen Formation 100 Pack,TRUE,8097119,725183
6846,Swisse Beauty Hair Skin Nails+ Tablets For Collagen Formation 60 Pack,TRUE,7109303,324905
6847,Swisse Beauty High Strength Marine Collagen Tablets For Skin 60 Pack,TRUE,5352796,243924
6848,Swisse Kids Immune Gummies For Immune System Health And Wellbeing 60 Pack,TRUE,3899259,153262
6849,Swisse Kids Multi Gummies For Healthy Growth And Development 60 Pack,TRUE,3899317,155241
6850,Swisse Kids Probiotic + Probiotic Gummies For Gut Health 45 Pack,TRUE,5347093,205094
6851,Swisse Kids Rest + Restore Tablets For Natural And Restful Sleep 60 Pack,TRUE,3626336,60481
6852,Swisse Probiotic + Prebiotic Gummies For Gut Health 45 Pack,TRUE,5347162,204688
6853,Swisse Ultiboost Ashwagandha Calm+ Tablets For Stress Support 60 Pack,TRUE,4806560,153259
6854,Swisse Ultiboost Calcium + Vitamin D Tablets For Bone Health 90 Pack,TRUE,7514786,711578
6855,Swisse Ultiboost Calm + Sleep Gummies For Sleep Support 60 Pack,TRUE,4806592,187398
6856,Swisse Ultiboost Daily Immune Support Tablets For Immune Health 60 Pack,TRUE,3758279,88341
6857,Swisse Ultiboost Glucosamine Sulfate Tablets For Joint Health 180 Pack,TRUE,2868817,941963
6858,Swisse Ultiboost High Strength C Tablets For Immune Health 150 Pack,TRUE,2869456,61703
6859,Swisse Ultiboost High Strength Coenzyme Q10 Capsules 30 Pack,TRUE,4971861,187300
6860,Swisse Ultiboost High Strength Cranberry Capsules 30 Pack,TRUE,9957992,733527
6861,Swisse Ultiboost High Strength Magnesium Powder Orange 180g,TRUE,3758257,89753
6862,Swisse Ultiboost High Strength Vitamin B12 Tablets 60 Pack,TRUE,3768239,679055
6863,Swisse Ultiboost Immune Gummies For Immune System Support,TRUE,4223787,165982
6864,Swisse Ultiboost Iron + Probiotic Capsules Helps Relieve Fatigue 30 Pack,TRUE,4223801,153232
6865,Swisse Ultiboost Iron Gummies Helps Relieve Fatigue 50 Pack,TRUE,5330975,243975
6866,Swisse Ultiboost Iron Tablets Helps Relieve Fatigue 30 Pack,TRUE,7514855,345778
6867,Swisse Ultiboost Liver Detox Tablets For Digestiive Health 60 Pack,TRUE,7514979,345775
6868,Swisse Ultiboost Magnesium + Sleep Powder For Muscle Relaxation 180g,TRUE,3479570,125653
6869,Swisse Ultiboost Magnesium Gummies For Bone And Muscle Health 60 Pack,TRUE,4223798,243935
6870,Swisse Ultiboost Magnesium Tablets For Bone And Muscle Health 120 Pack,TRUE,9131391,725175
6871,Swisse Ultiboost Magnesium Tablets For Bone And Muscle Health 200 Pack,TRUE,3469351,805948
6872,Swisse Ultiboost Magnesium Tablets For Bone And Muscle Health 60 Pack,TRUE,7514902,345785
6873,"Swisse Ultiboost Magnesium, Calcium + D3 Tablets For Bone Health 120 Pack",TRUE,1783694,90409
6874,Swisse Ultiboost Mega B+ Tablets Supports Energy Production 60 Pack,TRUE,2911745,153386
6875,Swisse Ultiboost Memory + Focus Tablets Supports Brain Health 50 Pack,TRUE,7109289,324904
6876,Swisse Ultiboost Odourless High Strength Wild Fish Oil 200 Pack,TRUE,4805443,155477
6877,Swisse Ultiboost Odourless High Strength Wild Fish Oil 400 Pack,TRUE,2869478,679056
6878,Swisse Ultiboost Relax + Sleep Tablets For Sleep Support 60 Pack,TRUE,1281437,751314
6879,Swisse Ultiboost Sleep Tablets For Natural And Restful Sleep 60 Pack,TRUE,6940778,321622
6880,Swisse Ultiboost Vitamin C Chewable Tablets For Immune Health 110 Pack,TRUE,3758315,89455
6881,Swisse Ultiboost Vitamin D Capsules For Bone And Muscle Health 250 Pack,TRUE,8098927,705800
6882,Swisse Ultiboost Vitamin D Capsules For Bone And Muscle Health 400 Pack,TRUE,3768240,243774
6883,Swisse Ultiboost Vitamin D Gummies For Bone And Muscle Health 60 Pack,TRUE,4806719,205538
6884,Swisse Ultiboost Zinc+ Tablets For Immune System Support 60 Pack,TRUE,9120329,725119
6885,Swisse Ultivite Men's 50+ Multivitamin Tablets 90 Tablets,TRUE,8098790,244015
6886,Swisse Ultivite Men's Multi Vitamin Tablets 30 Pack,TRUE,3287434,805287
6887,Swisse Ultivite Men's Multi Vitamin Tablets 60 Pack,TRUE,6280464,307062
6888,Swisse Ultivite Multivitamin Gummies For A Daily Blend Of Nutrients 60 Pack,TRUE,4806650,187426
6889,Swisse Ultivite Women's 50+ Multivitamin Tablets 60 Pack,TRUE,6280475,307048
6890,Swisse Ultivite Women's Multi Vitamin Tablets 30 Pack,TRUE,3287456,805290
6891,Swisse Ultraboost Vitamin K2 Mini Soft Capsules 30 Pack,TRUE,7449550,391743
6892,Swisspers Cotton Balls Extra Large 100 Pack,TRUE,3771630,720613
6893,Swisspers Cotton Large Make Up Pads 50 Pack,TRUE,3771018,740153
6894,Swisspers Cotton Pads Make Up 80 Pack,TRUE,5232014,15722
6895,Swisspers Cotton Tips 240 Pack,TRUE,5654536,136913
6896,Swisspers Cotton Tips With Paper Stems 120 Pack,TRUE,3771095,805123
6897,Swisspers Paper Cotton Stems 400 Pack,TRUE,3827112,136745
6898,Systane Complete Lubricant Eye Drop 10ml,TRUE,4950464,83427
6899,Systane Lubricant Eye Gel Gel Drops 10ml,TRUE,6124480,634371
6900,Systane Ultra Eye Drops 10ml,TRUE,8702599,724494
6901,T.n. Dickinson's Toners Witch Hazel 240ml,TRUE,5597589,65103
6902,T2 Detox Tea Bags 10 Pack,TRUE,3987888,134181
6903,T2 French Earl Grey Black Tea Bags 25 Pack,TRUE,3079200,727013
6904,T2 Iced Tea Lemon Coco Breeze Low Sugar Ice Tea Multipack Cans 240ml X 4 Pack,TRUE,6337200,277314
6905,T2 Iced Tea Peach Amore Raspberry Low Sugar Ice Tea Cans 240ml X 4 Pack,TRUE,6336933,275744
6906,T2 Just Peppermint Herbal Tisane Bags 25 Pack,TRUE,3081268,726962
6907,T2 Melbourne Breakfast Black Tea Bags 25 Pack,TRUE,3079186,726937
6908,T2 Relax Tea Bags 10 Pack,TRUE,4995418,159230
6909,T2 Sleep Tight Tea Bags 10 Pack,TRUE,3986728,134420
6910,T2 Tummy Tea Bags 10 Pack,TRUE,3987618,134424
6911,T2 Wakey Wakey Tea Bags 10 Pack,TRUE,4995305,159547
6912,Tabasco Chilli Sauce Red Pepper 60ml,TRUE,422599,33129
6913,Tabasco Sriracha Sauce 256ml,TRUE,4276820,79955
6914,Table Of Plenty Dried Spices Dukkah Pistachio 45g,TRUE,7123086,321001
6915,Table Of Plenty Milk Chocolate Snack Pack 84g,TRUE,3550358,505443
6916,Table Of Plenty Mini Rice Cakes Dark Chocolate 6 Pack,TRUE,3550369,641242
6917,Table Of Plenty Mini Rice Cakes Dark Chocolate Snack Packs 6 Pack 6 pack,TRUE,8712515,913593
6918,Table Of Plenty Mini Rice Cakes Salted Caramel 60g,TRUE,6762669,185009
6919,Table Of Plenty Mini Rice Cakes Triple Berry 6 Pack,TRUE,3757980,60425
6920,Table Of Plenty Mini Rice Snacks Chocolate Cakes 60g,TRUE,8215780,738979
6921,Table Of Plenty Mini Rice Snacks Dark Chocolate Cakes 60g,TRUE,8215770,738916
6922,Table Of Plenty Mini Rice Snacks Triple Berry Yoghurt Cakes 60g,TRUE,8215791,751382
6923,Tablelands Health Smart Reduced Cholesterol Spread 500g,TRUE,7789048,348995
6924,Talley's Chilled Mussels Chilli 375g,TRUE,9596089,289772
6925,Talley's Chilled Mussels Marinated Plain 375g,TRUE,5032467,289769
6926,Tamar Valley Dairy Greek Style Yoghurt 1kg,TRUE,2130313,622935
6927,Tamar Valley Dairy Kids Greek Yoghurt Pouch Banana 110g,TRUE,3539526,124806
6928,Tamar Valley Dairy Kids Greek Yoghurt Pouch Blueberry 110g,TRUE,3089157,660435
6929,Tamar Valley Dairy Kids Greek Yoghurt Pouch Raspberry 110g,TRUE,3245570,862414
6930,Tamar Valley Dairy Kids Greek Yoghurt Pouch Strawberry 110g,TRUE,2744359,508827
6931,Tamar Valley Dairy Kids Greek Yoghurt Pouch Tropical 110g,TRUE,2744360,509491
6932,Tamar Valley Dairy Kids Greek Yoghurt Pouch Vanilla 110g,TRUE,2744348,508826
6933,Tamar Valley Dairy Yoghurt Blueberry & Cream 700g,TRUE,4345401,167310
6934,Tamar Valley Dairy Yoghurt Mango & Cream 170g,TRUE,4348400,167374
6935,Tamar Valley Dairy Yoghurt Mango & Cream 700g,TRUE,4345037,167430
6936,Tamar Valley Dairy Yoghurt Peach & Cream Yoghurt Peaches & Cream,TRUE,4935530,167104
6937,Tamar Valley Dairy Yoghurt Peaches & Cream,TRUE,4935551,167408
6938,Tamar Valley Dairy Yoghurt Strawberry & Cream 170g,TRUE,4344497,167552
6939,Tamar Valley The Creamery Greek Style Yoghurt Blueberries & Cream 170g,TRUE,4348421,167330
6940,Tampax Regular Tampons Light Flow With Applicator 20 Pack,TRUE,9539664,755055
6941,Tampax Super Tampons Medium Flow With Applicator 20 Pack,TRUE,1721540,755075
6942,Tandaco Coating Mix Bread Crumbs For Lightly Seasoned Fish 75g,TRUE,5134693,15362
6943,Tandaco Coating Mix Bread Crumbs For Southern Fried Chicken 75g,TRUE,5134682,15388
6944,Tandaco Dry Yeast 12x7g Sachets 84g,TRUE,5150587,39156
6945,Tandaco Dry Yeast 5x7g Sachets 35g,TRUE,5140878,15391
6946,Tandaco One Pan Dinner Savoury Noodle 200g,TRUE,5150474,35970
6947,Tandaco One Pan Dinner Tomato Lasagne 200g,TRUE,5130706,35927
6948,Tandaco Prepared Suet Mix 250g,TRUE,5133351,15260
6949,Tandaco Stuffing Mix Seasoned Turkey & Chicken 200g,TRUE,5138140,15344
6950,Taokaenoi Big Roll Classic,TRUE,3882370,291081
6951,Tasmanian Heritage Camembert Cheese,TRUE,9045223,155990
6952,Tasmanian Heritage Camembert Cheese 125g,TRUE,91673,2205
6953,Tasmanian Heritage Camembert Cheese 200g,TRUE,7670410,464673
6954,Tasmanian Heritage Camembert Cheese Snack 80g,TRUE,5441681,527275
6955,Tasmanian Heritage Club Cheddar Smoked 140g,TRUE,7161008,325870
6956,Tasmanian Heritage Club Cheddar Trilogy Summer Herbs Vintage Sun Dried Tomato 140g,TRUE,6578069,326553
6957,Tasmanian Heritage Double Brie Cheese,TRUE,6079127,77182
6958,Tasmanian Heritage Double Brie Cheese Snack 80g,TRUE,3029326,527179
6959,Tasmanian Heritage Havarti 80g,TRUE,3029712,322486
6960,Tasmanian Heritage Triple Cream Oval Cheese 125g,TRUE,7766155,334936
6961,Tassal Atlantic Salmon Skin Off 300g,TRUE,5285280,630331
6962,Tassal Cooked Aussie Tiger Prawns 475g,TRUE,6406620,392138
6963,Tassal Hot Smoked Salmon Peppercorn 150g,TRUE,3477360,846996
6964,Tassal Salmon Family Bundle 460g,TRUE,8018520,757677
6965,Tassal Salmon For Cooking 200g,TRUE,7601621,345337
6966,Tassal Smoked Salmon 150g,TRUE,3477054,847049
6967,Tassal Smoked Salmon 250g,TRUE,3477123,847118
6968,Tassal Smoked Tassie Salmon 50g X 2 Pack,TRUE,5579328,247015
6969,Tasti Smooshed Wholefood Balls Berry Cashew & Cacao 207g,TRUE,3844359,684167
6970,Tasti Smooshed Wholefood Balls Berry Cashew & Cacao 69g,TRUE,3023352,534185
6971,Tasti Smooshed Wholefood Balls Cacao Brownie 207g,TRUE,3844246,65173
6972,Tasti Smooshed Wholefood Balls Cacao Brownie 69g,TRUE,3844360,65162
6973,Tasti Smooshed Wholefood Balls Peanut Butter & Caramel 207g,TRUE,3844280,684165
6974,Tasti Smooshed Wholefood Balls Peanut Butter & Caramel 69g,TRUE,3023374,646352
6975,Tasti Smooshed Wholefood Balls Protein Cacao Brownie 174g,TRUE,6437475,741436
6976,Tasty Toobs 150g,TRUE,4382667,170552
6977,Taylors Of Harrogate Yorkshire Extra Strong Tea Bags 100 Pack,TRUE,3708441,576100
6978,Taylors Of Harrogate Yorkshire Tea Bags 100 Pack,TRUE,3638958,750176
6979,Tayto Cheese & Onion Irish Crisps 37g,TRUE,3816353,326515
6980,Tech Deck Bmx Assorted Toys Each,TRUE,6400828,822796
6981,Tefal Cook Right Non-stick Frypan 24cm Each,TRUE,3718219,178099
6982,Tegel Take Outs Flame Grilled Chicken Steaks 600g,TRUE,5989884,265803
6983,Tegel Take Outs Louisiana Style Burger 600g,TRUE,8953624,173697
6984,Tegel Take Outs Louisiana Style Chicken Tenders 500g,TRUE,6943175,71227
6985,Tegel Take Outs Louisiana Style Portions 1kg,TRUE,5989862,71375
6986,Tegel Take Outs Nashville Style Chicken Tenders 500g,TRUE,8954139,119226
6987,Tegel Take Outs Nashville Style Portions 1kg,TRUE,5989873,71374
6988,Telfast Hayfever Allergy Relief 120mg Antihistamine Tablets 10 Pack,TRUE,3157701,604713
6989,Telfast Hayfever Allergy Relief 180mg Antihistamine Tablets 5 Pack,TRUE,4248664,137617
6990,Telfast Hayfever Allergy Relief 60mg Antihistamine Tablets 20 Pack,TRUE,3157687,612289
6991,Telstra Essential Pro 3 32gb Mobile Phone,TRUE,4727598,171989
6992,Telstra Essential Smart 2.1 Mobile Phone,TRUE,4418662,171991
6993,Telstra Essential Smart 4 Mobile Phone Each,TRUE,4992293,214433
6994,Telstra T Inspire Mobile Phone Each,TRUE,7210599,466228
6995,Telstra T Pro Mobile Phone Each,TRUE,7210602,482797
6996,Temole Broccoli Puffs Sweet Chilli 56g,TRUE,3874688,151014
6997,Temole Cauliflower Puffs Kale & Pepper 56g,TRUE,3587154,223872
6998,Temole Cauliflower Puffs Sea Salt 56g,TRUE,3587187,151280
6999,Temptation Bakeries Petite Quiche 30 Pack,TRUE,7984611,745513
7000,Temptation Bakeries Quiche Petite Cheese & Spinach 300g,TRUE,6941362,249392
7001,Temptation Bakeries Quiche Petite Lorraine 300g,TRUE,6941191,209215
7002,Temptation Bakeries Quiche Tasty Cheese & Bacon 2 Pack,TRUE,3014318,356078
7003,Tena Active Panty Liners Odour Control 30 Pack,TRUE,8545388,233250
7004,Tena Discreet Underwear Black Pants Large 9 Pack,TRUE,4227008,164271
7005,Tena Discreet Underwear Black Pants Medium 10 Pack,TRUE,4226989,164414
7006,Tena Insta Dry Pads Standard Length 20 Pack,TRUE,5062570,226189
7007,Tena Liners Extra Long 24 Pack,TRUE,6792058,312062
7008,Tena Liners Ultra Long 22 Pack,TRUE,3513384,11451
7009,Tena Maxi Night Pads Long Length 6 Pack,TRUE,6121686,308057
7010,Tena Men Absorbent Protector Level 3 8 Pack,TRUE,3035941,13925
7011,Tena Men Active Fit Pants Plus Large 8 Pack,TRUE,3760350,25924
7012,Tena Men Active Fit Pants Plus Medium 9 Pack,TRUE,3760317,25908
7013,Tena Men Level 1 12 Pack,TRUE,9428991,353459
7014,Tena Men Level 2 10 Pack,TRUE,9622101,179685
7015,Tena Mini Plus Pads 16 Pack,TRUE,5062399,230860
7016,Tena Night Pants Large 12 Pack,TRUE,3035930,600467
7017,Tena Pads Extra Standard Length 24 Pack,TRUE,7711302,226190
7018,Tena Pads Instadry Long Length 8 Pack,TRUE,5062581,226191
7019,Tena Pads Maxi 6 Pack,TRUE,1723127,783873
7020,Tena Pads Maxi Night 14 Pack,TRUE,8491609,380317
7021,Tena Pants For Men Level 4 Medium To Large 8 Pack,TRUE,9886577,721913
7022,Tena Pants For Women Large 8 Pack,TRUE,9886635,721797
7023,Tena Pants For Women Medium 8 Pack,TRUE,9886624,721589
7024,Tena Pants Night Medium 12 Pack,TRUE,6121664,226533
7025,Tena Ultra Thin Mini Pads 20 Pack,TRUE,5061691,231662
7026,Tena Washable Absorbent Underwear Size 12-14 Each,TRUE,5058540,250816
7027,Tena Washable Absorbent Underwear Size 14-16 Each,TRUE,5058551,251460
7028,Tena Washable Men's Boxer Large Each,TRUE,5058675,247657
7029,Tena Washable Men's Boxer Medium Each,TRUE,5058620,247888
7030,Terry's Chocolate Orange Milk Ball 157g,TRUE,5031920,515156
7031,Tetley Decaffeinated Green Tea Bags 50 Pack,TRUE,6369740,262434
7032,Tetley Decaffeinated Tea Bags 100 Pack,TRUE,8959948,156690
7033,Tetley Extra Strong Tea Bags 100 Pack,TRUE,7752194,574823
7034,Tetley Tagless Tea Bags 200 Pack,TRUE,7752060,574822
7035,Tetley Tea Bags 100 Pack,TRUE,199523,574821
7036,Thankyou. Body Wash Botanical Geranium Rose & Wood Pump 1l,TRUE,6357219,306679
7037,Thankyou. Body Wash Botanical Lemon Myrtle & Oat Milk Pump 1l,TRUE,6357490,303986
7038,Thankyou. Body Wash Botanical Mint & Spring Flowers 1l,TRUE,6358018,307002
7039,Thankyou. Body Wash Fragrance Free Pump 1l,TRUE,6357762,300891
7040,Thayers Facial Toner Witch Hazel Rose Petal 355ml,TRUE,5491001,238200
7041,The Big Cheese Extra Large Mac & Cheese 105g,TRUE,4448506,212792
7042,The British Sausage Co Raw Smoked Rindless Back Bacon 200g,TRUE,2805362,693435
7043,The Food Company Garlic Chopped 375g,TRUE,3219230,226497
7044,The Han Kitchen Budae Ramyun 4 Pack,TRUE,5435408,235063
7045,The Happy Snack Company Chickpeas Chocolate 5 Pack,TRUE,3554100,59453
7046,The Happy Snack Company Chickpeas Dark Choc 5 Pack,TRUE,3865290,60082
7047,The Happy Snack Company Chickpeas Dark Choc And Raspberry 5 Pack,TRUE,3554111,60072
7048,The Happy Snack Company Kids Fava Beans Pizza 10 Pack,TRUE,2508040,932517
7049,The Happy Snack Company Roasted Chickpeas Lightly Salted 200g,TRUE,1469510,932509
7050,The Happy Snack Company Roasted Chickpeas Lightly Salted 6 Pack,TRUE,3015296,927881
7051,The Happy Snack Company Roasted Fava Beans Lightly Salted 6 Pack,TRUE,2903838,932505
7052,The Happy Snack Company Roasted Fava Beans Red Pepper & Chilli 6 Pack,TRUE,2903816,464456
7053,The Happy Snack Company Roasted Fava Beans Sea Salt And Balsamic Vinegar 6 Pack,TRUE,2903827,927838
7054,The Healthy Baker Plain Flour Easy Store 1kg,TRUE,6480918,230949
7055,The Healthy Baker Protein Pancake Mix 400g,TRUE,7715868,143254
7056,The Healthy Baker Self Raising Flour Easy Store 1kg,TRUE,6481058,230952
7057,The Juice Brothers Orange 1.5l,TRUE,3183778,681284
7058,The Juice Brothers Orange Pineapple 1.5l,TRUE,3418612,189736
7059,The Juice Lab Focus Brain Power Super Shot 60ml,TRUE,7027264,156874
7060,The Natural Chip Co. Sea Salt & Vinegar 175g,TRUE,1260313,756795
7061,The Natural Chip Co. Sea Salt 175g,TRUE,1260302,756826
7062,The Natural Chip Co. Share Pack Honey Soy Chicken 175g,TRUE,1260335,756813
7063,The Natural Confectionery Co. Aussie Adventure Lollies,TRUE,7441412,253430
7064,The Natural Confectionery Co. Berry Bliss Lollies 180g,TRUE,5493845,233803
7065,The Natural Confectionery Co. Dinosaurs Lollies 220g,TRUE,5494010,232517
7066,The Natural Confectionery Co. Fruit Salad Soft Jellies Lollies 220g,TRUE,2351232,210601
7067,The Natural Confectionery Co. Party Mix Lollies Party Size 1.1kg,TRUE,3755690,81287
7068,The Natural Confectionery Co. Smoothie Chews Lollies 180g,TRUE,5493903,233004
7069,The Natural Confectionery Co. Snakes Lollies 230g,TRUE,5162429,211973
7070,The Natural Confectionery Co. Snakes Lollies 440g,TRUE,5533269,233587
7071,The Natural Confectionery Co. Snakes Lollies Party Size 1.1kg,TRUE,3755645,77424
7072,The Natural Confectionery Co. Snakes Reduced Sugar Lollies 230g,TRUE,5493812,230698
7073,The Natural Confectionery Co. Sour Squirms Lollies 220g,TRUE,2351254,210630
7074,The Natural Confectionery Co. Vegan Fruity Flavoured Lollies 180g,TRUE,3843800,211963
7075,The Pancake Parlour Pancake Mix 500g,TRUE,7571270,495007
7076,The Spice Tailor Bengali Coconut Daal 400g,TRUE,2803458,578067
7077,The Spice Tailor Classic Butter Chicken 300g,TRUE,2361190,452266
7078,The Spice Tailor Coastal Mango Curry Mild 300g,TRUE,8413944,908261
7079,The Spice Tailor Delicate Korma Curry 300g,TRUE,1330168,452500
7080,The Spice Tailor Indonesian Rendang Curry Kit 275g,TRUE,3735830,866199
7081,The Spice Tailor Keralan Coconut Curry 225g,TRUE,1311345,452268
7082,The Spice Tailor Malabar Biryani Kit 360g,TRUE,3760496,202804
7083,The Spice Tailor Mangalore Roasted Coconut Kit 300g,TRUE,3760441,203084
7084,The Spice Tailor Original Tikka Masala 300g,TRUE,1330204,452267
7085,The Spice Tailor Rustic Rogan Josh 300g,TRUE,1330180,452464
7086,The Spice Tailor Southern Chettinad Curry 300g,TRUE,2361203,250819
7087,The Spice Tailor Spicy Tarka Lentil Daal 500g,TRUE,3760474,202926
7088,The Spice Tailor Thai Green Curry Kit 275g,TRUE,3735852,862713
7089,The Spice Tailor Thai Massaman Curry Kit 275g,TRUE,7384206,3414
7090,The Spice Tailor Thai Red Curry Kit 275g,TRUE,3735841,866153
7091,Thins Chips Chicken 175g,TRUE,6833950,319967
7092,Thins Chips Light & Tangy 175g,TRUE,6833927,274326
7093,Thins Chips Original 175g,TRUE,6833891,274324
7094,Thins Chips Salt & Vinegar 175g,TRUE,6833949,319951
7095,Thins Korean Bbq Potato Chips Korean Bbq,TRUE,7447055,236191
7096,Thins Top 20 Variety Multipack Chips 20 Pack 375g,TRUE,4843850,245847
7097,Thirst Trap Spring Water Cans 500ml X 4 Pack,TRUE,7060204,288628
7098,Thompsons One A Day Valerian 2000mg 60 Pack,TRUE,5817620,214183
7099,Thomy Mayonnaise 470g,TRUE,5032117,19274
7100,Three Threes Australian Apple Sauce 250g,TRUE,6986350,69528
7101,Three Threes Bbq Rib Sauce 275ml,TRUE,7288122,340189
7102,Three Threes Gherkins Sweet Spiced 540g,TRUE,9762723,35462
7103,Three Threes Mightymite Spread 290g,TRUE,8979752,148103
7104,Three Threes Olives Stuffed 500g,TRUE,6308723,89565
7105,Three Threes Pickled Onions 520g,TRUE,389380,504615
7106,Three Threes Spreadable Sweet Mustard Pickles 390g,TRUE,6308712,47553
7107,Three Threes Sweet Mustard Pickles 250g,TRUE,156484,34497
7108,Three Threes Sweet Mustard Pickles 520g,TRUE,127351,34498
7109,Three Threes Tomato Sauce 275ml,TRUE,7264816,353695
7110,Thursday Plantation Deodorant Roll On Teatree 60ml,TRUE,2276884,778522
7111,Thursday Plantation Oil Lavender 50ml,TRUE,1216173,755868
7112,Thursday Plantation Oil Tea Tree 15ml,TRUE,1313908,755986
7113,Thursday Plantation Oil Tea Tree 50ml,TRUE,1745902,755850
7114,Thursday Plantation Peppermint Oil 25ml,TRUE,3164252,661674
7115,Thursday Plantation Tea Tree Antiseptic Spray 100ml,TRUE,1835313,771667
7116,Thursday Plantation Tea Tree Face Wash For Acne 150ml,TRUE,2859827,771654
7117,Tibaldi Signature Ham Off The Bone 120g,TRUE,3575927,27566
7118,Tic Tac Fruit Adventure 24g,TRUE,4147204,754039
7119,Tic Tac Orange 24g,TRUE,5666717,258034
7120,Tic Tac Orange 49g,TRUE,3956206,311364
7121,Tic Tac Peppermint 24g,TRUE,5666932,258037
7122,Tic Tac Peppermint 49g,TRUE,3956192,311980
7123,Tidbit Foods Consorcio Jamon Serrano 80g,TRUE,4253529,390098
7124,Tilda Microwave Steamed Pure Basmati Rice 250g,TRUE,9530557,272188
7125,Time's Up Vertical Spring Mouse Trap 2 Pack,TRUE,2765698,768614
7126,Tip Top Bakery Wholemeal Raisin Fruit Bread Loaf Toast 600g,TRUE,1794180,784291
7127,Tip Top Burger Thins Bread 6 Pack,TRUE,3612706,66911
7128,Tip Top Café Raisin Bread Thick 650g,TRUE,5703766,258204
7129,Tip Top English Muffins Original 6 Pack,TRUE,332394,46795
7130,Tip Top Hot Dog Rolls 6 Pack,TRUE,9795915,165220
7131,Tip Top Pizza Bases Wholemeal 12 Inch 2 Pack,TRUE,3499057,856994
7132,Tip Top Potato Burger Buns 4 Pack,TRUE,5185468,217401
7133,Tip Top Raisin Fruit Bread Loaf Toast 520g,TRUE,7024470,3805
7134,Tip Top Sunblest Soft White Sandwich Slice Bread Loaf 650g,TRUE,7953924,19899
7135,Tip Top Sunblest Soft Wholemeal Sandwich Slice Bread Loaf 650g,TRUE,9395101,49613
7136,Tip Top The One White Sandwich Slice Bread Loaf 700g,TRUE,8956156,713816
7137,Tip Top The One White Toast Slice Bread Loaf 700g,TRUE,8956189,713834
7138,Tip Top The One Wholemeal Sandwich Slice Bread Loaf 700g,TRUE,1139480,749588
7139,Toblerone Crunchy Almond 360g,TRUE,6364510,290547
7140,Toblerone Milk Chocolate Bar 360g,TRUE,4660147,468984
7141,Toblerone Milk Chocolate Bar 50g,TRUE,5172284,47011
7142,Toblerone Orange 360g,TRUE,5242594,210508
7143,Tom & Luke Tom & Luke Snacka Balls Mint Chocolate 132g,TRUE,3758064,806067
7144,Tom Organic Maternity Pads Wingless 8 Pack 8 pack,TRUE,7711299,905210
7145,Tom Organic Overnight Pads 8 Pack,TRUE,3613265,10044
7146,Tom Organic Pads Regular Ultra Thin 10 Pack,TRUE,1176818,724069
7147,Tom Organic Pads Super Ultra Thin 10 Pack,TRUE,1176807,724078
7148,Tom Organic Reusable Liner Light Each,TRUE,6131941,307923
7149,Tom Organic Reusable Pad Regular Each,TRUE,6131806,309032
7150,Tom Organic Tampons Mini 16 Pack,TRUE,2375285,377099
7151,Tom Organic Tampons Regular 16 Pack,TRUE,1176716,377097
7152,Tom Organic The Period Brief Bikini Moderate Flow Size X Small Each,TRUE,4193846,299406
7153,Tom Organic The Period Cup Size 1 Regular Size 1 Regular Each,TRUE,3757924,196744
7154,Tom Organic The Period Cup Size 2 Super Size 2 Super Each,TRUE,3757957,196745
7155,Tom Organic Ultra Thin Liners 26 Pack,TRUE,2375274,839570
7156,Tom Piper Braised Steak & Onions Canned Meal 400g,TRUE,5750165,28286
7157,Tom Piper Sausages And Vegetables Canned Meal 400g,TRUE,125254,34044
7158,Tom Piper Savoury Mince & Vegetables Canned Meal 400g,TRUE,277944,28229
7159,Toni & Guy Casual Sea Salt Texturising Spray 200ml,TRUE,9194981,726244
7160,Toni & Guy Cleanse Instant Refresh Dry Shampoo 250ml,TRUE,9192749,726243
7161,Toni & Guy Damage Repair Conditioner For Damaged Hair 250ml,TRUE,9192818,726251
7162,Toni & Guy Heat Protection Mist 150ml,TRUE,9193071,726290
7163,Toni & Guy Prep Leave-in Conditioner 100ml,TRUE,9193082,726227
7164,Toni & Guy Purple Conditioner 250ml,TRUE,3157712,681065
7165,Toni & Guy Purple Conditioner 600ml,TRUE,3978027,151071
7166,Toni & Guy Purple Toning Mask For Blonde Hair 285ml,TRUE,3417325,852238
7167,Toni & Guy Scalp Care Shampoo 250ml,TRUE,3977760,269083
7168,Toni & Guy Sky High Volume Dry Shampoo 250ml,TRUE,2335699,855768
7169,Toni & Guy Strength Plex Bond Repair Conditioner 250ml,TRUE,3710705,75773
7170,Toni & Guy Strength Plex Bond Repair Conditioner 600ml,TRUE,4959935,152240
7171,Toni & Guy Strength Plex Bond Repair Mask 285ml,TRUE,3710727,81499
7172,Toscano 4 Belgian Liege Mini Waffles Cinnamon 200g,TRUE,8920910,118316
7173,Toscano 4 Toasting Waffles Classic 160g,TRUE,7856644,117370
7174,Toscano Brioche Burger Buns 4 Pack,TRUE,5574787,726067
7175,Toscano Brioche English Muffins Classic 5 Pack,TRUE,7112909,297150
7176,Toscano Chocolate Filled Crepes,TRUE,2902427,709014
7177,Toscano French Crepes Strawberry Filled 6 Pack,TRUE,7856655,291058
7178,Toscano Gluten Free Pizza Base 180g,TRUE,2298297,827400
7179,Toscano Mini Pizza Base 4 Pack 4 pack,TRUE,7741835,919507
7180,Tostitos Tortilla Corn Chips Lightly Salted Cantina Style 175g,TRUE,3950593,707192
7181,Tostitos Tortilla Corn Chips Splash Of Lime Cantina Style 175g,TRUE,3950607,707971
7182,"Touch Rsv, Flu & Covid 19 Rapid Antigen Test 2 Pack 2 pack",TRUE,7750075,546002
7183,Tradie Date Night Body Spray 160ml,TRUE,6407791,91095
7184,Tradie Mens Socks Black 11/13 3 Pack,TRUE,5750290,520499
7185,Tradie Mens Trunk L 3 Pack,TRUE,7436230,96455
7186,Tradie Solo Sweat Crusher Deodorant Body Spray 160ml,TRUE,6407780,222476
7187,Tradie Stallion Body Deodorant Spray 160ml,TRUE,6407770,159008
7188,"Tresemme Colour Revitalise Shampoo Vit E, Agran Oil & Green Tea 940ml",TRUE,4959980,200973
7189,Tresemme Conditioner Cleanse & Replenish 940 Ml,TRUE,4960049,200904
7190,Tresemme Conditioner Colour Revitalise 940 Ml,TRUE,4960060,201004
7191,Tresemme Conditioner Moisture Rich 940 Ml,TRUE,4960038,200229
7192,Tresemme Conditioner Smooth & Silky 940 Ml,TRUE,4960071,200179
7193,Tresemme Conditioner Volume & Fullness 940 Ml,TRUE,4960050,200819
7194,Tresemme Hair Spray Extra Hold Salon Finish 360g,TRUE,4583829,227552
7195,Tresemme Hair Spray Extra Hold Salon Finish 75g,TRUE,5004494,250242
7196,Tresemme Keratin Smooth Serum 100ml,TRUE,6153310,266688
7197,Tresemme Lamella Shine Shampoo 500ml,TRUE,7562789,435173
7198,Tresemme Nourish & Shine Conditioner With Vitamin E & Hemp Seed Oil 940ml,TRUE,4960093,199838
7199,Tresemme Pro Collection Purple Toning Conditioner With Coconut Oil 500ml,TRUE,6149528,265136
7200,Tresemme Pro Collection Silky Brunette Shampoo With Colour Complex,TRUE,6149404,267132
7201,Tresemme Pro Collection Smooth Curls Conditioner With Argan Oil 500ml,TRUE,6152690,267225
7202,Tresemme Pro Collection Smooth Curls Hair Cream With Argan Oil 200ml,TRUE,6153285,265597
7203,Tresemme Pro Collection Smooth Curls Oil With Argan Oil,TRUE,6153321,266704
7204,Tresemme Pro Collection Smooth Curls Shampoo With Argan Oil 500ml,TRUE,6152646,265566
7205,Tresemme Pro Collection Strengthen & Restore Conditioner 500ml,TRUE,6152635,265608
7206,Tresemme Pro Collection Strengthen & Restore Shampoo With Protein 500ml,TRUE,6151778,267054
7207,Tresemme Purple Toning Hair Mask With Purple Pigment & Coconut Oil 200ml,TRUE,6153252,265595
7208,Tresemme Shampoo Cleanse & Replenish 940 Ml,TRUE,4959968,200160
7209,Tresemme Shampoo Moisture Rich 940 Ml,TRUE,4959957,200150
7210,Tresemme Shampoo Nourish & Shine 940 Ml,TRUE,4960027,200849
7211,Tresemme Shampoo Smooth & Silky 940 Ml,TRUE,4959990,199741
7212,Tresemme Volume & Fullness Shampoo Multi-vitamins & Coconut Oil 940ml,TRUE,4959979,200992
7213,Trident Chilli Sauce Sweet Chilli 285ml,TRUE,426670,24765
7214,Trident Chilli Sauce Sweet Chilli 730ml,TRUE,5526955,62664
7215,Trident Hot & Spicy Flavour Thai With Noodles Soup 50g,TRUE,5369846,11887
7216,Trident Instant Soup Thai Chicken With Noodles 50g,TRUE,5370823,91920
7217,Trident Instant Soup Thai Tom Yum Goong With Noodle 50g,TRUE,5370812,91922
7218,Trident Laksa Flavour Thai Noodle Soup 50g,TRUE,9191327,114000
7219,Trident Sriracha Hot Chilli Sauce 480ml,TRUE,5981543,242199
7220,Trishave 3in1 Anti-rash Shave Creme With Tea Tree Oil For Men 100g,TRUE,7354952,72160
7221,Trishave 3in1 Shave Creme For Women 100g,TRUE,9833457,102975
7222,Trolli Lollies Brite Crawlers 150g,TRUE,2909608,326775
7223,Trolli Strawberry Clouds 150g,TRUE,3736083,46358
7224,True Fruit Gogo Apple Mango & Apple Fruit Strips 120g,TRUE,2899581,118858
7225,True Fruit Strapple Apple & Strawberry Fruit Strips 120g,TRUE,2899560,119059
7226,Truvia Stevia Granules 270g,TRUE,4823321,37483
7227,Tunnocks Snacks Caramel Wafer 8 Pack 240g,TRUE,8946210,49486
7228,Twinings Assam Bold Black Tea Bags 80 Pack,TRUE,9896060,728313
7229,Twinings Australian Afternoon Black Tea Bags 10 Pack,TRUE,8930323,714439
7230,Twinings Australian Afternoon Tea Bags 100 Pack,TRUE,8930039,714457
7231,Twinings Blackcurrant & Blueberry Tea Bags 10 Pack,TRUE,3708758,95460
7232,Twinings Camomile & Spiced Apple Tea Bags 10 Pack,TRUE,2006121,791148
7233,Twinings Camomile Honey & Vanilla Tea Bags 10 Pack 15g,TRUE,8067628,701332
7234,Twinings Ceylon Orange Pekoe Tea Bags 50 Pack,TRUE,5060790,257225
7235,Twinings Chai Vanilla Tea Bags 10 Pack,TRUE,8067661,750405
7236,Twinings Chai Vanilla Tea Bags 80 Pack,TRUE,3708645,94179
7237,Twinings Cranberry & Pomegranate Tea Bags 10 Pack,TRUE,8729562,701318
7238,Twinings Darjeeling Tea Bags 10 Pack,TRUE,341806,41949
7239,Twinings Earl Grey Tea Bags 10 Pack,TRUE,341792,41944
7240,Twinings Earl Grey Tea Bags 100 Pack,TRUE,304763,72617
7241,Twinings Earl Grey Tea Bags 50 Pack,TRUE,6822217,42980
7242,Twinings English Breakfast Extra Strong Tea Bags 10 Pack,TRUE,341770,829549
7243,Twinings English Breakfast Extra Strong Tea Bags 80 Pack,TRUE,2236788,829281
7244,Twinings English Breakfast Loose Leaf Tea 125g,TRUE,344597,41853
7245,Twinings English Breakfast Loose Leaf Tea Extra Strong 125g,TRUE,6312899,306380
7246,Twinings English Breakfast Tea  Bags 50 Pack,TRUE,6818989,42982
7247,Twinings English Breakfast Tea Bags 100 Pack,TRUE,304752,72618
7248,Twinings English Breakfast Tea Bags Decaffeinated 80 Pack,TRUE,6312877,307864
7249,Twinings Every Day Black Tea Bags 100 Pack,TRUE,5583915,225648
7250,Twinings French Earl Grey 10 Pack,TRUE,6312888,307849
7251,Twinings French Earl Grey 80 Pack,TRUE,6253712,309497
7252,Twinings Green Tea & Jasmine Tea Bags 10 Pack,TRUE,3708780,95459
7253,Twinings Green Tea & Lemon Tea Bags 10 Pack,TRUE,4760120,228496
7254,Twinings Green Tea & Mint Tea Bags 10 Pack,TRUE,4760130,228497
7255,Twinings Green Tea Bags 10 Pack 15g,TRUE,8067570,63010
7256,Twinings Lady Grey Tea Bags 100 Pack,TRUE,5051734,257224
7257,Twinings Live Well Calm Tea Bags 18 Pack,TRUE,4984590,226438
7258,Twinings Live Well Defence Tea Bags 20 Pack,TRUE,4986268,226591
7259,Twinings Live Well Digest Tea Bags 22 Pack,TRUE,4986133,226199
7260,Twinings Live Well Focus Tea Bags 22 Pack,TRUE,4986155,225618
7261,Twinings Live Well Revive Tea Bags 20 Pack,TRUE,8067537,223901
7262,Twinings Live Well Sleep Tea Bags 20 Pack,TRUE,4984568,226912
7263,Twinings Live Well Sleep Well Tea Bags 22 Pack,TRUE,4985593,226405
7264,Twinings Mango & Strawberry Tea Bags 10 Pack,TRUE,3708769,94341
7265,Twinings Morning Tea Bags 100 Pack,TRUE,2872938,575832
7266,Twinings Orange & Cinnamon Tea Bags 10 Pack,TRUE,8067560,791152
7267,Twinings Pure Camomile Tea Bags 10 Pack,TRUE,2469480,931157
7268,Twinings Pure Camomile Tea Bags 80 Pack,TRUE,2471325,888464
7269,Twinings Pure Green Tea Bags 100 Pack,TRUE,6816666,318680
7270,Twinings Pure Green Tea Bags 50 Pack,TRUE,5823291,262437
7271,Twinings Pure Peppermint Tea Bags 10 Pack,TRUE,2380219,58970
7272,Twinings Pure Peppermint Tea Bags 40 Pack,TRUE,6811254,89853
7273,Twinings Russian Caravan Tea Bags 10 Pack,TRUE,8116053,10109
7274,"Twinings Strawberry, Raspberry & Loganberry Tea Bags 10 Pack",TRUE,8729530,701255
7275,Twinings Tea Bags Lemon & Ginger 80 Pack,TRUE,2245563,931160
7276,Twisted Frozen Yoghurt Chocolate & Cookie,TRUE,7089283,221825
7277,Twisted Licks Rich Chocolate Zero Added Sugar Sticks 4 Pack,TRUE,3778083,180309
7278,Twisted Minis Frozen Yoghurt Dessert Assorted 4 Pack,TRUE,3147027,577912
7279,Twisted Minis Frozen Yoghurt Dessert Assorted 4 Pack,TRUE,5491726,180081
7280,Twisties Cheese Flavoured Snacks Multipack 114g,TRUE,7118188,345305
7281,Twisties Cheese Snacks 90g,TRUE,3706832,81659
7282,Twisties Cheese Snacks Party Size Bag 270g,TRUE,2871913,586679
7283,Twisties Chicken Snacks 90g,TRUE,3706912,82392
7284,Twisties Chicken Snacks Party Size Bag 270g,TRUE,3302731,586811
7285,Twix Milk Chocolate Bar With Caramel Biscuit 50g,TRUE,6029901,657419
7286,Twix Xtra Milk Chocolate Bar 72g,TRUE,5171882,22987
7287,U By Kotex Designer Series Liners Protect Liners 30 Pack,TRUE,1173401,748534
7288,U By Kotex Extra Overnight Pads Long With Wings 8 Pack,TRUE,3223330,684422
7289,U By Kotex Extra Overnight Pads With Wings 10 Pack,TRUE,9500240,352469
7290,U By Kotex Extra Pads Regular With Wings 16 Pack,TRUE,8508280,352468
7291,U By Kotex Extra Pads Super With Wings 14 Pack,TRUE,2916035,756990
7292,U By Kotex Maternity Pads 10 Pack,TRUE,5095536,352470
7293,U By Kotex Overnight Ultimate With Wings 6 Pack,TRUE,6109341,266917
7294,U By Kotex Petite Ultrathin Pads Regular With Wings 14 Pack,TRUE,6111875,229008
7295,U By Kotex Reusable Period Brief Overnight Size 10 Each,TRUE,6119957,307590
7296,U By Kotex Reusable Period Brief Overnight Size 12 Each,TRUE,6119968,308737
7297,U By Kotex Reusable Period Brief Overnight Size 14 Each,TRUE,6119980,307922
7298,U By Kotex Reusable Period Brief Overnight Size 6-8 Each,TRUE,6118954,307613
7299,U By Kotex Sport Liners Sport Liners 30 Pack,TRUE,1173376,748554
7300,U By Kotex Sport Tampons Regular Regular 16 Pack,TRUE,2916002,600462
7301,U By Kotex Sport Tampons Super Super 16 Pack,TRUE,2915972,600930
7302,U By Kotex Sport Ultrathin Pads Regular With Wings 12 Pack,TRUE,2373654,839669
7303,U By Kotex Sport Ultrathin Pads Super With Wings 10 Pack,TRUE,2373632,839657
7304,U By Kotex Tampons Mini 16 Pack,TRUE,5439599,233238
7305,U By Kotex Tampons Regular Regular 16 Pack,TRUE,9498738,188124
7306,U By Kotex Tampons Regular Regular Bulk 32 Pack,TRUE,6041678,297363
7307,U By Kotex Tampons Super Super 16 Pack,TRUE,9498818,188134
7308,U By Kotex Tampons Super Super Bulk 32 Pack,TRUE,6041838,297362
7309,U By Kotex Thinx Period Underwear Black Bikini Size 10 1 Pack,TRUE,4187413,165024
7310,U By Kotex Thinx Period Underwear Black Bikini Size 12 1 Pack,TRUE,4187424,165025
7311,U By Kotex Thinx Period Underwear Black Bikini Size 14-16 1 Pack,TRUE,7713851,165026
7312,U By Kotex Thinx Period Underwear Black Bikini Size 6-8 1 Pack,TRUE,4187355,165027
7313,U By Kotex Thinx Period Underwear Black Briefs Size 10 1 Pack,TRUE,5084529,165028
7314,U By Kotex Thinx Period Underwear Black Briefs Size 12 1 Pack,TRUE,5084530,165029
7315,U By Kotex Thinx Period Underwear Black Briefs Size 6-8 1 Pack,TRUE,5083650,165031
7316,U By Kotex Ultrathin Overnight Pads Long With Wings 8 Pack,TRUE,3223329,684420
7317,U By Kotex Ultrathin Overnight Pads With Wings 10 Pack,TRUE,1721493,748561
7318,U By Kotex Ultrathin Pads Regular No Wings 14 Pack,TRUE,9498997,748416
7319,U By Kotex Ultrathin Pads Regular With Wings 14 Pack,TRUE,9499005,748551
7320,U By Kotex Ultrathin Pads Super With Wings 12 Pack,TRUE,9498523,748533
7321,Uhu Blue Stic 2 Pack,TRUE,6820674,67569
7322,Ultimate Danone Double Cream Yoghurt Black Cherry 115g X 4 Pack,TRUE,3310183,706257
7323,Ultimate Danone Double Cream Yoghurt Blueberry 115g X 4 Pack,TRUE,3310150,706275
7324,Ultimate Danone Double Cream Yoghurt Honey 115g X 4 Pack,TRUE,3310139,741994
7325,Ultimate Danone Double Cream Yoghurt Strawberry 115g X 4 Pack,TRUE,3310140,706239
7326,Uncle Tobys Cereal Plus Antioxidant,TRUE,8937956,827596
7327,Uncle Tobys Cereal Plus Antioxidant 435g,TRUE,8953282,717162
7328,Uncle Tobys Cereal Plus Fibre,TRUE,8930221,827627
7329,Uncle Tobys Cereal Plus Iron,TRUE,2264524,827588
7330,Uncle Tobys Cereal Plus Iron 410g,TRUE,2353067,827577
7331,Uncle Tobys Cereal Plus Muesli Flakes,TRUE,8930367,827655
7332,Uncle Tobys Cereal Plus Protein,TRUE,8930298,827636
7333,Uncle Tobys Cheerios Honey 520g,TRUE,7019437,387091
7334,Uncle Tobys Choc Faves Muesli Bars 15 Pack,TRUE,5993338,664101
7335,Uncle Tobys Fruity Bites Wildberry Flavour Breakfast Cereal 500g,TRUE,4310790,329104
7336,Uncle Tobys Goodness Shakes Banana 140g,TRUE,7757493,899949
7337,Uncle Tobys Le Snak Cheddar Cheese Dip & Crackers 12 Pack,TRUE,4952765,248199
7338,Uncle Tobys Le Snak Tasty Cheese Dip & Crackers 12 Pack,TRUE,4954760,248197
7339,Uncle Tobys Le Snak Tasty Cheese Dip & Crackers 6 Pack,TRUE,4954750,248207
7340,Uncle Tobys Muesli Bar Yoghurt Varieties 15 Pack,TRUE,5993316,667658
7341,Uncle Tobys Muesli Bars Chewy Apricot 6 Pack,TRUE,4975181,248250
7342,Uncle Tobys Muesli Bars Chewy Choc Chip 6 Pack,TRUE,4975192,248249
7343,Uncle Tobys Muesli Bars Choc Chip 15 Pack,TRUE,5993881,597602
7344,Uncle Tobys Muesli Bars Yoghurt & Honeycomb 185g,TRUE,4974950,248257
7345,Uncle Tobys Muesli Bars Yoghurt & Mango & Passionfruit 6 Pack,TRUE,4974961,248248
7346,Uncle Tobys Muesli Bars Yoghurt & Strawberry 6 Pack,TRUE,4974983,248247
7347,Uncle Tobys Natural Style Swiss Blend Muesli Breakfast Cereal 1kg,TRUE,132748,36370
7348,Uncle Tobys Oat Delicious Blends Raspberry Almond Vanilla Porridge 320g,TRUE,3993439,148265
7349,Uncle Tobys Oats Ancient Grains Porridge Porridge,TRUE,2697930,430061
7350,Uncle Tobys Oats Breakfast Bakes Cereal Bar Apple & Cinnamon 260g,TRUE,3375327,28617
7351,Uncle Tobys Oats Breakfast Bakes Cereal Bar Honey & Roasted Almond 260g,TRUE,3375338,28589
7352,Uncle Tobys Oats Quick Cup Creamy Honey Porridge 50g,TRUE,1196270,752352
7353,Uncle Tobys Oats Quick Oats Porridge Porridge 500g,TRUE,152020,31129
7354,Uncle Tobys Oats Quick Rolled Oats Porridge 1kg,TRUE,152009,37562
7355,Uncle Tobys Oats Quick Sachets Apple & Cinnamon Porridge 350g,TRUE,3992618,149866
7356,Uncle Tobys Oats Quick Sachets Berry Variety Porridge 350g,TRUE,3992505,147406
7357,Uncle Tobys Oats Quick Sachets Big Bowl Banana & Honey Porridge 368g,TRUE,3993199,148985
7358,Uncle Tobys Oats Quick Sachets Big Bowl Creamy Honey Porridge 368g,TRUE,3993144,147720
7359,Uncle Tobys Oats Quick Sachets Big Bowl Original Porridge 368g,TRUE,3993202,148281
7360,Uncle Tobys Oats Quick Sachets Brown Sugar & Cinnamon Porridge 350g,TRUE,3992560,148885
7361,Uncle Tobys Oats Quick Sachets Classic Variety Porridge 350g,TRUE,3992527,148976
7362,Uncle Tobys Oats Quick Sachets Creamy Honey Porridge 350g,TRUE,3992629,148364
7363,Uncle Tobys Oats Quick Sachets Creamy Vanilla Porridge 350g,TRUE,3992684,147588
7364,Uncle Tobys Oats Quick Sachets Family Pack Creamy Honey Porridge 700g,TRUE,3993166,147896
7365,Uncle Tobys Oats Quick Sachets Family Pack Original Porridge 680g,TRUE,3993177,149502
7366,Uncle Tobys Oats Quick Sachets Fruit Variety Porridge 350g,TRUE,3992582,147398
7367,Uncle Tobys Oats Quick Sachets Hi-fibre Porridge 320g,TRUE,3994908,148396
7368,Uncle Tobys Oats Quick Sachets Original Porridge 340g,TRUE,9720268,204987
7369,Uncle Tobys Oats Traditional Rolled Oats Porridge 500g,TRUE,299732,37678
7370,Uncle Tobys Oats Traditonal Rolled Oats Porridge 1kg,TRUE,254971,33036
7371,Uncle Tobys Protein Muesli Bars Double Choc 5 Pack,TRUE,6383081,307557
7372,Uncle Tobys Roll Ups Berry Sour Flavour,TRUE,5200197,217423
7373,Uncle Tobys Roll-ups Rainbow Berry 6 Pack,TRUE,6899164,324234
7374,Uncle Tobys Roll-ups Rainbow Fruit Salad 6 Pack,TRUE,6899175,324233
7375,Uncle Tobys Roll-ups Strawberry Fun Prints 6 Pack,TRUE,6899153,324231
7376,Uncle Tobys Shredded Wheat Breakfast Cereal,TRUE,9685531,201809
7377,Uncle Tobys Squarz The Original Breakfast Cereal,TRUE,5297519,204034
7378,Uncle Tobys Vita Brits Breakfast Cereal 1kg,TRUE,133015,36369
7379,Uncle Tobys Yoghurt Muesli Bars Strawberry 469g,TRUE,5993327,597604
7380,Underworks Ladies Invisible Footlets Nude 5-8 3 Pack,TRUE,3503278,520611
7381,Underworks Ladies Invisible Footlets Nude 9-11 3 Pack,TRUE,3148132,520559
7382,Underworks Ladies Sporty High Cut Underwear Size 14 2 Pack,TRUE,4956857,309578
7383,Underworks Mens Sport Quarter Crew White 7 To 10 3 Pack,TRUE,7172478,57068
7384,Unicorn Classic Camembert Cheese 125g,TRUE,5094125,738697
7385,Unicorn Classic Chilli Brie 125g,TRUE,5443337,96489
7386,Unicorn Classic Double Brie Cheese 125g,TRUE,5199702,370487
7387,Unicorn Classic Triple Cream Cheese 125g,TRUE,5443326,732051
7388,Uno Playing Cards Each,TRUE,5657374,175093
7389,Unreal Co. Plant Based Chick'n Chives Sausages 350g,TRUE,4209800,65254
7390,Urbane Mess Defining Paste 85g,TRUE,7362553,765997
7391,Urbane Mess Grooming Wax 85g,TRUE,7362564,765905
7392,Urbane Mess Hair Pliable Putty 85g,TRUE,7362520,765953
7393,Urbane Mess Hair Styling Fibre 85g,TRUE,7362510,766002
7394,Urbane Mess Wax Pomade 85g,TRUE,7363272,765954
7395,V Energy Blue 250mlx 4,TRUE,9880526,729764
7396,V Energy Blue 500ml,TRUE,1256145,705699
7397,V Energy Drink 500ml X4 Pack,TRUE,7305345,331936
7398,V Energy Energy Drink 500ml,TRUE,6963503,315692
7399,V Energy Refresh Citrus Lemonade Sugar Free Cans 250ml X4 Pack,TRUE,5486373,228073
7400,V Energy Refresh Pineapple & Watermelon Zero Sugar Can 250ml,TRUE,5486384,228006
7401,V Energy Refresh Pineapple & Watermelon Zero Sugar Cans 250ml X4 Pack,TRUE,5486362,227590
7402,V Energy Sugar Free 250mlx 4,TRUE,5020242,264490
7403,V Energy Sugar Free Blue 500ml,TRUE,3813876,112438
7404,V2 Plant Based Burgers 4 Pack 452g,TRUE,3912335,116675
7405,V2 Plant Based Classic British Sausages 6 Pack 390g,TRUE,5708410,238584
7406,V2 Plant Based Mince 400g,TRUE,5708238,153060
7407,V2 Plant Based Sausages Garlic & Herb,TRUE,5708431,238197
7408,V8 Apple Berry Juice Multipack 3 X 250ml,TRUE,1165298,749803
7409,V8 Breakfast Juice Juice 1.25l,TRUE,1165425,749778
7410,V8 Breakfast Juice Multipack 3 X 250ml,TRUE,1165301,749800
7411,V8 Healthy Apple Juice Juice 1.25l,TRUE,3753719,78069
7412,V8 Pineapple Passion Juice Juice 1.25l,TRUE,2107901,406087
7413,V8 Power Blend Juice Healthy Greens 1.25l,TRUE,2528320,485231
7414,V8 Power Blend Juice Immunity Boost 1.25l,TRUE,4750523,219226
7415,V8 Power Blend Juice Purple Power 1.25l,TRUE,2528342,887085
7416,V8 Protein Blend Smoothie Mixed Berry,TRUE,4750567,218260
7417,V8 Protein Blend Smoothie Tropical,TRUE,4750589,218259
7418,V8 Tropical Juce Multipack 3 X 250ml,TRUE,7945223,365259
7419,V8 Tropical Juice Juice 1.25l,TRUE,1165378,749812
7420,V8 Tropical Juice Juice 300ml,TRUE,2047140,750803
7421,V8 Vegetable Juice Hot And Spicy 1.25l,TRUE,1165436,749821
7422,V8 Vegetable Juice Low Sodium 1.25l,TRUE,1165389,749834
7423,V8 Vegetable Juice Original 1.25l,TRUE,1165356,749813
7424,Vaalia Kids Probiotic Yoghurt Pouch Banana 140g,TRUE,8704346,374976
7425,Vaalia Kids Probiotic Yoghurt Pouch Blueberry 140g,TRUE,3537881,123956
7426,Vaalia Kids Probiotic Yoghurt Pouch Lactose Free Blueberry,TRUE,8400352,83841
7427,Vaalia Kids Probiotic Yoghurt Pouch Lactose Free Strawberry 140g,TRUE,1495259,751890
7428,Vaalia Kids Probiotic Yoghurt Pouch Lactose Free Vanilla 140g,TRUE,1199245,751971
7429,Vaalia Kids Probiotic Yoghurt Pouch Limited Edition Honeycomb 140g,TRUE,6733536,166947
7430,Vaalia Kids Probiotic Yoghurt Pouch Strawberry 140g,TRUE,7246880,331448
7431,Vaalia Kids Probiotic Yoghurt Pouch Tropical 140g,TRUE,7246870,360392
7432,Vaalia Kids Probiotic Yoghurt Pouch Vanilla 140g,TRUE,7246869,331445
7433,Vaalia Probiotic Yoghurt Passionfruit 150gx 4 Pack,TRUE,8009494,75073
7434,Vaalia Probiotics Yoghurt No Added Sugar Strawberry 150g X 4 Pack 4 pack,TRUE,8855636,918293
7435,Val Verde Passata Sauce 700g,TRUE,6008796,38963
7436,Vanish Degreaser Stain Remover 500ml,TRUE,8136323,905203
7437,Vanish Gold Pro Stain Remover Powder Powder 2kg,TRUE,8135681,618646
7438,Vanish Gold Pro White Stain Remover Remover 1kg,TRUE,8135852,503712
7439,Vanish Gold Stain Remover Refill 500ml,TRUE,8136356,503420
7440,Vanish Napisan Gold Oxi Action 0% Stain Remover Powder 2kg,TRUE,5077352,215164
7441,Vanish Napisan Gold Oxi Action Stain Remover Powder 1kg,TRUE,5060644,215334
7442,Vanish Napisan Gold Oxi Action Stain Remover Powder 2kg,TRUE,5061090,215125
7443,Vanish Napisan Gold Oxi Action Stain Remover Powder 3kg,TRUE,5066753,215255
7444,Vanish Napisan Gold Oxi Action Stain Remover Powder 500g,TRUE,3315868,59304
7445,Vanish Napisan Gold Oxiaction Crystal White Stain Remover Powder 1kg,TRUE,5066913,215258
7446,Vanish Napisan Gold Oxiaction Crystal White Stain Remover Powder 2kg,TRUE,5066935,215632
7447,Vanish Napisan Stain Remover Powder 2kg,TRUE,9506348,192217
7448,Vanish Preen Everyday Fabric Stain Remover Spray 375ml,TRUE,9642460,201055
7449,Vanish Preen Gold 3 In 1 Carpet Cleaning Foam 600ml,TRUE,4261516,154137
7450,Vanish Preen Gold Fabric Stain Remover Spray 450ml,TRUE,3647799,59044
7451,Vanish Preen Gold Fabric Stain Remover Spray Refill 375ml,TRUE,3320507,802693
7452,Vanish Preen Gold Multi Power Stain Remover & Laundry Booster Gel 2l,TRUE,6263217,299552
7453,Vanish Preen Gold Stain Remover Power Gel 200ml,TRUE,7309823,458074
7454,Vanish Preen Ultra Degreaser Stain Remover Spray 375ml,TRUE,9402794,181144
7455,Vaseline Expert Care Dry Skin Rescue Advanced Strength Body Lotion 550ml,TRUE,3964907,137928
7456,Vaseline Intensive Care Body Lotion Aloe Soothe 225ml,TRUE,2996409,730351
7457,Vaseline Intensive Care Body Lotion Aloe Soothe 750ml,TRUE,9831892,213345
7458,Vaseline Intensive Care Body Lotion Cocoa Glow 225ml,TRUE,2996384,730360
7459,Vaseline Intensive Care Body Lotion Deep Restore 225ml,TRUE,9877780,730333
7460,Vaseline Intensive Care Body Lotion Deep Restore 750ml,TRUE,9494759,200345
7461,Vaseline Intensive Care Cocoa Glow Body Lotion 750ml,TRUE,7455858,343469
7462,Vaseline Intensive Care Hand Cream Healthy Hands Stronger Nails 75ml,TRUE,4377690,92811
7463,Vaseline Lip Care Tub Rosy 7g,TRUE,7864631,218591
7464,Vaseline Original Hair Tonic Tonic 100ml,TRUE,102940,30598
7465,Vaseline Petroleum Jelly Original 100g,TRUE,102190,37241
7466,Veet Expert Face Hair Removal For Sensitive Skin Cold Wax Strips 20 Pack,TRUE,6396695,316835
7467,Veet Expert Legs & Body Hair Removal Cold Wax Strips 20 Pack,TRUE,6396710,317169
7468,Veet For Men Hair Removal Cream Normal Skin 200ml,TRUE,4476625,139774
7469,Veet Hair Removal Cream Sensitive 100g,TRUE,8812043,93487
7470,Veet In Shower Hair Removal Cream Sensitive 150g,TRUE,7126029,717793
7471,Veet Pure Hair Removal Cream Legs & Body For Sensitive Skin 400ml,TRUE,7330648,274316
7472,Veet Pure Legs & Body Hair Removal Cold Wax Strips 40 Pack,TRUE,4476545,176009
7473,Veet Sugar Warm Wax Hair Removal Kit With Argan Oil 360g,TRUE,5852290,229564
7474,Vege Chips Deli Crisps Original 100g,TRUE,2898261,641523
7475,Vege Chips Deli Crisps Purple Sweet Potato 100g,TRUE,2898283,641258
7476,Vege Chips Mini Rice Crckers Multipack 12 Pack,TRUE,4471064,116697
7477,Vege Chips Multi 12 Pack 250g,TRUE,8313724,57855
7478,Vege Chips Natural 100g,TRUE,5376218,62842
7479,Vege Chips Natural Multipack 12 Pack,TRUE,7033960,117626
7480,Vege Chips Rice Crackers Cheese 75g,TRUE,3554202,65464
7481,Vege Chips Rice Crackers Honey Soy 75g,TRUE,4352338,117737
7482,Vege Chips Rice Crackers Sour Cream & Chives 75g,TRUE,3554199,65466
7483,Vege Chips Rice Crackers Sweet Chilli & Sour Cream 75g,TRUE,4471053,117912
7484,Vege Chips Salt & Vinegar 100g,TRUE,6675189,263796
7485,Vege Chips Sweet Potatoe Nibbles Salt & Vinegar Flavour 75g,TRUE,8480679,107983
7486,Vege Chips Yellow Sweet Potato Deli Crisps 100g,TRUE,3127926,684256
7487,Vege Fusions Asian Corn Crisps 60g,TRUE,6435753,288448
7488,Vege Fusions Asian Vege Crisps 60g,TRUE,6435764,291716
7489,Vegemite Cheesy Bite Spread 270g,TRUE,7277239,333060
7490,Vegemite Gluten Free Spread 235g,TRUE,3447643,840274
7491,Vegemite Salt Reduced 40% Less Salt 235g,TRUE,3741980,97722
7492,Vegemite Spread 150g,TRUE,6032961,281263
7493,Vegemite Spread 380g,TRUE,5998852,796439
7494,Vegemite Spread 560g,TRUE,6027622,280512
7495,Vegemite Squeezy 350g,TRUE,3852630,105557
7496,Vegeta Chicken Stock Powder 200g,TRUE,8496985,117241
7497,Vegeta Vegetable Gourmet Stock Powder 250g,TRUE,134110,21724
7498,Vegie Delights Chicken Style Sausages Meat Free,TRUE,5369223,238743
7499,Vegie Delights Plant Based Chicken-style Burgers 4 Pack,TRUE,3218271,82597
7500,Vegie Delights Plant Based Hot Dogs 300g,TRUE,5141804,249729
7501,Vegie Delights Plant Based Not Burger 4 Pack,TRUE,3994533,139878
7502,Vegie Delights Plant Based Nutmeat 415g,TRUE,6059709,37877
7503,Vegie Delights Plant Based Vegie Roast,TRUE,5903696,496525
7504,Vegie Delights Plant Based Vegie Sausages 300g,TRUE,5141815,249730
7505,Vegie Delights Tender Crumbed Schnitzel 300g,TRUE,4575140,227153
7506,Vegie Delights Thick Bbq Plant Based Sausages 300g,TRUE,3516350,365763
7507,Velvet Bar Soap Pure 4 Pack 400g,TRUE,1878145,785876
7508,Venus Comfortglide White Tea Disposable Razor 2 Pack,TRUE,7124646,330417
7509,Venus Comfortglide White Tea Razor Blades 4 Pack,TRUE,4358822,165290
7510,Venus Comfortglide White Tea Razor With 2 Razor Blades Each,TRUE,4359574,165289
7511,Venus Daisy Classic Disposable Razors 5 Pack,TRUE,8735930,136587
7512,Venus Deluxe Smooth Platinum Razor With 2 Razor Blades Each,TRUE,4359596,165285
7513,Venus Deluxe Smooth Sensitive Razor Blades 4 Pack,TRUE,5378767,171523
7514,Venus Deluxe Smooth Sensitive Razor With 2 Razor Blades Each,TRUE,4359600,174684
7515,Venus For Pubic Hair & Skin Razor Blades 3 Pack,TRUE,4476909,171247
7516,Venus For Pubic Hair & Skin Razor With 2 Razor Blades Each,TRUE,4476895,170729
7517,Venus Olay Comfortglide Sugarberry Razor Blades 4 Pack,TRUE,4358855,174984
7518,Venus Satin Care Shaving Gel Sensitive Skin 195g,TRUE,6124618,16933
7519,Venus Smooth Razor Blades 4 Pack,TRUE,4358797,165282
7520,Venus Smooth Razor Blades 8 Pack,TRUE,4658360,165283
7521,Verity Prunes Large 750g,TRUE,326438,91837
7522,Vetta Smart Fibre Dinosaur Pasta 500g,TRUE,3616172,94255
7523,Vetta Smart Fibre Penne Pasta 500g,TRUE,1691086,94456
7524,Vetta Smart Fibre Spaghetti Pasta 500g,TRUE,6334439,91105
7525,Vetta Smart Fibre Veg Twists Spirals Pasta 375g,TRUE,37780,94141
7526,Vetta Smart Protein Penne Pasta 375g,TRUE,1693004,117548
7527,Vetta Smart Protein Spirals Pasta 375g,TRUE,1692985,117547
7528,Vibe Focus With Caffeine Raspberry Soft Drink Multipack Cans 330ml X 4 Pack,TRUE,7030236,286208
7529,Vicks Cough Syrup Dry & Chesty 200ml,TRUE,3734044,84579
7530,Vicks First Defence Nasal Spray 15ml,TRUE,4165330,137749
7531,Vicks Insight Thermometer Each,TRUE,5331752,206407
7532,Vicks Nasal Decongestant Inhaler 0.5ml,TRUE,166116,30260
7533,Vicks Nasal Decongestant Inhaler Twin Pack 2 X 0.5ml,TRUE,3628433,838721
7534,Vicks Vapodrop & Cough Sore Throat Lozenges Honey Lemon 16 Pack,TRUE,2862130,600810
7535,Vicks Vapodrop & Cough Sore Throat Lozenges Honey Lemon 36 Pack,TRUE,2865171,600812
7536,Vicks Vapodrop & Cough Sore Throat Lozenges Immune Orange 36 Pack,TRUE,6127558,16955
7537,Vicks Vapodrop Throat Lozenges Butter Menthol 24 Pack,TRUE,8155893,370958
7538,Vicks Vapodrop Throat Lozenges Original 24 Pack,TRUE,8161706,370957
7539,Vicks Vapodrops Butter Menthol Lozenges 70 Pack 70 pack,TRUE,7757336,496991
7540,Vicks Vapodrops Original Menthol Lozenges 70 Pack 70 pack,TRUE,7757347,454324
7541,Vicks Vapodrops Throat Lozenges Butter Menthol 42 Pack,TRUE,3734066,84578
7542,Vicks Vapodrops Throat Lozenges Original 42 Pack,TRUE,3734055,84576
7543,Vicks Vapodrops Xtra Strong Lemon Ment Blast Lozenges 36 Pack,TRUE,4993569,206053
7544,Vicks Vapodrops Xtra Strong Lemon Menthol Blast,TRUE,4993467,206343
7545,Vicks Vapodrops Xtra Strong Menthol Blast 16 Pack,TRUE,3427974,197804
7546,Vicks Vapopatch 5 Pack 5 pack,TRUE,7749983,469159
7547,Vicks Vaporub Decongestant Rub 100g,TRUE,136079,720876
7548,Vicks Vaporub Decongestant Rub 50g,TRUE,101915,30256
7549,Vicks Vaporub Extra Strong Ointment 100g,TRUE,6127514,257174
7550,Viennetta Vanilla Frozen Dessert Cake 650ml,TRUE,3169766,684415
7551,Vileda All Purpose Cloth 6 Pack,TRUE,5099720,251190
7552,Vileda Ansell Flexfit Gloves Medium Pair,TRUE,5512065,257536
7553,Vileda Ansell Handy Clean Latex Multi-purpose Gloves M/l 100 Pack,TRUE,8966207,147426
7554,Vileda Ansell Poly Single Use Gloves Osfa 50 Pack,TRUE,7821763,760544
7555,Vileda Ansell Smooth Silverlined Gloves Large Pair Each,TRUE,5531707,57706
7556,Vileda Ansell Smooth Silverlined Gloves Medium Pair Each,TRUE,439649,20031
7557,Vileda Ansell Super Protector Gloves Large Pair Each,TRUE,5228709,62582
7558,Vileda Ansell Super Protector Gloves Medium Pair Each,TRUE,5228673,62583
7559,Vileda Ansell Super Protector Gloves Small Pair Each,TRUE,5228695,62592
7560,Vileda Easy Wring & Clean Power 3 In 1 Refill Each,TRUE,2594507,789872
7561,Vileda Easy Wring & Clean Turbo Spin Mop & Bucket Set Each,TRUE,1721314,747426
7562,Vileda Powerfibre Duster Duster Each,TRUE,9559923,210502
7563,Vileda Recycled 100% Microfibre Cloth 3 Pack,TRUE,6702554,240449
7564,Vileda Supermocio 3 Action Mop Refill Each,TRUE,6068572,161749
7565,Vileda Supermocio 3 Action Mop With Telescopic Handle Each,TRUE,9805510,212293
7566,Vileda Wettex Cleaning Cloth Super Absorbent Assorted 3 Pack,TRUE,25012,98054
7567,Vimto Canned Drink 330ml,TRUE,2404747,745042
7568,Violet Crumble Honeycomb Ice Cream 4 Pack,TRUE,7020491,382512
7569,Vita Lemon Tea 250ml X6 Pack,TRUE,4210978,21589
7570,Vitaceuticals Iron Supplement Ferrous + C Hard Capsules 30 Pack,TRUE,4807314,157513
7571,Vitasoy Almond Milk Chocolate 330ml,TRUE,3624680,807018
7572,Vitasoy Almond Milk Unsweetened 1l,TRUE,2412734,926885
7573,Vitasoy Almond Milky 1l,TRUE,3019027,660390
7574,Vitasoy Almond Milky 1l,TRUE,5638700,155694
7575,Vitasoy Calci Plus Soy Milk 1l,TRUE,6037761,42937
7576,Vitasoy Oat Milk 1l,TRUE,7292254,310675
7577,Vitasoy Oat Milk Cafe Latte 330ml,TRUE,5602521,212722
7578,Vitasoy Oat Milky Uht Milk 1l,TRUE,4950894,148781
7579,Vitasoy Original Soy Milk 1l,TRUE,98592,35617
7580,Vitasoy Rice Milk 1l,TRUE,9671628,209424
7581,Vitasoy So Milky Soy Milk 1l,TRUE,5111880,216825
7582,Vitasoy Soy & Protein Unsweetened Milk 1l,TRUE,2684381,83114
7583,Vitasoy Soy Milky Lite 1l,TRUE,5231306,212841
7584,Vitasoy Soy Milky Low Sugar Soy Milk 1l,TRUE,4514510,216826
7585,Vitasoy Soy Milky Regular 1l,TRUE,5231292,212840
7586,Vitawerx Milk Chocolate Plain Bar 100g,TRUE,4488089,182834
7587,Vitawerx White Chocolate Plain Bar 100g,TRUE,4487508,182833
7588,Vittoria Black Valley Coffee Bags Extra Strong 20 Pack,TRUE,8084263,309679
7589,Vittoria Black Valley Nespresso Compatible Coffee Capsules Pack 10,TRUE,4204035,93095
7590,Vittoria Chocochino Dark Drinking Chocolate 375g,TRUE,2993397,305908
7591,Vittoria Chocochino Drinking Chocolate 375g,TRUE,6999781,24570
7592,Vittoria Coffee Bags Espresso 20 Pack,TRUE,3988621,157316
7593,Vittoria Coffee Bags Italian 20 Pack,TRUE,3988632,157685
7594,Vittoria Coffee Bags Long Black 20 Pack,TRUE,6395229,156801
7595,Vittoria Coffee Bags Mountain Grown 20 Pack,TRUE,3988643,157464
7596,Vittoria Coffee Beans Latte 1kg,TRUE,4824390,158983
7597,Vittoria Coffee Beans Special Italian Blend 1kg,TRUE,443770,78476
7598,Vittoria Coffee Decaffeinated Coffee Beans 500g,TRUE,8057282,223415
7599,Vittoria Coffee Decaffinated Coffee Bags 20 Pack,TRUE,6344997,222908
7600,Vittoria Coffee Oro Capsules 20 Pack,TRUE,6344942,310664
7601,Vittoria Decaffeinated Ground Coffee Espresso 200g,TRUE,91549,16485
7602,Vittoria Decaffeinated Nespresso Compatible Coffee Capsules Pack 10,TRUE,3984369,92808
7603,Vittoria Espresso Coffee Beans 1kg,TRUE,9184897,162140
7604,Vittoria Espresso Ground Coffee 1kg,TRUE,5098986,94131
7605,Vittoria Espresso Ground Coffee 200g,TRUE,397447,37831
7606,Vittoria Espresso Ground Coffee 500g,TRUE,8830566,147701
7607,Vittoria Espresso Nespresso Compatible Coffee Capsules Pack 10,TRUE,3984336,93221
7608,Vittoria Espresso Nespresso Compatible Coffee Capsules Pack 20,TRUE,4151970,93852
7609,Vittoria Espressotoria Espresso Coffee Capsules 12 Pack,TRUE,1825885,829318
7610,Vittoria Espressotoria Italian Coffee Capsules 12 Pack,TRUE,2279893,829332
7611,Vittoria Freeze Dried Instant Coffee Classic 100g,TRUE,4737401,159897
7612,Vittoria Freeze Dried Instant Coffee Italian 100g,TRUE,4737434,159942
7613,Vittoria Freeze Dried Instant Coffee Latte 100g,TRUE,4737525,159972
7614,Vittoria Freeze Dried Instant Coffee Mountain Grown 100g,TRUE,4737365,159932
7615,Vittoria Italian Ground 500g,TRUE,3208347,692561
7616,Vittoria Italian Nespresso Compatible Coffee Capsules Pack 10,TRUE,3984314,92150
7617,Vittoria Italian Nespresso Compatible Coffee Capsules Pack 20,TRUE,4151960,92859
7618,Vittoria Latte Nespresso Compatible Coffee Capsules 20 Pack,TRUE,4151981,116684
7619,Vittoria Latte Nespresso Compatible Coffee Capsules Pack 10,TRUE,3984347,93466
7620,Vittoria Mountain Grown Coffee Beans 1kg,TRUE,8686572,284455
7621,Vittoria Mountain Grown Coffee Capsules 20 Pack,TRUE,6344953,310815
7622,Vittoria Mountain Grown Ground Coffee 1kg,TRUE,9180375,186602
7623,Vittoria Mountain Grown Ground Coffee 200g,TRUE,8009337,94686
7624,Vittoria Mountain Grown Ground Coffee 500g,TRUE,3984380,32216
7625,Vittoria Mountain Grown Nespresso Compatible Coffee Capsules Pack 10,TRUE,4151959,92148
7626,Vittoria Organic Coffee Beans 500g,TRUE,8057330,32187
7627,Vittoria Organic Coffee Beans Organic 1kg,TRUE,2002095,781407
7628,Viva Double Length Paper Towels Double Length 120 Sheets 2 Pack,TRUE,2918256,721364
7629,Viva Fast Absorbing Paper Towel White 8 Pack 8 pack,TRUE,7489689,791822
7630,Viva Paper Towels 120 Sheets 2 Pack,TRUE,8053656,176852
7631,Viva Paper Towels 180 Sheets 3 Pack,TRUE,5048219,249921
7632,Viva Paper Towels White 360 Sheets 6 Pack,TRUE,3424251,573468
7633,Viva Select-a-size Paper Towels Paper Towels 4 Pack,TRUE,5221528,224587
7634,Vo5 Frizz Free Smoothing Cream 125ml,TRUE,1444633,610738
7635,Vo5 Hairspray Extra Hold 200g,TRUE,9277149,173977
7636,Vo5 Hairspray Firm Hold 200g,TRUE,9277127,173976
7637,Vo5 Plump Me Up Dry Shampoo 250ml,TRUE,1442751,960603
7638,Vo5 Refresh Me Quick Dry Shampoo 250ml,TRUE,1442762,431184
7639,Vo5 Style Wax Mega Hold Gel Tube 175ml,TRUE,9278630,174414
7640,Vo5 Styling Gel Tub Mega Hold 250g,TRUE,9277036,173963
7641,Vo5 Wet Look Styling Gel 175ml,TRUE,9278378,174416
7642,Vogel's Gut Health Muesli Clusters 400g,TRUE,4311283,165854
7643,Voltaren Emulgel No Mess Applicator 75g,TRUE,3414462,62904
7644,Voltaren Muscle And Back Pain Relief Emulgel 100g,TRUE,6432573,304714
7645,Voltaren Muscle And Back Pain Relief Emulgel 50g,TRUE,9683252,175703
7646,Voltaren Osteo Gel 12 Hourly Long Lasting Gel 100g,TRUE,3734576,82708
7647,Voost Effervescent Energy Tablets,TRUE,3279786,674967
7648,Voost Effervescent Energy Tablets 40 Pack,TRUE,3615103,58699
7649,Voost Effervescent Immunity Blackcurrent,TRUE,3898981,151870
7650,Voost Effervescent Iron Plus Tablets 10 Pack,TRUE,2900421,674976
7651,Voost Effervescent Magnesium Tablets,TRUE,3283794,674983
7652,Voost Effervescent Magnesium Tablets 40 Pack,TRUE,3615089,58869
7653,Voost Effervescent Multivitamin 40 Pack,TRUE,3474704,815573
7654,Voost Effervescent Multivitamin Tablets,TRUE,3758472,674972
7655,Voost Effervescent Vitamin B+ Performance,TRUE,3469704,814718
7656,Voost Effervescent Vitamin B+ Performance 40 Pack,TRUE,3469690,815326
7657,Voost Effervescent Vitamin C 40 Pack,TRUE,3474690,815572
7658,Voost Effervescent Vitamin C Tablets,TRUE,3279775,674971
7659,Voost Hydrate & Electrolyte Tablets Orange Flavour 20 Pack,TRUE,4232664,86477
7660,Voost Hydrate Electrolyte Tablets 20 Pack,TRUE,4232675,202979
7661,Voost Hydrate Orange + Electrolyte Effervescent Tablets 40 Pack,TRUE,6405184,270818
7662,Voost Plus Skin Hydration Rose Lemonade Effervescent Tablets 20 Pack,TRUE,6497310,300926
7663,Wai Wai Bihoon Rice Vermicelli 10x50g,TRUE,6161578,745435
7664,Wai Wai Rice Vermicelli 200g,TRUE,7186530,53333
7665,Walkers Shortbread Pure Butter,TRUE,3163657,343799
7666,Wallaby Bites Dark Chocolate Fruit Nut 150g,TRUE,8660659,709192
7667,Wallaby Chocolate Bites Orange Almond & Coconut 150g,TRUE,1477440,739954
7668,Wallaby Nutty Bites Vanilla 130g,TRUE,3243392,63694
7669,Wallaby Nutty Bites With Sea Salt 130g,TRUE,3892282,60938
7670,Want Want Ice Cream Bars Milk Flavour 500g,TRUE,6147078,121315
7671,Wart Off Stick Remover 5g,TRUE,3422686,206900
7672,Waterfords Mineral Water Apple Berry,TRUE,3047758,672554
7673,Waterfords Mineral Water Lemon Lime & Bitters,TRUE,3047769,672553
7674,Waterfords Mineral Water Tahitian Lime,TRUE,3047780,672555
7675,Wattie's Baked Beans In Tomato Sauce 420g,TRUE,5183134,629206
7676,Wattie's Spaghetti In Tomato Sauce 420g,TRUE,5183145,629207
7677,Waxworks Mosquito Repellent Coils 10 Pack,TRUE,8480340,889382
7678,Waxworks Sandalwood Mozzie Sticks With Citronella & Frangipani 12 Pack,TRUE,5578802,494117
7679,Waxworks Vintage Jar Citronella Candle,TRUE,7645682,338998
7680,Weet - Bix Bites Crunchy Honey Breakfast Cereal 510g,TRUE,9623884,319333
7681,Weet - Bix Bites Wild Berry Breakfast Cereal 500g,TRUE,4951398,319428
7682,Weet - Bix Breakfast Cereal 1.2kg,TRUE,9393015,200695
7683,Weet - Bix Breakfast Cereal 375g,TRUE,133117,33021
7684,Weet - Bix Breakfast Cereal 575g,TRUE,2001784,793114
7685,Weet - Bix Gluten Free Berry Flavour Crunch 400g,TRUE,7641160,557827
7686,Weet - Bix Gluten Free Breakfast Cereal 375g,TRUE,2001365,794875
7687,Weet - Bix Weet-bix Bites Apricot Breakfast Cereal 500g,TRUE,4951376,319430
7688,Weet - Bix Weet-bix Blends Cranberry & Coconut Breakfast Cereal 450g,TRUE,2715951,430466
7689,Weet - Bix Weet-bix Blends Multi-grain+ Breakfast Cereal 575g,TRUE,429612,245169
7690,Weet - Bix Weet-bix Cholesterol Lowering Breakfast Cereal 440g,TRUE,3049630,658537
7691,Weet - Bix Weet-bix Gluten Free Coconut & Cinnamon Breakfast Cereal,TRUE,2715962,476928
7692,Weet - Bix Weet-bix Honey & Golden Oats 450g,TRUE,5002998,199796
7693,Weet - Bix Weet-bix Little Kids Essentials Breakfast Cereal 400g,TRUE,4233292,142976
7694,Weet - Bix Weet-bix Organic Breakfast Cereal 750g,TRUE,4975895,246967
7695,Weight Watchers Chicken & Mushroom Fettuccine 300g,TRUE,8071046,141158
7696,Weight Watchers Classic Beef Bolognese Frozen Meal 320g,TRUE,3581533,694683
7697,Weight Watchers Classic Mushroom & Pumpkin Risotto Frozen Meal 320g,TRUE,3581544,694689
7698,Weight Watchers Creamy Tuna Bake Bowl 320g,TRUE,5006762,482773
7699,Weight Watchers Meals For Energy Teriyaki Chicken 320g,TRUE,7034157,291472
7700,Weis Fruito Passionfruit Pineapple & Banana Ice Cream & Fruit Bar 4 Pack,TRUE,424674,178950
7701,Weis Ice Cream & Fruit Bar Macadamia Mango Cream 70ml X 4 Pack,TRUE,4462755,224380
7702,Weis Ice Cream & Fruit Bar Mango & Cream 70ml X 4 Pack,TRUE,424685,178953
7703,Well Naturally Bar Milk 90g,TRUE,3899930,795482
7704,Well Naturally Bars Mint Chocolate Sugar Free 90g,TRUE,2509461,379293
7705,Well Naturally Milk Choc Almonds 80g,TRUE,6501224,151927
7706,Well Naturally No Sugar Added Choc Mint Crisp Bar 45g,TRUE,6652886,230586
7707,Well Naturally No Sugar Added Dark Chocolate Covered Almonds 80g,TRUE,6500968,149601
7708,Well Naturally No Sugar Added Milk Choc Bar 45g,TRUE,3899918,732369
7709,Well Naturally No Sugar Added Milk Choc Coconut 90g,TRUE,2900137,684194
7710,Werther's Original Chewy Toffees 135g,TRUE,9524408,460796
7711,Werther's Original Cream Candies Classic 140g,TRUE,9717773,203384
7712,Werther's Original Toffees 3 Pack,TRUE,7157033,82390
7713,Western Star Chef's Choice Unsalted Butter 250g,TRUE,190100,224659
7714,Western Star Original Butter Block 250g,TRUE,210590,48025
7715,Western Star Original Butter Block 500g,TRUE,210604,41287
7716,Western Star Original Spreadable 375g,TRUE,7716850,31727
7717,Western Star Original Spreadable 500g,TRUE,7716500,69756
7718,Western Star Soft 'n' Less Salt Spreadable 500g,TRUE,7716113,69759
7719,Western Star Spreadable Supersoft 375g,TRUE,9615263,199418
7720,Western Star Supersoft Spreadable 500g,TRUE,9615296,199420
7721,Western Star Unsalted Butter Chef's Choice 500g,TRUE,93760,712251
7722,Westgold Butter Salted 400g,TRUE,7075278,504592
7723,Westgold Butter Unsalted 400g,TRUE,7085056,504590
7724,Wet Ones Moist Wipes Be Fresh 80 Pack,TRUE,1276288,762108
7725,Wet Ones Moist Wipes Gentle 15 Pack,TRUE,8640039,701906
7726,White Glo Charcoal Deep Stain Remover Whitening Toothpaste 205g,TRUE,4847818,207784
7727,White Glo Overnight Treatment Whitening Strips,TRUE,5886520,277625
7728,White Glo Professional White Whitening Toothpaste 205g,TRUE,4847793,207247
7729,White Glo Teeth Whitening Kit Advanced Teeth Whitening Kit Each,TRUE,4847873,206811
7730,White Glo Teeth Whitening Kit Plus Teeth Whitening Kit Each,TRUE,4847862,198244
7731,White King Bathroom Power Gel Lemon 750ml,TRUE,4430908,224613
7732,White King Bleach Spray Lemon 500ml,TRUE,2107821,219896
7733,White King Bleach Standard 2.5l,TRUE,170339,44100
7734,White King Multipurpose Power Cleaner Lemon 1l,TRUE,4232595,235619
7735,White King Premium Bleach Lemon 2.5l,TRUE,170350,37801
7736,White King Toilet Gel With Added Stain Remover Eucalyptus 700ml,TRUE,2758728,166383
7737,White King Toilet Gel With Added Stain Remover Lavender 700ml,TRUE,6419382,166512
7738,White King Toilet Gel With Added Stain Remover Lemon 700ml,TRUE,6478483,166733
7739,White Seedless Grapes Bunch Each,TRUE,6706395,138801
7740,White Wings Banana Muffin 455g,TRUE,7714628,577127
7741,White Wings Brownie Mix Chocolate Chunk 475g,TRUE,7714592,325191
7742,White Wings Cake In A Cup Triple Choc Brownie 4 Pack,TRUE,2870070,575689
7743,White Wings Cheesecake Layer Mix,TRUE,4357954,141161
7744,White Wings Chocolate Mousse Mix 200g,TRUE,4357943,141729
7745,White Wings Cinnamon Scrolls With Glaze,TRUE,4963954,140879
7746,White Wings Cookies & Cream Mix,TRUE,4357921,141525
7747,White Wings Cornflour 300g,TRUE,7404813,293237
7748,White Wings Cupcake Mix Red Velvet 365g,TRUE,7714617,708688
7749,White Wings Cupcake Mix Vanilla 410g,TRUE,7714606,264038
7750,White Wings Gluten Free Plain Flour 500g,TRUE,8137836,142200
7751,White Wings Gluten Free Self Raising Flour 500g,TRUE,8137789,141350
7752,White Wings Pancake Mix Buttermilk 325g,TRUE,5084868,248148
7753,White Wings Pancake Mix Original Shaker 350g,TRUE,5596972,96730
7754,White Wings Parsons Vanilla Creamed Rice 98% Fat Free 430g,TRUE,4264547,220111
7755,White Wings Plain Flour 1kg,TRUE,119455,33064
7756,White Wings Plain Flour 2kg,TRUE,119466,39900
7757,White Wings Plain Flour Wholemeal 1kg,TRUE,4418899,228764
7758,White Wings Self Raising Flour 1kg,TRUE,119535,33078
7759,White Wings Self Raising Flour 2kg,TRUE,119546,33079
7760,White Wings Self Raising Flour Wholemeal 1kg,TRUE,4681996,228765
7761,White Wings Stuffing Mix Hamburger Helper 110g,TRUE,162862,33154
7762,White Wings Vanilla Cake Mix 510g,TRUE,5497573,454608
7763,Whittaker’s Caramelised White Chocolate Blondie Chocolate Block,TRUE,5390784,193770
7764,Whittaker’s Honey Nougat & Almond Creamy Milk Chocolate Bar 250g,TRUE,6327262,281492
7765,Whittaker's Block Coconut 33% Cocoa 250g,TRUE,6379233,266879
7766,Whittaker's Block Creamy Milk 33% Cocoa 250g,TRUE,5365459,266869
7767,Whittaker's Block Dark Almond 200g,TRUE,3763905,751346
7768,Whittaker's Block Dark Ghana 250g,TRUE,5365448,266980
7769,Whittaker's Block Hazelnut 200g,TRUE,5365437,751345
7770,Whittaker's Creamy Milk Hokey Pokey Crunch Chocolate Bar 250g,TRUE,4253697,155492
7771,Whittaker's Oat Milk Chocolate Block 250g,TRUE,5390467,225615
7772,Whittaker's Peanut Slab Milk Chocolate 50g,TRUE,5417461,71484
7773,Whole Earth Monk Fruit Sweetener Granules 200g,TRUE,3771878,108123
7774,Whole Earth Monk Fruit Ultimate Sugar Replacement 500g,TRUE,6578820,284071
7775,Whole Earth Raw Sugar Replacement 200g,TRUE,4827581,141705
7776,Whole Earth Stevia Sugar Replacement Super Valuepack 350g,TRUE,4827606,163996
7777,Wicked Sister High Protein Banana Pudding 170g,TRUE,4494060,169531
7778,Wicked Sister High Protein Chocolate Pudding 170g,TRUE,4494048,170475
7779,Wicked Sister High Protein Strawberry Pudding 170g,TRUE,5418770,244468
7780,Wicked Sister Rice Pudding No Added Sugar Madagascar Vanilla Bean 170g X 2 Pack 2 pack,TRUE,8693090,917981
7781,Wicked Sister Sundae Caramel Crunch,TRUE,4514815,243868
7782,Wicked Sister Vanilla Bean Creme Caramel 2x150g,TRUE,3835595,793015
7783,Wicked Sister Vanilla Bean Rice Pudding 2x170g,TRUE,2367389,793013
7784,Wildly Good Hommus Filled Falafel Bites Traditional,TRUE,5392509,237913
7785,Wildly Good Kale & Zucchini Veggie Fritter Bites,TRUE,8067468,112828
7786,Wildly Good Original Veggie Burgers,TRUE,4212000,152674
7787,Wildly Good Smoky Cauliflower Veggie Burgers,TRUE,3516167,65246
7788,Wildly Good Sweetcorn & Spring Onion Veggie Fritter Bites,TRUE,3767098,112826
7789,Willow Alpine Jug With Tap Blue 5 Litres Each,TRUE,7126540,800129
7790,Willow Medium Ice Brick 350ml Each,TRUE,7126561,954356
7791,Wiltshire 3 Stage Knife Sharpener,TRUE,4933567,923966
7792,Wiltshire Rose Gold Loaf Pan Each,TRUE,3996700,848421
7793,Wiltshire Rose Gold Round Pan Each,TRUE,4952379,848425
7794,Wiltshire Rose Gold Square Pan Each,TRUE,4933465,848424
7795,Wiltshire Staysharp Kitchen Scissors,TRUE,2621392,79746
7796,Windex Glass Cleaner Trigger 500ml,TRUE,110417,27210
7797,Windex Glass Cleaner Trigger Crystal Rain 500ml,TRUE,6294764,297323
7798,Windex Shower Cleaner Spray Trigger 750ml,TRUE,7831461,86753
7799,Windex Surface & Glass Wipes Wipes 28 Pack,TRUE,2459228,866809
7800,Winners Sports Nutrition Energy Gel Berry Burst 4pk 40g,TRUE,7593352,324912
7801,Winners Sports Nutrition Energy Gel Lemon & Lime 160g,TRUE,7593363,324911
7802,Wizz Fizz Sherbet Original,TRUE,5911887,261858
7803,Wolf Blass Zero Sauvignon Blanc 750ml,TRUE,5491817,182915
7804,Wolf Blass Zero Shiraz 750ml,TRUE,4788468,182985
7805,Woman's Day Super Puzzler Magazine Each,TRUE,5505999,255690
7806,Wonder Gluten Free Wholemeal Bread 500g,TRUE,5749723,237031
7807,Wonder Soft White Gluten Free 470g,TRUE,5749712,236078
7808,Wonder Wholemeal Mini Loaf 320g,TRUE,3860912,105613
7809,Wonka Rainbow Nerds Rainbow 141.7g,TRUE,2872916,780645
7810,Woodsman Skincare Spiced Cedar Body Wash 1l,TRUE,5856290,893909
7811,Woolworths Black Seedless Grapes Bunch,TRUE,6706282,855216
7812,Woolworths Fresh Sydney Rock Oysters 12 Pack,TRUE,1051572,99476
7813,Woolworths Microwave Popcorn Butter Flavoured 100g,TRUE,3952114,729278
7814,Woolworths Packham Pear 1kg Punnet,TRUE,9006662,310965
7815,Woolworths Red Cayenne Chilli (medium) Each,TRUE,8760314,136510
7816,Woolworths Red Watermelon Cut Quarter Each,TRUE,7508229,120384
7817,Wrigley's Extra Intense Mint Gum Sugarfree 64g,TRUE,4970224,203498
7818,Xxxx Zero Bottles 330ml X 6 Pack,TRUE,5174949,977426
7819,Yackandandah Lemon Curd 350g,TRUE,5102416,249189
7820,Yakult Probiotic Drink 10x65ml,TRUE,8133824,170740
7821,Yakult Probiotic Drink 5x65ml,TRUE,5484243,66313
7822,Yakult Probiotic Drink Light 5x65ml,TRUE,5543105,256106
7823,Yallamundi Farm Organic 12 Extra Large Free Range Eggs 700g,TRUE,5337624,140588
7824,Yarra Valley Camembert,TRUE,6435684,98976
7825,Yarra Valley Cheese Marinated Persian Fetta 350g,TRUE,2791280,640123
7826,Yarra Valley Cheese Salted Honey Cow 120g,TRUE,3052973,638913
7827,Yarra Valley Double Brie,TRUE,6435899,98018
7828,Yates Blitzem Garden Snail & Slug Pellets 500g,TRUE,5658184,352346
7829,Yates Garden Lawn Weeder 2l,TRUE,7119759,352348
7830,Yates Garden Weed N Feed 2l,TRUE,5445784,47606
7831,Yates Insect Spray Nature's Way All Purpose 750ml,TRUE,7119770,492044
7832,Yates Thrive Indoor Plants Liquid Plant Food 500ml,TRUE,7119511,801204
7833,Yellow Flesh Nectarines Each,TRUE,409808,143494
7834,Yog'n Oats Yoghurt Apple & Cinnamon 150g,TRUE,6615212,271471
7835,Yogo Choc Flavoured Custard Pouch 120g,TRUE,4357230,168072
7836,Yogo Choc Rock Custard Dessert 12x100g,TRUE,5740445,156293
7837,Yogo Chocolate With Choc Chip Custard Dessert 150g,TRUE,3996583,156294
7838,Yogo Chocolate With Mini M&m's Custard Dessert 150g,TRUE,8717348,156295
7839,Yoplait Classics Yoghurt 12x100g,TRUE,8877173,717672
7840,Yoplait Forme Zero Berry Harvest Yoghurts 6 Pack,TRUE,3619487,62933
7841,Yoplait Forme Zero Classics Yoghurt 6 Pack,TRUE,3619476,125900
7842,Yoplait Forme Zero French Vanilla Yoghurt 1kg,TRUE,9058101,297764
7843,Yoplait Forme Zero Strawberry Yoghurt 1kg,TRUE,9058087,297767
7844,Yoplait Le Rice Classic Vanilla,TRUE,5748855,205057
7845,Yoplait Mango Yoghurt 1kg,TRUE,5892512,253784
7846,Yoplait Mixed Berry Yogurt 1kg,TRUE,6613691,243212
7847,Yoplait Petit Miam Fruit Salad 70g,TRUE,6569217,312179
7848,Yoplait Petit Miam Kids Yoghurt Pouch Banana 70g,TRUE,6569240,312195
7849,Yoplait Petit Miam Kids Yoghurt Pouch Blueberry 70g,TRUE,8126057,374587
7850,Yoplait Petit Miam Kids Yoghurt Pouch Strawberry & Banana,TRUE,3830897,125177
7851,Yoplait Petit Miam Kids Yoghurt Pouch Strawberry 70g,TRUE,6569239,312191
7852,Yoplait Petit Miam Kids Yoghurt Pouch Vanilla & Apple,TRUE,3830875,124844
7853,Yoplait Petit Miam Kids Yoghurt Pouch Vanilla 70g,TRUE,2744734,955270
7854,Yoplait Petit Miam Mango Pouch 70g,TRUE,3536368,805964
7855,Yoplait Strawberry Yoghurt 1kg,TRUE,5586017,253791
7856,Yoplait Vanilla Yoghurt 1kg,TRUE,8716913,253798
7857,Yoplait Vanilla Yoghurts 6 Pack,TRUE,3619534,62968
7858,Yopro Danone High Protein Yoghurt No Added Sugar Banana 160g,TRUE,3246889,689557
7859,Yopro Danone High Protein Yoghurt No Added Sugar Mango,TRUE,3246856,646685
7860,Yopro Danone High Protein Yoghurt No Added Sugar Passionfruit,TRUE,3025041,648070
7861,Yopro Danone High Protein Yoghurt No Added Sugar Plain 700g,TRUE,3246925,686218
7862,Yopro Danone High Protein Yoghurt No Added Sugar Salted Caramel 160g,TRUE,3532298,83408
7863,Yopro Danone High Protein Yoghurt No Added Sugar Salted Caramel 700g,TRUE,4935052,204716
7864,Yopro Danone High Protein Yoghurt No Added Sugar Strawberry 160g,TRUE,2991880,646706
7865,Yopro Danone High Protein Yoghurt No Added Sugar Strawberry 700g,TRUE,3538818,686250
7866,Yopro Danone High Protein Yoghurt No Added Sugar Vanilla 160g,TRUE,2991948,646684
7867,Yopro Danone High Protein Yoghurt No Added Sugar Vanilla 700g,TRUE,3246914,867015
7868,Yopro High Protein Yoghurt Pouch No Added Sugar Banana 150g,TRUE,4346255,795064
7869,Yopro High Protein Yoghurt Pouch No Added Sugar Mango 150g,TRUE,5312306,794937
7870,Yopro High Protein Yoghurt Pouch No Added Sugar Mixed Berries 150g,TRUE,5312328,187003
7871,Yopro High Protein Yoghurt Pouch No Added Sugar Passionfruit 150g,TRUE,5312339,794967
7872,Yopro High Protein Yoghurt Pouch No Added Sugar Strawberry 150g,TRUE,4346244,794607
7873,Yopro High Protein Yoghurt Pouch No Added Sugar Vanilla 150g,TRUE,4346222,794731
7874,Yopro Perform High Protein Yoghurt Mango Passionfuit 175g,TRUE,4934901,167433
7875,Yopro Perform High Protein Yoghurt No Added Sugar Mixed Berries 175g,TRUE,4346277,167289
7876,Yopro Perform High Protein Yoghurt No Added Sugar Strawberry 175g,TRUE,4935008,205064
7877,Youjuice Getcha Greens 350ml,TRUE,5638449,157499
7878,Youjuice Golden Sunrise Juice 350ml,TRUE,6284137,387149
7879,Yumi's Avocado Dip 200g,TRUE,2007474,531709
7880,Yumi's Avocado With Sea Salt Dip 65g X3 Pack,TRUE,3776678,83803
7881,Yumi's Chilli & Lime Hommus 200g,TRUE,8949092,385979
7882,Yumi's Chipotle Hommus Dip 200g,TRUE,3039400,531850
7883,"Yumi's Choice Coriander, Chilli, Cashews & Lime",TRUE,6698490,286099
7884,"Yumi's Choice Guacamole, Spring Onion & Jalapeno Dip",TRUE,4376573,205511
7885,Yumi's Choice Rocket & Basil Pesto With Roasted Almonds Dip,TRUE,5942279,208803
7886,Yumi's Classic Veggie Burgers 220g,TRUE,5420310,239184
7887,Yumi's Creamed Spinach Dip 200g,TRUE,8670925,139812
7888,Yumi's Eggplant Mediterranean Dip 200g,TRUE,8670878,139881
7889,Yumi's Herb Falafel 200g,TRUE,6769170,398119
7890,Yumi's Italian Olive Dip 200g,TRUE,8670903,120737
7891,Yumi's Kalamata Olive Dip 200g,TRUE,7117447,326264
7892,Yumi's Mezze Dip Chargrilled Eggplant Sundried & Garlic 180g,TRUE,8949106,947211
7893,Yumi's Mezze Dip Sundried Tomato & Mixed Olive 180g,TRUE,8678803,947819
7894,Yumi's Mini Hommus 65g X3 Pack,TRUE,3039410,81500
7895,Yumi's Original Falafel Balls 225g,TRUE,7844306,345092
7896,Yumi's Pumpkin & Spinach Bites 225g,TRUE,2121990,153336
7897,Yumi's Roasted Beetroot Hommus Dip 200g,TRUE,6008640,531732
7898,Yumi's Roasted Capsicum & Cashew Dip 200g,TRUE,8563390,626243
7899,Yumi's Sesame Falafel Balls 225g,TRUE,7844317,706642
7900,Yumi's Sweet Potato & Cashews Dip 200g,TRUE,6008650,258854
7901,Yumi's Traditional Garlic Dip 200g,TRUE,8685445,85313
7902,Yumi's Traditional Middle Eastern Hommus 500g,TRUE,6733423,182017
7903,Yumi's Traditional Middle Eastern Hommus Dip 1kg,TRUE,7106189,339939
7904,Yumi's Traditional Middle Eastern Hommus Dip 200g,TRUE,8670914,323081
7905,Yumi's Tuna Mousse Dip 200g,TRUE,5686714,19673
7906,Yumi's Zucchini & Lentil Bites 225g,TRUE,2122010,531194
7907,Zafarelli Bucatini Pasta No 6 500g,TRUE,278211,9015
7908,Zafarelli Penne Rigati Pasta No 18 500g,TRUE,278164,9010
7909,Zafarelli Spaghetti No4 500g,TRUE,278255,9014
7910,Zak Designs Cutlery Set Bluey Each,TRUE,4265459,947202
7911,Zanetti Parmigiano Reggiano 200g,TRUE,3275661,324006
7912,Zanetti Pecorino Romano 200g,TRUE,3575938,406591
7913,Zappo Grape & Strawberry Flavoured Chews 4 Pack,TRUE,4332283,101182
7914,Zappo Sour Chews Grape & Strawberry 4 Pack 4 pack,TRUE,8485399,914521
7915,Zooper Dooper 8 Cosmic Flavours 24 Pack,TRUE,198393,21662
7916,Zooper Dooper Ice Blocks Sourz 24x70ml,TRUE,2744472,511124
7917,Zooper Dooper No Sugar 24 Pack,TRUE,3639098,180105
7918,Zovirax Cold Sore Cream 2g,TRUE,9326131,175808
7919,Zyrtec Rapid Acting Hayfever Allergy Relief Antihistamine Capsules 10 Pack,TRUE,3057864,662542
7920,Zyrtec Rapid Acting Hayfever Allergy Relief Antihistamine Tablets 10 Pack,TRUE,3057875,662547
